province,max_value,max_month,mean,sd,count_above_2sd,count_above_4sd
Jawa Tengah,9447.0,2024-07,886.71,1989.89,2.0,1.0
Jawa Barat,5245.0,2023-06,1329.47,1115.79,4.0,0.0
Banten,4151.0,2024-04,852.0,1041.48,2.0,0.0
DKI Jakarta,3741.0,2024-09,641.93,964.51,4.0,0.0
Riau,3132.0,2023-11,207.43,482.94,1.0,1.0
Kalimantan Timur,3067.0,2022-12,276.67,479.14,1.0,1.0
Jawa Timur,2324.0,2022-12,430.66,519.24,3.0,0.0
Sulawesi Tengah,1647.0,2024-05,162.84,355.58,2.0,1.0
Kalimantan Utara,1423.0,2023-09,85.43,245.94,1.0,1.0
Bangka Belitung,1373.0,2024-05,57.79,210.1,1.0,1.0
Sulawesi Selatan,1279.0,2025-10,161.21,248.42,2.0,1.0
Kalimantan Barat,1190.0,2025-02,124.91,270.24,3.0,0.0
Kalimantan Selatan,1156.0,2023-07,182.74,251.99,3.0,0.0
DI Yogyakarta,1050.0,2024-11,125.18,191.06,2.0,1.0
Sumatera Utara,931.0,2023-11,130.88,183.42,2.0,1.0
Bali,610.0,2022-11,37.23,95.31,1.0,1.0
Kepulauan Riau,590.0,2025-07,114.23,136.68,1.0,0.0
Sulawesi Tenggara,573.0,2024-08,71.4,102.48,1.0,1.0
Sumatera Selatan,467.0,2026-01,84.0,120.08,1.0,0.0
Sumatera Barat,397.0,2023-12,50.0,78.69,2.0,1.0
Nusa Tenggara Barat,375.0,2022-11,23.5,61.69,1.0,1.0
Kalimantan Tengah,339.0,2024-08,50.93,71.79,2.0,1.0
Gorontalo,302.0,2023-08,20.48,55.71,3.0,1.0
Jambi,258.0,2023-06,32.79,50.81,2.0,1.0
Maluku,211.0,2024-11,15.43,43.34,2.0,2.0
Bengkulu,203.0,2025-07,20.17,44.96,2.0,1.0
Aceh,154.0,2024-10,31.33,37.82,2.0,0.0
Papua Barat,124.0,2022-12,10.22,25.78,2.0,1.0
Lampung,118.0,2025-02,31.65,37.33,3.0,0.0
Maluku Utara,102.0,2023-08,7.15,17.53,2.0,1.0
Nusa Tenggara Timur,98.0,2023-12,8.98,16.91,1.0,1.0
Papua,76.0,2022-12,5.12,12.69,1.0,1.0
Sulawesi Utara,60.0,2025-05,15.81,18.85,1.0,0.0
Sulawesi Barat,33.0,2022-12,4.83,6.67,1.0,1.0
Papua Barat Daya,,,,,,
Papua Pegunungan,,,,,,
Papua Selatan,,,,,,
Papua Tengah,,,,,,
