source_dataset,source_file,source_sheet,original_column_name,final_column_name,domain,indicator_label_id,indicator_label_en,definition,geographic_level,frequency,unit,direction_risk,r_squared,transformation_rule,merge_key,include_in_master,clean_feature_file,unified_into,national_repeated,manual_review_required,notes
phk_dashboard,Data untuk PHK Dashboard.xlsx,Database (Bulan),Provinsi,province_name,identity,Provinsi,,manual_review_required,province,monthly,manual_review_required,,,,province_name_std + year + month,key,,,,yes,unit needs confirmation
phk_dashboard,Data untuk PHK Dashboard.xlsx,Database (Bulan),Tahun,year,identity,Tahun,,manual_review_required,province,monthly,manual_review_required,,,,province_name_std + year + month,key,,,,yes,unit needs confirmation
phk_dashboard,Data untuk PHK Dashboard.xlsx,Database (Bulan),Bulan,month,identity,Bulan,,manual_review_required,province,monthly,manual_review_required,,,,province_name_std + year + month,key,,,,yes,unit needs confirmation
phk_dashboard,Data untuk PHK Dashboard.xlsx,Database (Bulan),Periode,date,identity,Periode,,manual_review_required,province,monthly,manual_review_required,,,,province_name_std + year + month,key,,,,yes,unit needs confirmation
phk_dashboard,Data untuk PHK Dashboard.xlsx,Database (Bulan),PHK (Stock),phk_stock,phk,PHK (Stock),"Layoffs, cumulative stock",Cumulative reported layoffs to date in the period,province,monthly,manual_review_required,manual_review_required,,,province_name_std + year + month,yes,phk_monthly_features.csv,,,yes,unit needs confirmation
phk_dashboard,Data untuk PHK Dashboard.xlsx,Database (Bulan),PHK (Flow),phk_flow,phk,PHK (Flow),"Layoffs, period flow",New reported layoffs during the period,province,monthly,manual_review_required,manual_review_required,,,province_name_std + year + month,yes,phk_monthly_features.csv,,,yes,unit needs confirmation
phk_dashboard,Data untuk PHK Dashboard.xlsx,Database (Bulan),PMI Manufaktur S&P,macro_pmi_manuf_nat,macro,PMI Manufaktur S&P,Manufacturing PMI (S&P Global),"Purchasing Managers Index for manufacturing, national, above 50 signals expansion",national,monthly,manual_review_required,manual_review_required,,,province_name_std + year + month,no,national_monthly.csv,,yes,yes,unit needs confirmation
phk_dashboard,Data untuk PHK Dashboard.xlsx,Database (Bulan),IHK (2010=100),price_cpi_index,price,IHK (2010=100),Consumer Price Index (CPI),"Consumer price index, base 2010=100",province,monthly,index,manual_review_required,,,province_name_std + year + month,yes,phk_monthly_features.csv,,,no,
phk_dashboard,Data untuk PHK Dashboard.xlsx,Database (Bulan),Inflasi Bulanan (M-to-M),price_inflation_mom_pct,price,Inflasi Bulanan (M-to-M),"Inflation, month-on-month",Month-on-month change in the consumer price index,province,monthly,percent,manual_review_required,,,province_name_std + year + month,yes,phk_monthly_features.csv,,,no,
phk_dashboard,Data untuk PHK Dashboard.xlsx,Database (Bulan),Inflasi Tahunan (Y-on-Y),price_inflation_yoy_pct,price,Inflasi Tahunan (Y-on-Y),"Inflation, year-on-year",Year-on-year change in the consumer price index,province,monthly,percent,manual_review_required,,,province_name_std + year + month,yes,phk_monthly_features.csv,,,no,
phk_dashboard,Data untuk PHK Dashboard.xlsx,Database (Bulan),Perubahan Harga Konsumen,price_consumer_change_pct,price,Perubahan Harga Konsumen,,manual_review_required,province,monthly,percent,manual_review_required,,,province_name_std + year + month,yes,phk_monthly_features.csv,,,no,
phk_dashboard,Data untuk PHK Dashboard.xlsx,Database (Bulan),Nilai Ekspor,trade_export_value,trade,Nilai Ekspor,Export value,Value of provincial exports,province,monthly,manual_review_required,manual_review_required,,,province_name_std + year + month,yes,phk_monthly_features.csv,,,yes,unit needs confirmation
phk_dashboard,Data untuk PHK Dashboard.xlsx,Database (Bulan),Nilai Impor,trade_import_value,trade,Nilai Impor,Import value,Value of provincial imports,province,monthly,manual_review_required,manual_review_required,,,province_name_std + year + month,yes,phk_monthly_features.csv,,,yes,unit needs confirmation
phk_dashboard,Data untuk PHK Dashboard.xlsx,Database (Bulan),Neraca Perdagangan,trade_balance,trade,Neraca Perdagangan,Trade balance,Exports minus imports,province,monthly,manual_review_required,manual_review_required,,,province_name_std + year + month,yes,phk_monthly_features.csv,,,yes,unit needs confirmation
phk_dashboard,Data untuk PHK Dashboard.xlsx,Database (Bulan),NPL (IDR miliar),fin_npl_idr_billion,fin,NPL (IDR miliar),Non-performing loans,Value of non-performing loans,province,monthly,IDR billion,manual_review_required,,,province_name_std + year + month,yes,phk_monthly_features.csv,,,no,
phk_dashboard,Data untuk PHK Dashboard.xlsx,Database (Bulan),BI Rate,macro_bi_rate_pct_nat,macro,BI Rate,BI policy rate,"Bank Indonesia policy interest rate, national",national,monthly,percent,manual_review_required,,,province_name_std + year + month,no,national_monthly.csv,,yes,no,
phk_dashboard,Data untuk PHK Dashboard.xlsx,Database (Bulan),Kurs,macro_fx_idr_usd_nat,macro,Kurs,Exchange rate,"IDR per USD, national",national,monthly,IDR per USD,manual_review_required,,,province_name_std + year + month,no,national_monthly.csv,,yes,no,
phk_dashboard,Data untuk PHK Dashboard.xlsx,Database (Bulan),Harga Minyak Brent (USD/barrel),price_brent_usd_bbl_nat,price,Harga Minyak Brent (USD/barrel),Brent crude price,"Brent crude oil price, national reference",national,monthly,USD per barrel,manual_review_required,,,province_name_std + year + month,no,national_monthly.csv,,yes,no,
phk_dashboard,Data untuk PHK Dashboard.xlsx,Database (Bulan),IHPB,price_ihpb_nat,price,IHPB,Wholesale Price Index,"Wholesale price index (Indeks Harga Perdagangan Besar), national",national,monthly,manual_review_required,manual_review_required,,,province_name_std + year + month,no,national_monthly.csv,,yes,yes,unit needs confirmation
phk_dashboard,Data untuk PHK Dashboard.xlsx,Database (Triwulan),Provinsi,province_name,identity,Provinsi,,manual_review_required,province,quarterly,manual_review_required,,,,province_name_std + year + quarter,key,,,,yes,unit needs confirmation
phk_dashboard,Data untuk PHK Dashboard.xlsx,Database (Triwulan),Tahun,year,identity,Tahun,,manual_review_required,province,quarterly,manual_review_required,,,,province_name_std + year + quarter,key,,,,yes,unit needs confirmation
phk_dashboard,Data untuk PHK Dashboard.xlsx,Database (Triwulan),Triwulan,quarter,identity,Triwulan,,manual_review_required,province,quarterly,manual_review_required,,,,province_name_std + year + quarter,key,,,,yes,unit needs confirmation
phk_dashboard,Data untuk PHK Dashboard.xlsx,Database (Triwulan),Bulan,quarter_end_month_label,identity,Bulan,,manual_review_required,province,quarterly,manual_review_required,,,,province_name_std + year + quarter,key,,,,yes,unit needs confirmation
phk_dashboard,Data untuk PHK Dashboard.xlsx,Database (Triwulan),PHK (Stock),phk_stock_q,phk,PHK (Stock),"Layoffs, cumulative stock",Cumulative reported layoffs to date in the period,province,quarterly,manual_review_required,manual_review_required,,repeat quarterly value across 3 months (flag_quarterly_repeated_monthly),province_name_std + year + quarter,yes,phk_quarterly_features.csv,,,yes,unit needs confirmation
phk_dashboard,Data untuk PHK Dashboard.xlsx,Database (Triwulan),PHK (Flow),phk_flow_q,phk,PHK (Flow),"Layoffs, period flow",New reported layoffs during the period,province,quarterly,manual_review_required,manual_review_required,,repeat quarterly value across 3 months (flag_quarterly_repeated_monthly),province_name_std + year + quarter,yes,phk_quarterly_features.csv,,,yes,unit needs confirmation
phk_dashboard,Data untuk PHK Dashboard.xlsx,Database (Triwulan),PDRB (IDR mn),macro_pdrb_idr_million_q,macro,PDRB (IDR mn),Gross Regional Domestic Product,Provincial GRDP,province,quarterly,IDR million,manual_review_required,,repeat quarterly value across 3 months (flag_quarterly_repeated_monthly),province_name_std + year + quarter,yes,phk_quarterly_features.csv,,,no,
phk_dashboard,Data untuk PHK Dashboard.xlsx,Database (Triwulan),PDRB Manufaktur (IDR mn),macro_pdrb_manuf_idr_million_q,macro,PDRB Manufaktur (IDR mn),,manual_review_required,province,quarterly,IDR million,manual_review_required,,repeat quarterly value across 3 months (flag_quarterly_repeated_monthly),province_name_std + year + quarter,yes,phk_quarterly_features.csv,,,no,
phk_dashboard,Data untuk PHK Dashboard.xlsx,Database (Triwulan),PDRB Agrikultur (IDR mn),macro_pdrb_agri_idr_million_q,macro,PDRB Agrikultur (IDR mn),,manual_review_required,province,quarterly,IDR million,manual_review_required,,repeat quarterly value across 3 months (flag_quarterly_repeated_monthly),province_name_std + year + quarter,yes,phk_quarterly_features.csv,,,no,
phk_dashboard,Data untuk PHK Dashboard.xlsx,Database (Triwulan),PDRB Jasa,macro_pdrb_svc_idr_million_q,macro,PDRB Jasa,,manual_review_required,province,quarterly,IDR million,manual_review_required,,repeat quarterly value across 3 months (flag_quarterly_repeated_monthly),province_name_std + year + quarter,yes,phk_quarterly_features.csv,,,no,
phk_dashboard,Data untuk PHK Dashboard.xlsx,Database (Triwulan),Manufacturing Share (% PDRB),macro_pdrb_manuf_share_pct_q,macro,Manufacturing Share (% PDRB),,manual_review_required,province,quarterly,percent,manual_review_required,,repeat quarterly value across 3 months (flag_quarterly_repeated_monthly),province_name_std + year + quarter,yes,phk_quarterly_features.csv,,,no,
phk_dashboard,Data untuk PHK Dashboard.xlsx,Database (Triwulan),Agriculture Share (% PDRB),macro_pdrb_agri_share_pct_q,macro,Agriculture Share (% PDRB),,manual_review_required,province,quarterly,percent,manual_review_required,,repeat quarterly value across 3 months (flag_quarterly_repeated_monthly),province_name_std + year + quarter,yes,phk_quarterly_features.csv,,,no,
phk_dashboard,Data untuk PHK Dashboard.xlsx,Database (Triwulan),Services Share (% PDRB),macro_pdrb_svc_share_pct_q,macro,Services Share (% PDRB),,manual_review_required,province,quarterly,percent,manual_review_required,,repeat quarterly value across 3 months (flag_quarterly_repeated_monthly),province_name_std + year + quarter,yes,phk_quarterly_features.csv,,,no,
phk_dashboard,Data untuk PHK Dashboard.xlsx,Database (Triwulan),PMI Manufaktur,macro_pmi_manuf_nat_q,macro,PMI Manufaktur,,manual_review_required,national,quarterly,manual_review_required,manual_review_required,,,province_name_std + year + quarter,no,national_quarterly.csv,,yes,yes,unit needs confirmation
phk_dashboard,Data untuk PHK Dashboard.xlsx,Database (Triwulan),FDI (USD mn),fin_fdi_usd_million_q,fin,FDI (USD mn),,manual_review_required,province,quarterly,USD million,manual_review_required,,repeat quarterly value across 3 months (flag_quarterly_repeated_monthly),province_name_std + year + quarter,yes,phk_quarterly_features.csv,,,no,
phk_dashboard,Data untuk PHK Dashboard.xlsx,Database (Triwulan),FDI (IDR mn),fin_fdi_idr_million_q,fin,FDI (IDR mn),,manual_review_required,province,quarterly,IDR million,manual_review_required,,repeat quarterly value across 3 months (flag_quarterly_repeated_monthly),province_name_std + year + quarter,yes,phk_quarterly_features.csv,,,no,
phk_dashboard,Data untuk PHK Dashboard.xlsx,Database (Triwulan),Jumlah Penduduk Bekerja,lab_working_pop_q,lab,Jumlah Penduduk Bekerja,Number of employed persons,Count of working population,province,quarterly,count,+,0.44,repeat quarterly value across 3 months (flag_quarterly_repeated_monthly),province_name_std + year + quarter,yes,phk_quarterly_features.csv,,,no,
phk_dashboard,Data untuk PHK Dashboard.xlsx,Database (Triwulan),IHP (2016=100),price_producer_index_q,price,IHP (2016=100),,manual_review_required,province,quarterly,index,manual_review_required,,,province_name_std + year + quarter,no,national_quarterly.csv,,yes,no,
phk_dashboard,Data untuk PHK Dashboard.xlsx,Database (Triwulan),Perubahan Harga Produsen**,price_producer_change_pct_q,price,Perubahan Harga Produsen**,,manual_review_required,province,quarterly,percent,manual_review_required,,,province_name_std + year + quarter,no,national_quarterly.csv,,yes,no,
phk_dashboard,Data untuk PHK Dashboard.xlsx,Database (Triwulan),Perubahan Harga Produsen (CEIC),price_producer_ceic_pct_q,price,Perubahan Harga Produsen (CEIC),,manual_review_required,province,quarterly,percent,manual_review_required,,,province_name_std + year + quarter,no,national_quarterly.csv,,yes,no,
phk_dashboard,Data untuk PHK Dashboard.xlsx,Database (Triwulan),IHK (2010=100),price_cpi_index_q,price,IHK (2010=100),Consumer Price Index (CPI),"Consumer price index, base 2010=100",province,quarterly,index,manual_review_required,,repeat quarterly value across 3 months (flag_quarterly_repeated_monthly),province_name_std + year + quarter,yes,phk_quarterly_features.csv,,,no,
phk_dashboard,Data untuk PHK Dashboard.xlsx,Database (Triwulan),Perubahan Harga Konsumen,price_consumer_change_pct_q,price,Perubahan Harga Konsumen,,manual_review_required,province,quarterly,percent,manual_review_required,,repeat quarterly value across 3 months (flag_quarterly_repeated_monthly),province_name_std + year + quarter,yes,phk_quarterly_features.csv,,,no,
phk_dashboard,Data untuk PHK Dashboard.xlsx,Database (Triwulan),Nilai Ekspor (USD juta),trade_export_value_usd_million_q,trade,Nilai Ekspor (USD juta),,manual_review_required,province,quarterly,USD million,manual_review_required,,repeat quarterly value across 3 months (flag_quarterly_repeated_monthly),province_name_std + year + quarter,yes,phk_quarterly_features.csv,,,no,
phk_dashboard,Data untuk PHK Dashboard.xlsx,Database (Triwulan),Nilai Impor (USD juta),trade_import_value_usd_million_q,trade,Nilai Impor (USD juta),,manual_review_required,province,quarterly,USD million,manual_review_required,,repeat quarterly value across 3 months (flag_quarterly_repeated_monthly),province_name_std + year + quarter,yes,phk_quarterly_features.csv,,,no,
phk_dashboard,Data untuk PHK Dashboard.xlsx,Database (Triwulan),Neraca Perdagangan*,trade_balance_usd_million_q,trade,Neraca Perdagangan*,,manual_review_required,province,quarterly,USD million,manual_review_required,,repeat quarterly value across 3 months (flag_quarterly_repeated_monthly),province_name_std + year + quarter,yes,phk_quarterly_features.csv,,,no,
phk_dashboard,Data untuk PHK Dashboard.xlsx,Database (Triwulan),"NPL, End of Quarter (IDR miliar)",fin_npl_idr_billion_q,fin,"NPL, End of Quarter (IDR miliar)",,manual_review_required,province,quarterly,IDR billion,manual_review_required,,repeat quarterly value across 3 months (flag_quarterly_repeated_monthly),province_name_std + year + quarter,yes,phk_quarterly_features.csv,,,no,
phk_dashboard,Data untuk PHK Dashboard.xlsx,Database (Triwulan),BI Rate,macro_bi_rate_pct_nat_q,macro,BI Rate,BI policy rate,"Bank Indonesia policy interest rate, national",national,quarterly,percent,manual_review_required,,,province_name_std + year + quarter,no,national_quarterly.csv,,yes,no,
phk_dashboard,Data untuk PHK Dashboard.xlsx,Database (Triwulan),Kurs,macro_fx_idr_usd_nat_q,macro,Kurs,Exchange rate,"IDR per USD, national",national,quarterly,IDR per USD,manual_review_required,,,province_name_std + year + quarter,no,national_quarterly.csv,,yes,no,
phk_dashboard,Data untuk PHK Dashboard.xlsx,Database (Triwulan),IKK,macro_consumer_conf_q,macro,IKK,Consumer Confidence Index,Index of consumer confidence (empty in current data),province,quarterly,index,manual_review_required,,repeat quarterly value across 3 months (flag_quarterly_repeated_monthly),province_name_std + year + quarter,yes,phk_quarterly_features.csv,,,no,
phk_dashboard,Data untuk PHK Dashboard.xlsx,Database (Tahun),Provinsi,province_name,identity,Provinsi,,manual_review_required,province,annual,manual_review_required,,,,province_name_std + year,key,,,,yes,unit needs confirmation
phk_dashboard,Data untuk PHK Dashboard.xlsx,Database (Tahun),Tahun,year,identity,Tahun,,manual_review_required,province,annual,manual_review_required,,,,province_name_std + year,key,,,,yes,unit needs confirmation
phk_dashboard,Data untuk PHK Dashboard.xlsx,Database (Tahun),PHK,phk_y,phk,PHK,Layoffs (annual count),Number of reported layoffs (Pemutusan Hubungan Kerja) in the year,province,annual,manual_review_required,manual_review_required,,repeat annual value across 12 months (flag_annual_repeated_monthly),province_name_std + year,yes,phk_annual_features.csv,,,yes,unit needs confirmation
phk_dashboard,Data untuk PHK Dashboard.xlsx,Database (Tahun),% Pekerja Formal,lab_formal_share_pct_y,lab,% Pekerja Formal,Formal-sector worker share,Share of workers in formal employment,province,annual,percent,+,0.09,repeat annual value across 12 months (flag_annual_repeated_monthly),province_name_std + year,yes,phk_annual_features.csv,,,no,
phk_dashboard,Data untuk PHK Dashboard.xlsx,Database (Tahun),% Pekerja Formal (2019),lab_formal_share_2019_pct_y,lab,% Pekerja Formal (2019),,2019 baseline value,province,annual,percent,manual_review_required,,repeat annual value across 12 months (flag_annual_repeated_monthly),province_name_std + year,yes,phk_annual_features.csv,,,no,
phk_dashboard,Data untuk PHK Dashboard.xlsx,Database (Tahun),"% Pekerja Formal (Growth from 2019, pp)",lab_formal_share_chg_vs2019_y,lab,"% Pekerja Formal (Growth from 2019, pp)",,YoY growth or change of base indicator,province,annual,percentage points,manual_review_required,,repeat annual value across 12 months (flag_annual_repeated_monthly),province_name_std + year,yes,phk_annual_features.csv,,,no,
phk_dashboard,Data untuk PHK Dashboard.xlsx,Database (Tahun),Jumlah Pekerja Memiliki Kontrak Tertulis,lab_contract_workers_y,lab,Jumlah Pekerja Memiliki Kontrak Tertulis,,manual_review_required,province,annual,count,manual_review_required,,repeat annual value across 12 months (flag_annual_repeated_monthly),province_name_std + year,yes,phk_annual_features.csv,,,no,
phk_dashboard,Data untuk PHK Dashboard.xlsx,Database (Tahun),Jumlah Pekerja Formal,lab_formal_workers_y,lab,Jumlah Pekerja Formal,,manual_review_required,province,annual,count,manual_review_required,,repeat annual value across 12 months (flag_annual_repeated_monthly),province_name_std + year,yes,phk_annual_features.csv,,,no,
phk_dashboard,Data untuk PHK Dashboard.xlsx,Database (Tahun),% Pekerja Memiliki Kontrak Tertulis,lab_contract_share_pct_y,lab,% Pekerja Memiliki Kontrak Tertulis,,manual_review_required,province,annual,percent,manual_review_required,,repeat annual value across 12 months (flag_annual_repeated_monthly),province_name_std + year,yes,phk_annual_features.csv,,,no,
phk_dashboard,Data untuk PHK Dashboard.xlsx,Database (Tahun),% Pekerja Memiliki Kontrak Tertulis (2019),lab_contract_share_2019_pct_y,lab,% Pekerja Memiliki Kontrak Tertulis (2019),,2019 baseline value,province,annual,percent,manual_review_required,,repeat annual value across 12 months (flag_annual_repeated_monthly),province_name_std + year,yes,phk_annual_features.csv,,,no,
phk_dashboard,Data untuk PHK Dashboard.xlsx,Database (Tahun),"% Pekerja Memiliki Kontrak Tertulis (Growth from 2019, pp)",lab_contract_share_chg_vs2019_y,lab,"% Pekerja Memiliki Kontrak Tertulis (Growth from 2019, pp)",,YoY growth or change of base indicator,province,annual,percentage points,manual_review_required,,repeat annual value across 12 months (flag_annual_repeated_monthly),province_name_std + year,yes,phk_annual_features.csv,,,no,
phk_dashboard,Data untuk PHK Dashboard.xlsx,Database (Tahun),Jumlah Penduduk Bekerja,lab_working_pop_y,lab,Jumlah Penduduk Bekerja,Number of employed persons,Count of working population,province,annual,count,+,0.44,repeat annual value across 12 months (flag_annual_repeated_monthly),province_name_std + year,yes,phk_annual_features.csv,,,no,
phk_dashboard,Data untuk PHK Dashboard.xlsx,Database (Tahun),% TPT,lab_tpt_pct_y,lab,% TPT,Open unemployment rate (TPT),Share of the labor force that is unemployed and seeking work,province,annual,percent,+,0.15,repeat annual value across 12 months (flag_annual_repeated_monthly),province_name_std + year,yes,phk_annual_features.csv,,,no,UNIFIED: PHK where available + map_unemployment_y backfill for 2014-2021; lab_tpt_source flags origin per row
phk_dashboard,Data untuk PHK Dashboard.xlsx,Database (Tahun),% TPT Laki-laki,lab_tpt_male_pct_y,lab,% TPT Laki-laki,,manual_review_required,province,annual,percent,+,0.2,repeat annual value across 12 months (flag_annual_repeated_monthly),province_name_std + year,yes,phk_annual_features.csv,,,no,
phk_dashboard,Data untuk PHK Dashboard.xlsx,Database (Tahun),% TPT Perempuan,lab_tpt_female_pct_y,lab,% TPT Perempuan,,manual_review_required,province,annual,percent,+,0.04,repeat annual value across 12 months (flag_annual_repeated_monthly),province_name_std + year,yes,phk_annual_features.csv,,,no,
phk_dashboard,Data untuk PHK Dashboard.xlsx,Database (Tahun),% TPAK,lab_tpak_pct_y,lab,% TPAK,Labor force participation rate (TPAK),Labor force as a share of the working-age population,province,annual,percent,-,0.02,repeat annual value across 12 months (flag_annual_repeated_monthly),province_name_std + year,yes,phk_annual_features.csv,,,no,
phk_dashboard,Data untuk PHK Dashboard.xlsx,Database (Tahun),% TPAK Laki-laki,lab_tpak_male_pct_y,lab,% TPAK Laki-laki,,manual_review_required,province,annual,percent,-,,repeat annual value across 12 months (flag_annual_repeated_monthly),province_name_std + year,yes,phk_annual_features.csv,,,no,
phk_dashboard,Data untuk PHK Dashboard.xlsx,Database (Tahun),% TPAK Perempuan,lab_tpak_female_pct_y,lab,% TPAK Perempuan,,manual_review_required,province,annual,percent,-,0.02,repeat annual value across 12 months (flag_annual_repeated_monthly),province_name_std + year,yes,phk_annual_features.csv,,,no,
phk_dashboard,Data untuk PHK Dashboard.xlsx,Database (Tahun),Berusaha Sendiri,lab_self_employed_y,lab,Berusaha Sendiri,,manual_review_required,province,annual,count,+,0.46,repeat annual value across 12 months (flag_annual_repeated_monthly),province_name_std + year,yes,phk_annual_features.csv,,,no,
phk_dashboard,Data untuk PHK Dashboard.xlsx,Database (Tahun),Buruh/karyawan/pegawai,lab_employee_count_y,lab,Buruh/karyawan/pegawai,,manual_review_required,province,annual,count,+,0.53,repeat annual value across 12 months (flag_annual_repeated_monthly),province_name_std + year,yes,phk_annual_features.csv,,,no,
phk_dashboard,Data untuk PHK Dashboard.xlsx,Database (Tahun),Pekerja Keluarga Tidak Dibayar,lab_unpaid_family_y,lab,Pekerja Keluarga Tidak Dibayar,,manual_review_required,province,annual,count,+,0.27,repeat annual value across 12 months (flag_annual_repeated_monthly),province_name_std + year,yes,phk_annual_features.csv,,,no,
phk_dashboard,Data untuk PHK Dashboard.xlsx,Database (Tahun),Penduduk Bekerja Setengah Penganggur,lab_underemployed_workers_y,lab,Penduduk Bekerja Setengah Penganggur,,manual_review_required,province,annual,count,+,0.42,repeat annual value across 12 months (flag_annual_repeated_monthly),province_name_std + year,yes,phk_annual_features.csv,,,no,
phk_dashboard,Data untuk PHK Dashboard.xlsx,Database (Tahun),% Pekerja Penuh Waktu,lab_full_time_share_pct_y,lab,% Pekerja Penuh Waktu,,manual_review_required,province,annual,percent,manual_review_required,,repeat annual value across 12 months (flag_annual_repeated_monthly),province_name_std + year,yes,phk_annual_features.csv,,,no,
phk_dashboard,Data untuk PHK Dashboard.xlsx,Database (Tahun),% Pekerja Paruh Waktu,lab_part_time_share_pct_y,lab,% Pekerja Paruh Waktu,,manual_review_required,province,annual,percent,manual_review_required,,repeat annual value across 12 months (flag_annual_repeated_monthly),province_name_std + year,yes,phk_annual_features.csv,,,no,
phk_dashboard,Data untuk PHK Dashboard.xlsx,Database (Tahun),% Setengah Pengangguran,lab_underemp_share_pct_y,lab,% Setengah Pengangguran,,manual_review_required,province,annual,percent,-,0.05,repeat annual value across 12 months (flag_annual_repeated_monthly),province_name_std + year,yes,phk_annual_features.csv,,,no,
phk_dashboard,Data untuk PHK Dashboard.xlsx,Database (Tahun),"Tenaga Kerja - Pertanian, Kehutanan dan Perikanan",emp_agri_y,emp,"Tenaga Kerja - Pertanian, Kehutanan dan Perikanan",,employment count in the sector,province,annual,count,manual_review_required,,repeat annual value across 12 months (flag_annual_repeated_monthly),province_name_std + year,yes,phk_annual_features.csv,,,no,
phk_dashboard,Data untuk PHK Dashboard.xlsx,Database (Tahun),Tenaga Kerja - Pertambangan dan Penggalian,emp_mining_y,emp,Tenaga Kerja - Pertambangan dan Penggalian,,employment count in the sector,province,annual,count,manual_review_required,,repeat annual value across 12 months (flag_annual_repeated_monthly),province_name_std + year,yes,phk_annual_features.csv,,,no,
phk_dashboard,Data untuk PHK Dashboard.xlsx,Database (Tahun),Tenaga Kerja - Industri Pengolahan,emp_manuf_y,emp,Tenaga Kerja - Industri Pengolahan,,employment count in the sector,province,annual,count,manual_review_required,,repeat annual value across 12 months (flag_annual_repeated_monthly),province_name_std + year,yes,phk_annual_features.csv,,,no,
phk_dashboard,Data untuk PHK Dashboard.xlsx,Database (Tahun),Tenaga Kerja - Pengadaan Listrik dan Gas,emp_electricity_y,emp,Tenaga Kerja - Pengadaan Listrik dan Gas,,employment count in the sector,province,annual,count,manual_review_required,,repeat annual value across 12 months (flag_annual_repeated_monthly),province_name_std + year,yes,phk_annual_features.csv,,,no,
phk_dashboard,Data untuk PHK Dashboard.xlsx,Database (Tahun),"Tenaga Kerja - Pengadaan Air, Pengelolaan Sampah, Limbah dan Daur Ulang",emp_water_waste_y,emp,"Tenaga Kerja - Pengadaan Air, Pengelolaan Sampah, Limbah dan Daur Ulang",,employment count in the sector,province,annual,count,manual_review_required,,repeat annual value across 12 months (flag_annual_repeated_monthly),province_name_std + year,yes,phk_annual_features.csv,,,no,
phk_dashboard,Data untuk PHK Dashboard.xlsx,Database (Tahun),Tenaga Kerja - Konstruksi,emp_construction_y,emp,Tenaga Kerja - Konstruksi,,employment count in the sector,province,annual,count,manual_review_required,,repeat annual value across 12 months (flag_annual_repeated_monthly),province_name_std + year,yes,phk_annual_features.csv,,,no,
phk_dashboard,Data untuk PHK Dashboard.xlsx,Database (Tahun),"Tenaga Kerja - Perdagangan Besar dan Eceran, Reparasi Mobil dan Sepeda Motor",emp_trade_y,emp,"Tenaga Kerja - Perdagangan Besar dan Eceran, Reparasi Mobil dan Sepeda Motor",,employment count in the sector,province,annual,count,manual_review_required,,repeat annual value across 12 months (flag_annual_repeated_monthly),province_name_std + year,yes,phk_annual_features.csv,,,no,
phk_dashboard,Data untuk PHK Dashboard.xlsx,Database (Tahun),Tenaga Kerja - Transportasi dan Pergudangan,emp_transport_y,emp,Tenaga Kerja - Transportasi dan Pergudangan,,employment count in the sector,province,annual,count,manual_review_required,,repeat annual value across 12 months (flag_annual_repeated_monthly),province_name_std + year,yes,phk_annual_features.csv,,,no,
phk_dashboard,Data untuk PHK Dashboard.xlsx,Database (Tahun),Tenaga Kerja - Penyediaan Akomodasi dan Makan Minum,emp_accom_food_y,emp,Tenaga Kerja - Penyediaan Akomodasi dan Makan Minum,,employment count in the sector,province,annual,count,manual_review_required,,repeat annual value across 12 months (flag_annual_repeated_monthly),province_name_std + year,yes,phk_annual_features.csv,,,no,
phk_dashboard,Data untuk PHK Dashboard.xlsx,Database (Tahun),Tenaga Kerja - Informasi dan Komunikasi,emp_info_comm_y,emp,Tenaga Kerja - Informasi dan Komunikasi,,employment count in the sector,province,annual,count,manual_review_required,,repeat annual value across 12 months (flag_annual_repeated_monthly),province_name_std + year,yes,phk_annual_features.csv,,,no,
phk_dashboard,Data untuk PHK Dashboard.xlsx,Database (Tahun),Tenaga Kerja - Jasa Keuangan dan Asuransi,emp_finance_y,emp,Tenaga Kerja - Jasa Keuangan dan Asuransi,,employment count in the sector,province,annual,count,manual_review_required,,repeat annual value across 12 months (flag_annual_repeated_monthly),province_name_std + year,yes,phk_annual_features.csv,,,no,
phk_dashboard,Data untuk PHK Dashboard.xlsx,Database (Tahun),Tenaga Kerja - Real Estate,emp_real_estate_y,emp,Tenaga Kerja - Real Estate,,employment count in the sector,province,annual,count,manual_review_required,,repeat annual value across 12 months (flag_annual_repeated_monthly),province_name_std + year,yes,phk_annual_features.csv,,,no,
phk_dashboard,Data untuk PHK Dashboard.xlsx,Database (Tahun),Tenaga Kerja - Jasa Perusahaan,emp_business_svc_y,emp,Tenaga Kerja - Jasa Perusahaan,,employment count in the sector,province,annual,count,manual_review_required,,repeat annual value across 12 months (flag_annual_repeated_monthly),province_name_std + year,yes,phk_annual_features.csv,,,no,
phk_dashboard,Data untuk PHK Dashboard.xlsx,Database (Tahun),"Tenaga Kerja - Administrasi Pemerintahan, Pertahanan dan Jaminan Sosial Wajib",emp_public_admin_y,emp,"Tenaga Kerja - Administrasi Pemerintahan, Pertahanan dan Jaminan Sosial Wajib",,employment count in the sector,province,annual,count,manual_review_required,,repeat annual value across 12 months (flag_annual_repeated_monthly),province_name_std + year,yes,phk_annual_features.csv,,,no,
phk_dashboard,Data untuk PHK Dashboard.xlsx,Database (Tahun),Tenaga Kerja - Jasa Pendidikan,emp_education_y,emp,Tenaga Kerja - Jasa Pendidikan,,employment count in the sector,province,annual,count,manual_review_required,,repeat annual value across 12 months (flag_annual_repeated_monthly),province_name_std + year,yes,phk_annual_features.csv,,,no,
phk_dashboard,Data untuk PHK Dashboard.xlsx,Database (Tahun),Tenaga Kerja - Jasa Kesehatan dan Kegiatan Sosial,emp_health_y,emp,Tenaga Kerja - Jasa Kesehatan dan Kegiatan Sosial,,employment count in the sector,province,annual,count,manual_review_required,,repeat annual value across 12 months (flag_annual_repeated_monthly),province_name_std + year,yes,phk_annual_features.csv,,,no,
phk_dashboard,Data untuk PHK Dashboard.xlsx,Database (Tahun),Tenaga Kerja - Jasa Lainnya,emp_other_svc_y,emp,Tenaga Kerja - Jasa Lainnya,,employment count in the sector,province,annual,count,manual_review_required,,repeat annual value across 12 months (flag_annual_repeated_monthly),province_name_std + year,yes,phk_annual_features.csv,,,no,
phk_dashboard,Data untuk PHK Dashboard.xlsx,Database (Tahun),"% Share Tenaga Kerja - Pertanian, Kehutanan dan Perikanan",emp_share_agri_pct_y,emp_share,"% Share Tenaga Kerja - Pertanian, Kehutanan dan Perikanan",,"employment share of the sector (stored as fraction, verify)",province,annual,percent,manual_review_required,,repeat annual value across 12 months (flag_annual_repeated_monthly); unit x100 (harmonize to percent),province_name_std + year,yes,phk_annual_features.csv,,,no,UNIFIED: PHK where available + map_agri_y backfill for 2014-2021; emp_share_agri_source flags origin per row
phk_dashboard,Data untuk PHK Dashboard.xlsx,Database (Tahun),% Share Tenaga Kerja - Pertambangan dan Penggalian,emp_share_mining_pct_y,emp_share,% Share Tenaga Kerja - Pertambangan dan Penggalian,,"employment share of the sector (stored as fraction, verify)",province,annual,percent,manual_review_required,,repeat annual value across 12 months (flag_annual_repeated_monthly),province_name_std + year,yes,phk_annual_features.csv,,,no,
phk_dashboard,Data untuk PHK Dashboard.xlsx,Database (Tahun),% Share Tenaga Kerja - Industri Pengolahan,emp_share_manuf_pct_y,emp_share,% Share Tenaga Kerja - Industri Pengolahan,,"employment share of the sector (stored as fraction, verify)",province,annual,percent,manual_review_required,,repeat annual value across 12 months (flag_annual_repeated_monthly); unit x100 (harmonize to percent),province_name_std + year,yes,phk_annual_features.csv,,,no,UNIFIED: PHK where available + map_manuf_y backfill for 2014-2021; emp_share_manuf_source flags origin per row
phk_dashboard,Data untuk PHK Dashboard.xlsx,Database (Tahun),% Share Tenaga Kerja - Pengadaan Listrik dan Gas,emp_share_electricity_pct_y,emp_share,% Share Tenaga Kerja - Pengadaan Listrik dan Gas,,"employment share of the sector (stored as fraction, verify)",province,annual,percent,manual_review_required,,repeat annual value across 12 months (flag_annual_repeated_monthly),province_name_std + year,yes,phk_annual_features.csv,,,no,
phk_dashboard,Data untuk PHK Dashboard.xlsx,Database (Tahun),"% Share Tenaga Kerja - Pengadaan Air, Pengelolaan Sampah, Limbah dan Daur Ulang",emp_share_water_waste_pct_y,emp_share,"% Share Tenaga Kerja - Pengadaan Air, Pengelolaan Sampah, Limbah dan Daur Ulang",,"employment share of the sector (stored as fraction, verify)",province,annual,percent,manual_review_required,,repeat annual value across 12 months (flag_annual_repeated_monthly),province_name_std + year,yes,phk_annual_features.csv,,,no,
phk_dashboard,Data untuk PHK Dashboard.xlsx,Database (Tahun),% Share Tenaga Kerja - Konstruksi,emp_share_construction_pct_y,emp_share,% Share Tenaga Kerja - Konstruksi,,"employment share of the sector (stored as fraction, verify)",province,annual,percent,manual_review_required,,repeat annual value across 12 months (flag_annual_repeated_monthly),province_name_std + year,yes,phk_annual_features.csv,,,no,
phk_dashboard,Data untuk PHK Dashboard.xlsx,Database (Tahun),"% Share Tenaga Kerja - Perdagangan Besar dan Eceran, Reparasi Mobil dan Sepeda Motor",emp_share_trade_pct_y,emp_share,"% Share Tenaga Kerja - Perdagangan Besar dan Eceran, Reparasi Mobil dan Sepeda Motor",,"employment share of the sector (stored as fraction, verify)",province,annual,percent,manual_review_required,,repeat annual value across 12 months (flag_annual_repeated_monthly),province_name_std + year,yes,phk_annual_features.csv,,,no,
phk_dashboard,Data untuk PHK Dashboard.xlsx,Database (Tahun),% Share Tenaga Kerja - Transportasi dan Pergudangan,emp_share_transport_pct_y,emp_share,% Share Tenaga Kerja - Transportasi dan Pergudangan,,"employment share of the sector (stored as fraction, verify)",province,annual,percent,manual_review_required,,repeat annual value across 12 months (flag_annual_repeated_monthly),province_name_std + year,yes,phk_annual_features.csv,,,no,
phk_dashboard,Data untuk PHK Dashboard.xlsx,Database (Tahun),% Share Tenaga Kerja - Penyediaan Akomodasi dan Makan Minum,emp_share_accom_food_pct_y,emp_share,% Share Tenaga Kerja - Penyediaan Akomodasi dan Makan Minum,,"employment share of the sector (stored as fraction, verify)",province,annual,percent,manual_review_required,,repeat annual value across 12 months (flag_annual_repeated_monthly),province_name_std + year,yes,phk_annual_features.csv,,,no,
phk_dashboard,Data untuk PHK Dashboard.xlsx,Database (Tahun),% Share Tenaga Kerja - Informasi dan Komunikasi,emp_share_info_comm_pct_y,emp_share,% Share Tenaga Kerja - Informasi dan Komunikasi,,"employment share of the sector (stored as fraction, verify)",province,annual,percent,manual_review_required,,repeat annual value across 12 months (flag_annual_repeated_monthly),province_name_std + year,yes,phk_annual_features.csv,,,no,
phk_dashboard,Data untuk PHK Dashboard.xlsx,Database (Tahun),% Share Tenaga Kerja - Jasa Keuangan dan Asuransi,emp_share_finance_pct_y,emp_share,% Share Tenaga Kerja - Jasa Keuangan dan Asuransi,,"employment share of the sector (stored as fraction, verify)",province,annual,percent,manual_review_required,,repeat annual value across 12 months (flag_annual_repeated_monthly),province_name_std + year,yes,phk_annual_features.csv,,,no,
phk_dashboard,Data untuk PHK Dashboard.xlsx,Database (Tahun),% Share Tenaga Kerja - Real Estate,emp_share_real_estate_pct_y,emp_share,% Share Tenaga Kerja - Real Estate,,"employment share of the sector (stored as fraction, verify)",province,annual,percent,manual_review_required,,repeat annual value across 12 months (flag_annual_repeated_monthly),province_name_std + year,yes,phk_annual_features.csv,,,no,
phk_dashboard,Data untuk PHK Dashboard.xlsx,Database (Tahun),% Share Tenaga Kerja - Jasa Perusahaan,emp_share_business_svc_pct_y,emp_share,% Share Tenaga Kerja - Jasa Perusahaan,,"employment share of the sector (stored as fraction, verify)",province,annual,percent,manual_review_required,,repeat annual value across 12 months (flag_annual_repeated_monthly),province_name_std + year,yes,phk_annual_features.csv,,,no,
phk_dashboard,Data untuk PHK Dashboard.xlsx,Database (Tahun),"% Share Tenaga Kerja - Administrasi Pemerintahan, Pertahanan dan Jaminan Sosial Wajib",emp_share_public_admin_pct_y,emp_share,"% Share Tenaga Kerja - Administrasi Pemerintahan, Pertahanan dan Jaminan Sosial Wajib",,"employment share of the sector (stored as fraction, verify)",province,annual,percent,manual_review_required,,repeat annual value across 12 months (flag_annual_repeated_monthly),province_name_std + year,yes,phk_annual_features.csv,,,no,
phk_dashboard,Data untuk PHK Dashboard.xlsx,Database (Tahun),% Share Tenaga Kerja - Jasa Pendidikan,emp_share_education_pct_y,emp_share,% Share Tenaga Kerja - Jasa Pendidikan,,"employment share of the sector (stored as fraction, verify)",province,annual,percent,manual_review_required,,repeat annual value across 12 months (flag_annual_repeated_monthly),province_name_std + year,yes,phk_annual_features.csv,,,no,
phk_dashboard,Data untuk PHK Dashboard.xlsx,Database (Tahun),% Share Tenaga Kerja - Jasa Kesehatan dan Kegiatan Sosial,emp_share_health_pct_y,emp_share,% Share Tenaga Kerja - Jasa Kesehatan dan Kegiatan Sosial,,"employment share of the sector (stored as fraction, verify)",province,annual,percent,manual_review_required,,repeat annual value across 12 months (flag_annual_repeated_monthly),province_name_std + year,yes,phk_annual_features.csv,,,no,
phk_dashboard,Data untuk PHK Dashboard.xlsx,Database (Tahun),% Share Tenaga Kerja - Jasa Lainnya,emp_share_other_svc_pct_y,emp_share,% Share Tenaga Kerja - Jasa Lainnya,,"employment share of the sector (stored as fraction, verify)",province,annual,percent,manual_review_required,,repeat annual value across 12 months (flag_annual_repeated_monthly),province_name_std + year,yes,phk_annual_features.csv,,,no,
phk_dashboard,Data untuk PHK Dashboard.xlsx,Database (Tahun),Jam Kerja,lab_working_hours_y,lab,Jam Kerja,,manual_review_required,province,annual,count,+,0.11,repeat annual value across 12 months (flag_annual_repeated_monthly),province_name_std + year,yes,phk_annual_features.csv,,,no,
phk_dashboard,Data untuk PHK Dashboard.xlsx,Database (Tahun),UMP (IDR),wage_ump_idr_y,wage,UMP (IDR),Provincial minimum wage (UMP),"Provincial minimum wage, stored in thousand IDR in this sheet",province,annual,IDR,-,0.01,repeat annual value across 12 months (flag_annual_repeated_monthly); unit x1000 (harmonize to IDR),province_name_std + year,yes,phk_annual_features.csv,,,no,UNIFIED: PHK where available + map_minimum_wage_y backfill for 2014-2021; wage_ump_source flags origin per row
phk_dashboard,Data untuk PHK Dashboard.xlsx,Database (Tahun),Growth UMP,wage_ump_growth_pct_y,wage,Growth UMP,UMP growth,YoY growth or change of base indicator,province,annual,percent,+,0.01,repeat annual value across 12 months (flag_annual_repeated_monthly),province_name_std + year,yes,phk_annual_features.csv,,,no,
phk_dashboard,Data untuk PHK Dashboard.xlsx,Database (Tahun),Upah buruh/karyawan/pegawai (IDR),wage_avg_employee_idr_y,wage,Upah buruh/karyawan/pegawai (IDR),,manual_review_required,province,annual,IDR,+,0.11,repeat annual value across 12 months (flag_annual_repeated_monthly),province_name_std + year,yes,phk_annual_features.csv,,,no,
phk_dashboard,Data untuk PHK Dashboard.xlsx,Database (Tahun),Kaitz Index,wage_kaitz_index_y,wage,Kaitz Index,Kaitz index,Ratio of minimum wage to average or median wage,province,annual,index,-,0.21,repeat annual value across 12 months (flag_annual_repeated_monthly),province_name_std + year,yes,phk_annual_features.csv,,,no,
phk_dashboard,Data untuk PHK Dashboard.xlsx,Database (Tahun),Proporsi Lapangan Kerja Informal Sektor Non-Pertanian,lab_nonagri_informal_share_pct_y,lab,Proporsi Lapangan Kerja Informal Sektor Non-Pertanian,,manual_review_required,province,annual,percent,-,0.02,repeat annual value across 12 months (flag_annual_repeated_monthly),province_name_std + year,yes,phk_annual_features.csv,,,no,
phk_dashboard,Data untuk PHK Dashboard.xlsx,Database (Tahun),Proporsi Lapangan Kerja Informal,lab_informal_share_pct_y,lab,Proporsi Lapangan Kerja Informal,Informal employment share,Share of employment that is informal,province,annual,percent,-,0.07,repeat annual value across 12 months (flag_annual_repeated_monthly),province_name_std + year,yes,phk_annual_features.csv,,,no,UNIFIED: PHK where available + map_informal_y backfill for 2014-2021; lab_informal_source flags origin per row
phk_dashboard,Data untuk PHK Dashboard.xlsx,Database (Tahun),Pencari Kerja Terdaftar - Jumlah,lab_job_seekers_y,lab,Pencari Kerja Terdaftar - Jumlah,,manual_review_required,province,annual,count,+,0.5,repeat annual value across 12 months (flag_annual_repeated_monthly),province_name_std + year,yes,phk_annual_features.csv,,,no,
phk_dashboard,Data untuk PHK Dashboard.xlsx,Database (Tahun),Lowongan Kerja Terdaftar - Jumlah,lab_vacancies_registered_y,lab,Lowongan Kerja Terdaftar - Jumlah,,manual_review_required,province,annual,count,+,0.45,repeat annual value across 12 months (flag_annual_repeated_monthly),province_name_std + year,yes,phk_annual_features.csv,,,no,
phk_dashboard,Data untuk PHK Dashboard.xlsx,Database (Tahun),Penempatan/Pemenuhan Tenaga Kerja - Jumlah,lab_placements_registered_y,lab,Penempatan/Pemenuhan Tenaga Kerja - Jumlah,,manual_review_required,province,annual,count,+,0.58,repeat annual value across 12 months (flag_annual_repeated_monthly),province_name_std + year,yes,phk_annual_features.csv,,,no,
phk_dashboard,Data untuk PHK Dashboard.xlsx,Database (Tahun),BPJSTK - Peserta Aktif PU,bpjstk_active_pu_y,bpjstk,BPJSTK - Peserta Aktif PU,,manual_review_required,province,annual,count,+,0.57,repeat annual value across 12 months (flag_annual_repeated_monthly),province_name_std + year,yes,phk_annual_features.csv,,,no,
phk_dashboard,Data untuk PHK Dashboard.xlsx,Database (Tahun),BPJSTK - Peserta Aktif BPU,bpjstk_active_bpu_y,bpjstk,BPJSTK - Peserta Aktif BPU,,manual_review_required,province,annual,count,+,0.59,repeat annual value across 12 months (flag_annual_repeated_monthly),province_name_std + year,yes,phk_annual_features.csv,,,no,
phk_dashboard,Data untuk PHK Dashboard.xlsx,Database (Tahun),BPJSTK - PHK,bpjstk_phk_y,bpjstk,BPJSTK - PHK,,manual_review_required,province,annual,count,+,0.61,repeat annual value across 12 months (flag_annual_repeated_monthly),province_name_std + year,yes,phk_annual_features.csv,,,no,
phk_dashboard,Data untuk PHK Dashboard.xlsx,Database (Tahun),BPJSTK - JHT PHK,bpjstk_jht_phk_y,bpjstk,BPJSTK - JHT PHK,,manual_review_required,province,annual,count,+,0.17,repeat annual value across 12 months (flag_annual_repeated_monthly),province_name_std + year,yes,phk_annual_features.csv,,,no,
phk_dashboard,Data untuk PHK Dashboard.xlsx,Database (Tahun),BPJSTK - JKP PHK,bpjstk_jkp_phk_y,bpjstk,BPJSTK - JKP PHK,,manual_review_required,province,annual,count,+,0.81,repeat annual value across 12 months (flag_annual_repeated_monthly),province_name_std + year,yes,phk_annual_features.csv,,,no,
phk_dashboard,Data untuk PHK Dashboard.xlsx,Database (Tahun),Pertumbuhan Bekerja,growth_lab_working_pop_y,growth,Pertumbuhan Bekerja,,YoY growth or change of base indicator,province,annual,manual_review_required,manual_review_required,,repeat annual value across 12 months (flag_annual_repeated_monthly),province_name_std + year,yes,phk_annual_features.csv,,,yes,unit needs confirmation
phk_dashboard,Data untuk PHK Dashboard.xlsx,Database (Tahun),Pertumbuhan Buruh/Karyawan/Pegawai,growth_lab_employee_count_y,growth,Pertumbuhan Buruh/Karyawan/Pegawai,,YoY growth or change of base indicator,province,annual,manual_review_required,manual_review_required,,repeat annual value across 12 months (flag_annual_repeated_monthly),province_name_std + year,yes,phk_annual_features.csv,,,yes,unit needs confirmation
phk_dashboard,Data untuk PHK Dashboard.xlsx,Database (Tahun),Pertumbuhan Pekerja Keluarga Tidak Dibayar,growth_lab_unpaid_family_y,growth,Pertumbuhan Pekerja Keluarga Tidak Dibayar,,YoY growth or change of base indicator,province,annual,manual_review_required,manual_review_required,,repeat annual value across 12 months (flag_annual_repeated_monthly),province_name_std + year,yes,phk_annual_features.csv,,,yes,unit needs confirmation
phk_dashboard,Data untuk PHK Dashboard.xlsx,Database (Tahun),Pertumbuhan % Pekerja Formal,growth_lab_formal_share_pct_y,growth,Pertumbuhan % Pekerja Formal,,YoY growth or change of base indicator,province,annual,percent,manual_review_required,,repeat annual value across 12 months (flag_annual_repeated_monthly),province_name_std + year,yes,phk_annual_features.csv,,,no,
phk_dashboard,Data untuk PHK Dashboard.xlsx,Database (Tahun),Pertumbuhan % Pekerja Memiliki Kontrak Tertulis,growth_lab_contract_share_pct_y,growth,Pertumbuhan % Pekerja Memiliki Kontrak Tertulis,,YoY growth or change of base indicator,province,annual,percent,manual_review_required,,repeat annual value across 12 months (flag_annual_repeated_monthly),province_name_std + year,yes,phk_annual_features.csv,,,no,
phk_dashboard,Data untuk PHK Dashboard.xlsx,Database (Tahun),Pertumbuhan % Pekerja Penuh Waktu,growth_lab_full_time_share_pct_y,growth,Pertumbuhan % Pekerja Penuh Waktu,,YoY growth or change of base indicator,province,annual,percent,manual_review_required,,repeat annual value across 12 months (flag_annual_repeated_monthly),province_name_std + year,yes,phk_annual_features.csv,,,no,
phk_dashboard,Data untuk PHK Dashboard.xlsx,Database (Tahun),Pertumbuhan % Pekerja Paruh Waktu,growth_lab_part_time_share_pct_y,growth,Pertumbuhan % Pekerja Paruh Waktu,,YoY growth or change of base indicator,province,annual,percent,manual_review_required,,repeat annual value across 12 months (flag_annual_repeated_monthly),province_name_std + year,yes,phk_annual_features.csv,,,no,
phk_dashboard,Data untuk PHK Dashboard.xlsx,Database (Tahun),Pertumbuhan % Setengah Pengangguran,growth_lab_underemp_share_pct_y,growth,Pertumbuhan % Setengah Pengangguran,,YoY growth or change of base indicator,province,annual,percent,manual_review_required,,repeat annual value across 12 months (flag_annual_repeated_monthly),province_name_std + year,yes,phk_annual_features.csv,,,no,
phk_dashboard,Data untuk PHK Dashboard.xlsx,Database (Tahun),Pertumbuhan Jam Kerja,growth_lab_working_hours_y,growth,Pertumbuhan Jam Kerja,,YoY growth or change of base indicator,province,annual,manual_review_required,manual_review_required,,repeat annual value across 12 months (flag_annual_repeated_monthly),province_name_std + year,yes,phk_annual_features.csv,,,yes,unit needs confirmation
phk_dashboard,Data untuk PHK Dashboard.xlsx,Database (Tahun),Pertumbuhan TPT,growth_lab_tpt_pct_y,growth,Pertumbuhan TPT,,YoY growth or change of base indicator,province,annual,percent,manual_review_required,,repeat annual value across 12 months (flag_annual_repeated_monthly),province_name_std + year,yes,phk_annual_features.csv,,,no,
phk_dashboard,Data untuk PHK Dashboard.xlsx,Database (Tahun),Pertumbuhan TPT Laki-laki,growth_lab_tpt_male_pct_y,growth,Pertumbuhan TPT Laki-laki,,YoY growth or change of base indicator,province,annual,percent,manual_review_required,,repeat annual value across 12 months (flag_annual_repeated_monthly),province_name_std + year,yes,phk_annual_features.csv,,,no,
phk_dashboard,Data untuk PHK Dashboard.xlsx,Database (Tahun),Pertumbuhan TPT Perempuan,growth_lab_tpt_female_pct_y,growth,Pertumbuhan TPT Perempuan,,YoY growth or change of base indicator,province,annual,percent,manual_review_required,,repeat annual value across 12 months (flag_annual_repeated_monthly),province_name_std + year,yes,phk_annual_features.csv,,,no,
phk_dashboard,Data untuk PHK Dashboard.xlsx,Database (Tahun),Pertumbuhan TPAK,growth_lab_tpak_pct_y,growth,Pertumbuhan TPAK,,YoY growth or change of base indicator,province,annual,percent,manual_review_required,,repeat annual value across 12 months (flag_annual_repeated_monthly),province_name_std + year,yes,phk_annual_features.csv,,,no,
phk_dashboard,Data untuk PHK Dashboard.xlsx,Database (Tahun),Pertumbuhan TPAK Laki-laki,growth_lab_tpak_male_pct_y,growth,Pertumbuhan TPAK Laki-laki,,YoY growth or change of base indicator,province,annual,percent,manual_review_required,,repeat annual value across 12 months (flag_annual_repeated_monthly),province_name_std + year,yes,phk_annual_features.csv,,,no,
phk_dashboard,Data untuk PHK Dashboard.xlsx,Database (Tahun),Pertumbuhan TPAK Perempuan,growth_lab_tpak_female_pct_y,growth,Pertumbuhan TPAK Perempuan,,YoY growth or change of base indicator,province,annual,percent,manual_review_required,,repeat annual value across 12 months (flag_annual_repeated_monthly),province_name_std + year,yes,phk_annual_features.csv,,,no,
phk_dashboard,Data untuk PHK Dashboard.xlsx,Database (Tahun),Pertumbuhan Upah,growth_wage_avg_employee_y,growth,Pertumbuhan Upah,,YoY growth or change of base indicator,province,annual,manual_review_required,manual_review_required,,repeat annual value across 12 months (flag_annual_repeated_monthly),province_name_std + year,yes,phk_annual_features.csv,,,yes,unit needs confirmation
phk_dashboard,Data untuk PHK Dashboard.xlsx,Database (Tahun),Pertumbuhan BPJSTK - Peserta Aktif PU,growth_bpjstk_active_pu_y,growth,Pertumbuhan BPJSTK - Peserta Aktif PU,,YoY growth or change of base indicator,province,annual,manual_review_required,manual_review_required,,repeat annual value across 12 months (flag_annual_repeated_monthly),province_name_std + year,yes,phk_annual_features.csv,,,yes,unit needs confirmation
phk_dashboard,Data untuk PHK Dashboard.xlsx,Database (Tahun),Pertumbuhan BPJSTK - Peserta Aktif BPU,growth_bpjstk_active_bpu_y,growth,Pertumbuhan BPJSTK - Peserta Aktif BPU,,YoY growth or change of base indicator,province,annual,manual_review_required,manual_review_required,,repeat annual value across 12 months (flag_annual_repeated_monthly),province_name_std + year,yes,phk_annual_features.csv,,,yes,unit needs confirmation
phk_dashboard,Data untuk PHK Dashboard.xlsx,Database (Tahun),Pertumbuhan BPJSTK - PHK,growth_bpjstk_phk_y,growth,Pertumbuhan BPJSTK - PHK,,YoY growth or change of base indicator,province,annual,manual_review_required,manual_review_required,,repeat annual value across 12 months (flag_annual_repeated_monthly),province_name_std + year,yes,phk_annual_features.csv,,,yes,unit needs confirmation
phk_dashboard,Data untuk PHK Dashboard.xlsx,Database (Tahun),Pertumbuhan BPJSTK - JHT PHK,growth_bpjstk_jht_phk_y,growth,Pertumbuhan BPJSTK - JHT PHK,,YoY growth or change of base indicator,province,annual,manual_review_required,manual_review_required,,repeat annual value across 12 months (flag_annual_repeated_monthly),province_name_std + year,yes,phk_annual_features.csv,,,yes,unit needs confirmation
phk_dashboard,Data untuk PHK Dashboard.xlsx,Database (Tahun),Pertumbuhan BPJSTK - JKP PHK,growth_bpjstk_jkp_phk_y,growth,Pertumbuhan BPJSTK - JKP PHK,,YoY growth or change of base indicator,province,annual,manual_review_required,manual_review_required,,repeat annual value across 12 months (flag_annual_repeated_monthly),province_name_std + year,yes,phk_annual_features.csv,,,yes,unit needs confirmation
phk_dashboard,Data untuk PHK Dashboard.xlsx,Database (Tahun),Lag_1 PHK,lag1_phk_y,lag,Lag_1 PHK,,1-year lag of base indicator,province,annual,manual_review_required,manual_review_required,,repeat annual value across 12 months (flag_annual_repeated_monthly),province_name_std + year,yes,phk_annual_features.csv,,,yes,unit needs confirmation
phk_dashboard,Data untuk PHK Dashboard.xlsx,Database (Tahun),Lag_1 % Pekerja Formal,lag1_lab_formal_share_pct_y,lag,Lag_1 % Pekerja Formal,,1-year lag of base indicator,province,annual,percent,manual_review_required,,repeat annual value across 12 months (flag_annual_repeated_monthly),province_name_std + year,yes,phk_annual_features.csv,,,no,
phk_dashboard,Data untuk PHK Dashboard.xlsx,Database (Tahun),Lag_1 % Pekerja Memiliki Kontrak Tertulis,lag1_lab_contract_share_pct_y,lag,Lag_1 % Pekerja Memiliki Kontrak Tertulis,,1-year lag of base indicator,province,annual,percent,manual_review_required,,repeat annual value across 12 months (flag_annual_repeated_monthly),province_name_std + year,yes,phk_annual_features.csv,,,no,
phk_dashboard,Data untuk PHK Dashboard.xlsx,Database (Tahun),Lag_1 Growth UMP,lag1_wage_ump_growth_pct_y,lag,Lag_1 Growth UMP,,1-year lag of base indicator,province,annual,percent,manual_review_required,,repeat annual value across 12 months (flag_annual_repeated_monthly),province_name_std + year,yes,phk_annual_features.csv,,,no,
phk_dashboard,Data untuk PHK Dashboard.xlsx,Database (Tahun),Lag_1 BPJSTK - Peserta Aktif PU,lag1_bpjstk_active_pu_y,lag,Lag_1 BPJSTK - Peserta Aktif PU,,1-year lag of base indicator,province,annual,manual_review_required,manual_review_required,,repeat annual value across 12 months (flag_annual_repeated_monthly),province_name_std + year,yes,phk_annual_features.csv,,,yes,unit needs confirmation
phk_dashboard,Data untuk PHK Dashboard.xlsx,Database (Tahun),Lag_1 BPJSTK - Peserta Aktif BPU,lag1_bpjstk_active_bpu_y,lag,Lag_1 BPJSTK - Peserta Aktif BPU,,1-year lag of base indicator,province,annual,manual_review_required,manual_review_required,,repeat annual value across 12 months (flag_annual_repeated_monthly),province_name_std + year,yes,phk_annual_features.csv,,,yes,unit needs confirmation
phk_dashboard,Data untuk PHK Dashboard.xlsx,Database (Tahun),Lag_1 BPJSTK - PHK,lag1_bpjstk_phk_y,lag,Lag_1 BPJSTK - PHK,,1-year lag of base indicator,province,annual,manual_review_required,manual_review_required,,repeat annual value across 12 months (flag_annual_repeated_monthly),province_name_std + year,yes,phk_annual_features.csv,,,yes,unit needs confirmation
phk_dashboard,Data untuk PHK Dashboard.xlsx,Database (Tahun),Lag_1 BPJSTK - JHT PHK,lag1_bpjstk_jht_phk_y,lag,Lag_1 BPJSTK - JHT PHK,,1-year lag of base indicator,province,annual,manual_review_required,manual_review_required,,repeat annual value across 12 months (flag_annual_repeated_monthly),province_name_std + year,yes,phk_annual_features.csv,,,yes,unit needs confirmation
phk_dashboard,Data untuk PHK Dashboard.xlsx,Database (Tahun),Lag_1 BPJSTK - JKP PHK,lag1_bpjstk_jkp_phk_y,lag,Lag_1 BPJSTK - JKP PHK,,1-year lag of base indicator,province,annual,manual_review_required,manual_review_required,,repeat annual value across 12 months (flag_annual_repeated_monthly),province_name_std + year,yes,phk_annual_features.csv,,,yes,unit needs confirmation
phk_dashboard,Data untuk PHK Dashboard.xlsx,Database (Tahun),Perusahaan Industri Sedang,ind_firms_medium_y,ind,Perusahaan Industri Sedang,,BPS Industri Besar Sedang survey block,province,annual,count,+,0.61,repeat annual value across 12 months (flag_annual_repeated_monthly),province_name_std + year,yes,phk_annual_features.csv,,,no,
phk_dashboard,Data untuk PHK Dashboard.xlsx,Database (Tahun),Perusahaan Industri Besar,ind_firms_large_y,ind,Perusahaan Industri Besar,,BPS Industri Besar Sedang survey block,province,annual,count,+,0.65,repeat annual value across 12 months (flag_annual_repeated_monthly),province_name_std + year,yes,phk_annual_features.csv,,,no,
phk_dashboard,Data untuk PHK Dashboard.xlsx,Database (Tahun),Jumlah Perusahaan,ind_firms_total_y,ind,Jumlah Perusahaan,,manual_review_required,province,annual,count,+,0.53,repeat annual value across 12 months (flag_annual_repeated_monthly),province_name_std + year,yes,phk_annual_features.csv,,,no,
phk_dashboard,Data untuk PHK Dashboard.xlsx,Database (Tahun),Tenaga Kerja Industri Sedang,ind_workers_medium_y,ind,Tenaga Kerja Industri Sedang,,BPS Industri Besar Sedang survey block,province,annual,count,+,0.66,repeat annual value across 12 months (flag_annual_repeated_monthly),province_name_std + year,yes,phk_annual_features.csv,,,no,
phk_dashboard,Data untuk PHK Dashboard.xlsx,Database (Tahun),Tenaga Kerja Industri Besar,ind_workers_large_y,ind,Tenaga Kerja Industri Besar,,BPS Industri Besar Sedang survey block,province,annual,count,+,0.54,repeat annual value across 12 months (flag_annual_repeated_monthly),province_name_std + year,yes,phk_annual_features.csv,,,no,
phk_dashboard,Data untuk PHK Dashboard.xlsx,Database (Tahun),Jumlah Tenaga Kerja Produksi,ind_workers_prod_y,ind,Jumlah Tenaga Kerja Produksi,,manual_review_required,province,annual,count,+,0.63,repeat annual value across 12 months (flag_annual_repeated_monthly),province_name_std + year,yes,phk_annual_features.csv,,,no,
phk_dashboard,Data untuk PHK Dashboard.xlsx,Database (Tahun),Jumlah Tenaga Kerja Lainnya,ind_workers_nonprod_y,ind,Jumlah Tenaga Kerja Lainnya,,manual_review_required,province,annual,count,+,0.66,repeat annual value across 12 months (flag_annual_repeated_monthly),province_name_std + year,yes,phk_annual_features.csv,,,no,
phk_dashboard,Data untuk PHK Dashboard.xlsx,Database (Tahun),Jumlah Tenaga Kerja,ind_workers_total_y,ind,Jumlah Tenaga Kerja,,manual_review_required,province,annual,count,+,0.58,repeat annual value across 12 months (flag_annual_repeated_monthly),province_name_std + year,yes,phk_annual_features.csv,,,no,
phk_dashboard,Data untuk PHK Dashboard.xlsx,Database (Tahun),"Pengeluaran untuk Pekerja Produksi Upah/Gaji, Upah Lembur, Tunjangan",ind_prod_workers_wage_cost_y,ind,"Pengeluaran untuk Pekerja Produksi Upah/Gaji, Upah Lembur, Tunjangan",,BPS Industri Besar Sedang survey block,province,annual,manual_review_required,+,0.63,repeat annual value across 12 months (flag_annual_repeated_monthly),province_name_std + year,yes,phk_annual_features.csv,,,yes,unit needs confirmation
phk_dashboard,Data untuk PHK Dashboard.xlsx,Database (Tahun),Pengeluaran untuk Pekerja Produksi Lainnya,ind_prod_workers_other_cost_y,ind,Pengeluaran untuk Pekerja Produksi Lainnya,,BPS Industri Besar Sedang survey block,province,annual,manual_review_required,+,0.6,repeat annual value across 12 months (flag_annual_repeated_monthly),province_name_std + year,yes,phk_annual_features.csv,,,yes,unit needs confirmation
phk_dashboard,Data untuk PHK Dashboard.xlsx,Database (Tahun),Jumlah Pengeluaran untuk Pekerja Produksi,ind_prod_workers_total_cost_y,ind,Jumlah Pengeluaran untuk Pekerja Produksi,,BPS Industri Besar Sedang survey block,province,annual,manual_review_required,+,0.56,repeat annual value across 12 months (flag_annual_repeated_monthly),province_name_std + year,yes,phk_annual_features.csv,,,yes,unit needs confirmation
phk_dashboard,Data untuk PHK Dashboard.xlsx,Database (Tahun),"Pengeluaran untuk Pekerja Lainnya Upah/Gaji, Upah Lembur, Tunjangan",ind_nonprod_workers_wage_cost_y,ind,"Pengeluaran untuk Pekerja Lainnya Upah/Gaji, Upah Lembur, Tunjangan",,BPS Industri Besar Sedang survey block,province,annual,manual_review_required,+,0.68,repeat annual value across 12 months (flag_annual_repeated_monthly),province_name_std + year,yes,phk_annual_features.csv,,,yes,unit needs confirmation
phk_dashboard,Data untuk PHK Dashboard.xlsx,Database (Tahun),Pengeluaran untuk Pekerja Lainnya Lainnya,ind_nonprod_workers_other_cost_y,ind,Pengeluaran untuk Pekerja Lainnya Lainnya,,BPS Industri Besar Sedang survey block,province,annual,manual_review_required,+,0.74,repeat annual value across 12 months (flag_annual_repeated_monthly),province_name_std + year,yes,phk_annual_features.csv,,,yes,unit needs confirmation
phk_dashboard,Data untuk PHK Dashboard.xlsx,Database (Tahun),Jumlah Pengeluaran untuk Pekerja Lainnya,ind_nonprod_workers_total_cost_y,ind,Jumlah Pengeluaran untuk Pekerja Lainnya,,BPS Industri Besar Sedang survey block,province,annual,manual_review_required,+,0.69,repeat annual value across 12 months (flag_annual_repeated_monthly),province_name_std + year,yes,phk_annual_features.csv,,,yes,unit needs confirmation
phk_dashboard,Data untuk PHK Dashboard.xlsx,Database (Tahun),Jumlah Pengeluaran Seluruh Pekerja,ind_laborcost_total_y,ind,Jumlah Pengeluaran Seluruh Pekerja,,manual_review_required,province,annual,manual_review_required,+,0.63,repeat annual value across 12 months (flag_annual_repeated_monthly),province_name_std + year,yes,phk_annual_features.csv,,,yes,unit needs confirmation
phk_dashboard,Data untuk PHK Dashboard.xlsx,Database (Tahun),Biaya Input,ind_input_y,ind,Biaya Input,,BPS Industri Besar Sedang survey block,province,annual,manual_review_required,+,0.55,repeat annual value across 12 months (flag_annual_repeated_monthly),province_name_std + year,yes,phk_annual_features.csv,,,yes,unit needs confirmation
phk_dashboard,Data untuk PHK Dashboard.xlsx,Database (Tahun),Nilai Output,ind_output_y,ind,Nilai Output,,BPS Industri Besar Sedang survey block,province,annual,manual_review_required,+,0.59,repeat annual value across 12 months (flag_annual_repeated_monthly),province_name_std + year,yes,phk_annual_features.csv,,,yes,unit needs confirmation
phk_dashboard,Data untuk PHK Dashboard.xlsx,Database (Tahun),Nilai Tambah (harga pasar),ind_va_mkt_y,ind,Nilai Tambah (harga pasar),,BPS Industri Besar Sedang survey block,province,annual,manual_review_required,+,0.62,repeat annual value across 12 months (flag_annual_repeated_monthly),province_name_std + year,yes,phk_annual_features.csv,,,yes,unit needs confirmation
phk_dashboard,Data untuk PHK Dashboard.xlsx,Database (Tahun),Nilai Tambah (biaya faktor produksi),ind_va_fc_y,ind,Nilai Tambah (biaya faktor produksi),,BPS Industri Besar Sedang survey block,province,annual,manual_review_required,+,0.62,repeat annual value across 12 months (flag_annual_repeated_monthly),province_name_std + year,yes,phk_annual_features.csv,,,yes,unit needs confirmation
phk_dashboard,Data untuk PHK Dashboard.xlsx,Database (Tahun),Jumlah Perusahaan PMDN,ind_firms_pmdn_y,ind,Jumlah Perusahaan PMDN,,BPS Industri Besar Sedang survey block,province,annual,count,+,0.47,repeat annual value across 12 months (flag_annual_repeated_monthly),province_name_std + year,yes,phk_annual_features.csv,,,no,
phk_dashboard,Data untuk PHK Dashboard.xlsx,Database (Tahun),Jumlah Perusahaan PMA,ind_firms_pma_y,ind,Jumlah Perusahaan PMA,,BPS Industri Besar Sedang survey block,province,annual,count,+,0.64,repeat annual value across 12 months (flag_annual_repeated_monthly),province_name_std + year,yes,phk_annual_features.csv,,,no,
phk_dashboard,Data untuk PHK Dashboard.xlsx,Database (Tahun),Jumlah Tenaga Kerja/Jumlah Perusahaan,ind_workers_per_firm_y,ind,Jumlah Tenaga Kerja/Jumlah Perusahaan,,manual_review_required,province,annual,count,manual_review_required,,repeat annual value across 12 months (flag_annual_repeated_monthly),province_name_std + year,yes,phk_annual_features.csv,,,no,
phk_dashboard,Data untuk PHK Dashboard.xlsx,Database (Tahun),Jumlah Tenaga Kerja Produksi/Jumlah Tenaga Kerja,ind_prod_worker_share_y,ind,Jumlah Tenaga Kerja Produksi/Jumlah Tenaga Kerja,,manual_review_required,province,annual,manual_review_required,manual_review_required,,repeat annual value across 12 months (flag_annual_repeated_monthly),province_name_std + year,yes,phk_annual_features.csv,,,yes,unit needs confirmation
phk_dashboard,Data untuk PHK Dashboard.xlsx,Database (Tahun),Jumlah Tenaga Kerja/Biaya Input,ind_workers_per_input_y,ind,Jumlah Tenaga Kerja/Biaya Input,,BPS Industri Besar Sedang survey block,province,annual,count,manual_review_required,,repeat annual value across 12 months (flag_annual_repeated_monthly),province_name_std + year,yes,phk_annual_features.csv,,,no,
phk_dashboard,Data untuk PHK Dashboard.xlsx,Database (Tahun),Jumlah Tenaga Kerja/Nilai Output,ind_workers_per_output_y,ind,Jumlah Tenaga Kerja/Nilai Output,,BPS Industri Besar Sedang survey block,province,annual,count,manual_review_required,,repeat annual value across 12 months (flag_annual_repeated_monthly),province_name_std + year,yes,phk_annual_features.csv,,,no,
phk_dashboard,Data untuk PHK Dashboard.xlsx,Database (Tahun),Jumlah Tenaga Kerja/Nilai Tambah (harga pasar),ind_workers_per_va_mkt_y,ind,Jumlah Tenaga Kerja/Nilai Tambah (harga pasar),,BPS Industri Besar Sedang survey block,province,annual,count,manual_review_required,,repeat annual value across 12 months (flag_annual_repeated_monthly),province_name_std + year,yes,phk_annual_features.csv,,,no,
phk_dashboard,Data untuk PHK Dashboard.xlsx,Database (Tahun),Jumlah Tenaga Kerja/Nilai Tambah (biaya faktor produksi),ind_workers_per_va_fc_y,ind,Jumlah Tenaga Kerja/Nilai Tambah (biaya faktor produksi),,BPS Industri Besar Sedang survey block,province,annual,count,manual_review_required,,repeat annual value across 12 months (flag_annual_repeated_monthly),province_name_std + year,yes,phk_annual_features.csv,,,no,
phk_dashboard,Data untuk PHK Dashboard.xlsx,Database (Tahun),Biaya Pekerja/Biaya Input,ind_laborcost_share_input_y,ind,Biaya Pekerja/Biaya Input,,BPS Industri Besar Sedang survey block,province,annual,manual_review_required,manual_review_required,,repeat annual value across 12 months (flag_annual_repeated_monthly),province_name_std + year,yes,phk_annual_features.csv,,,yes,unit needs confirmation
phk_dashboard,Data untuk PHK Dashboard.xlsx,Database (Tahun),Biaya Pekerja/Nilai Output,ind_laborcost_share_output_y,ind,Biaya Pekerja/Nilai Output,,BPS Industri Besar Sedang survey block,province,annual,manual_review_required,manual_review_required,,repeat annual value across 12 months (flag_annual_repeated_monthly),province_name_std + year,yes,phk_annual_features.csv,,,yes,unit needs confirmation
phk_dashboard,Data untuk PHK Dashboard.xlsx,Database (Tahun),Biaya Pekerja/Nilai Tambah Pasar,ind_laborcost_share_va_mkt_y,ind,Biaya Pekerja/Nilai Tambah Pasar,,BPS Industri Besar Sedang survey block,province,annual,manual_review_required,manual_review_required,,repeat annual value across 12 months (flag_annual_repeated_monthly),province_name_std + year,yes,phk_annual_features.csv,,,yes,unit needs confirmation
phk_dashboard,Data untuk PHK Dashboard.xlsx,Database (Tahun),Biaya Pekerja/Nilai Tambah Produksi,ind_laborcost_share_va_fc_y,ind,Biaya Pekerja/Nilai Tambah Produksi,,BPS Industri Besar Sedang survey block,province,annual,manual_review_required,manual_review_required,,repeat annual value across 12 months (flag_annual_repeated_monthly),province_name_std + year,yes,phk_annual_features.csv,,,yes,unit needs confirmation
phk_dashboard,Data untuk PHK Dashboard.xlsx,Database (Tahun),Biaya Pekerja/Tenaga Kerja,ind_laborcost_per_wkr_y,ind,Biaya Pekerja/Tenaga Kerja,,BPS Industri Besar Sedang survey block,province,annual,manual_review_required,manual_review_required,,repeat annual value across 12 months (flag_annual_repeated_monthly),province_name_std + year,yes,phk_annual_features.csv,,,yes,unit needs confirmation
phk_dashboard,Data untuk PHK Dashboard.xlsx,Database (Tahun),Nilai Output/Tenaga Kerja,ind_output_per_wkr_y,ind,Nilai Output/Tenaga Kerja,,BPS Industri Besar Sedang survey block,province,annual,manual_review_required,-,0.01,repeat annual value across 12 months (flag_annual_repeated_monthly),province_name_std + year,yes,phk_annual_features.csv,,,yes,unit needs confirmation
phk_dashboard,Data untuk PHK Dashboard.xlsx,Database (Tahun),Nilai Tambah Pasar/Tenaga Kerja,ind_va_mkt_per_wkr_y,ind,Nilai Tambah Pasar/Tenaga Kerja,,BPS Industri Besar Sedang survey block,province,annual,manual_review_required,-,0.01,repeat annual value across 12 months (flag_annual_repeated_monthly),province_name_std + year,yes,phk_annual_features.csv,,,yes,unit needs confirmation
phk_dashboard,Data untuk PHK Dashboard.xlsx,Database (Tahun),Nilai Tambah Produksi/Tenaga Kerja,ind_va_fc_per_wkr_y,ind,Nilai Tambah Produksi/Tenaga Kerja,,BPS Industri Besar Sedang survey block,province,annual,manual_review_required,-,0.01,repeat annual value across 12 months (flag_annual_repeated_monthly),province_name_std + year,yes,phk_annual_features.csv,,,yes,unit needs confirmation
phk_dashboard,Data untuk PHK Dashboard.xlsx,Database (Tahun),Biaya Input/Nilai Output,ind_input_share_output_y,ind,Biaya Input/Nilai Output,,BPS Industri Besar Sedang survey block,province,annual,manual_review_required,manual_review_required,,repeat annual value across 12 months (flag_annual_repeated_monthly),province_name_std + year,yes,phk_annual_features.csv,,,yes,unit needs confirmation
phk_dashboard,Data untuk PHK Dashboard.xlsx,Database (Tahun),Nilai Tambah Pasar/Nilai Output,ind_va_mkt_share_output_y,ind,Nilai Tambah Pasar/Nilai Output,,BPS Industri Besar Sedang survey block,province,annual,manual_review_required,manual_review_required,,repeat annual value across 12 months (flag_annual_repeated_monthly),province_name_std + year,yes,phk_annual_features.csv,,,yes,unit needs confirmation
phk_dashboard,Data untuk PHK Dashboard.xlsx,Database (Tahun),Nilai Tambah Produksi/Nilai Output,ind_va_fc_share_output_y,ind,Nilai Tambah Produksi/Nilai Output,,BPS Industri Besar Sedang survey block,province,annual,manual_review_required,manual_review_required,,repeat annual value across 12 months (flag_annual_repeated_monthly),province_name_std + year,yes,phk_annual_features.csv,,,yes,unit needs confirmation
phk_dashboard,Data untuk PHK Dashboard.xlsx,Database (Tahun),Biaya Pekerja Produksi/Total Biaya Pekerja,ind_prod_laborcost_share_y,ind,Biaya Pekerja Produksi/Total Biaya Pekerja,,BPS Industri Besar Sedang survey block,province,annual,manual_review_required,manual_review_required,,repeat annual value across 12 months (flag_annual_repeated_monthly),province_name_std + year,yes,phk_annual_features.csv,,,yes,unit needs confirmation
phk_dashboard,Data untuk PHK Dashboard.xlsx,Database (Tahun),Biaya Pekerja Lainnya/Total Biaya Pekerja,ind_nonprod_laborcost_share_y,ind,Biaya Pekerja Lainnya/Total Biaya Pekerja,,BPS Industri Besar Sedang survey block,province,annual,manual_review_required,manual_review_required,,repeat annual value across 12 months (flag_annual_repeated_monthly),province_name_std + year,yes,phk_annual_features.csv,,,yes,unit needs confirmation
phk_dashboard,Data untuk PHK Dashboard.xlsx,Database (Tahun),Upah Pekerja Produksi/Jumlah Tenaga Kerja Produksi,ind_prod_wage_per_wkr_y,ind,Upah Pekerja Produksi/Jumlah Tenaga Kerja Produksi,,manual_review_required,province,annual,manual_review_required,manual_review_required,,repeat annual value across 12 months (flag_annual_repeated_monthly),province_name_std + year,yes,phk_annual_features.csv,,,yes,unit needs confirmation
phk_dashboard,Data untuk PHK Dashboard.xlsx,Database (Tahun),Upah Pekerja Lainnya/Jumlah Tenaga Kerja Lainnya,ind_nonprod_wage_per_wkr_y,ind,Upah Pekerja Lainnya/Jumlah Tenaga Kerja Lainnya,,manual_review_required,province,annual,manual_review_required,manual_review_required,,repeat annual value across 12 months (flag_annual_repeated_monthly),province_name_std + year,yes,phk_annual_features.csv,,,yes,unit needs confirmation
phk_dashboard,Data untuk PHK Dashboard.xlsx,Database (Tahun),Proporsi Perusahaan PMDN,ind_firms_pmdn_share_y,ind,Proporsi Perusahaan PMDN,,BPS Industri Besar Sedang survey block,province,annual,count,manual_review_required,,repeat annual value across 12 months (flag_annual_repeated_monthly),province_name_std + year,yes,phk_annual_features.csv,,,no,
phk_dashboard,Data untuk PHK Dashboard.xlsx,Database (Tahun),Proporsi Perusahaan PMA,ind_firms_pma_share_y,ind,Proporsi Perusahaan PMA,,BPS Industri Besar Sedang survey block,province,annual,count,manual_review_required,,repeat annual value across 12 months (flag_annual_repeated_monthly),province_name_std + year,yes,phk_annual_features.csv,,,no,
phk_dashboard,Data untuk PHK Dashboard.xlsx,Database (Tahun),Pertumbuhan Nilai Output,growth_ind_output_y,growth,Pertumbuhan Nilai Output,,YoY growth or change of base indicator,province,annual,manual_review_required,manual_review_required,,repeat annual value across 12 months (flag_annual_repeated_monthly),province_name_std + year,yes,phk_annual_features.csv,,,yes,unit needs confirmation
phk_dashboard,Data untuk PHK Dashboard.xlsx,Database (Tahun),Pertumbuhan Biaya Input,growth_ind_input_y,growth,Pertumbuhan Biaya Input,,YoY growth or change of base indicator,province,annual,manual_review_required,manual_review_required,,repeat annual value across 12 months (flag_annual_repeated_monthly),province_name_std + year,yes,phk_annual_features.csv,,,yes,unit needs confirmation
phk_dashboard,Data untuk PHK Dashboard.xlsx,Database (Tahun),Pertumbuhan Nilai Tambah Pasar,growth_ind_va_mkt_y,growth,Pertumbuhan Nilai Tambah Pasar,,YoY growth or change of base indicator,province,annual,manual_review_required,manual_review_required,,repeat annual value across 12 months (flag_annual_repeated_monthly),province_name_std + year,yes,phk_annual_features.csv,,,yes,unit needs confirmation
phk_dashboard,Data untuk PHK Dashboard.xlsx,Database (Tahun),Pertumbuhan Nilai Tambah Produksi,growth_ind_va_fc_y,growth,Pertumbuhan Nilai Tambah Produksi,,YoY growth or change of base indicator,province,annual,manual_review_required,manual_review_required,,repeat annual value across 12 months (flag_annual_repeated_monthly),province_name_std + year,yes,phk_annual_features.csv,,,yes,unit needs confirmation
phk_dashboard,Data untuk PHK Dashboard.xlsx,Database (Tahun),Pertumbuhan Tenaga Kerja,growth_ind_workers_total_y,growth,Pertumbuhan Tenaga Kerja,,YoY growth or change of base indicator,province,annual,manual_review_required,manual_review_required,,repeat annual value across 12 months (flag_annual_repeated_monthly),province_name_std + year,yes,phk_annual_features.csv,,,yes,unit needs confirmation
phk_dashboard,Data untuk PHK Dashboard.xlsx,Database (Tahun),Pertumbuhan Jumlah Perusahaan,growth_ind_firms_total_y,growth,Pertumbuhan Jumlah Perusahaan,,YoY growth or change of base indicator,province,annual,manual_review_required,manual_review_required,,repeat annual value across 12 months (flag_annual_repeated_monthly),province_name_std + year,yes,phk_annual_features.csv,,,yes,unit needs confirmation
phk_dashboard,Data untuk PHK Dashboard.xlsx,Database (Tahun),Pertumbuhan Pengeluaran Tenaga Kerja,growth_ind_laborcost_total_y,growth,Pertumbuhan Pengeluaran Tenaga Kerja,,YoY growth or change of base indicator,province,annual,manual_review_required,manual_review_required,,repeat annual value across 12 months (flag_annual_repeated_monthly),province_name_std + year,yes,phk_annual_features.csv,,,yes,unit needs confirmation
phk_dashboard,Data untuk PHK Dashboard.xlsx,Database (Tahun),Pertumbuhan Produktivitas (Nilai Tambah Pasar) Tenaga Kerja,growth_ind_labor_prod_market_y,growth,Pertumbuhan Produktivitas (Nilai Tambah Pasar) Tenaga Kerja,,YoY growth or change of base indicator,province,annual,manual_review_required,manual_review_required,,repeat annual value across 12 months (flag_annual_repeated_monthly),province_name_std + year,yes,phk_annual_features.csv,,,yes,unit needs confirmation
phk_dashboard,Data untuk PHK Dashboard.xlsx,Database (Tahun),Pertumbuhan Produktivitas (Nilai Tambah Produksi) Tenaga Kerja,growth_ind_labor_prod_fc_y,growth,Pertumbuhan Produktivitas (Nilai Tambah Produksi) Tenaga Kerja,,YoY growth or change of base indicator,province,annual,manual_review_required,manual_review_required,,repeat annual value across 12 months (flag_annual_repeated_monthly),province_name_std + year,yes,phk_annual_features.csv,,,yes,unit needs confirmation
phk_dashboard,Data untuk PHK Dashboard.xlsx,Database (Tahun),Selisih Pertumbuhan Biaya Input dan Pertumbuhan Nilai Output,diffgr_input_minus_output_y,diff,Selisih Pertumbuhan Biaya Input dan Pertumbuhan Nilai Output,,YoY growth or change of base indicator,province,annual,manual_review_required,manual_review_required,,repeat annual value across 12 months (flag_annual_repeated_monthly),province_name_std + year,yes,phk_annual_features.csv,,,yes,unit needs confirmation
phk_dashboard,Data untuk PHK Dashboard.xlsx,Database (Tahun),Selisih Pertumbuhan Biaya Pekerja dan Nilai Output,diffgr_laborcost_minus_output_y,diff,Selisih Pertumbuhan Biaya Pekerja dan Nilai Output,,YoY growth or change of base indicator,province,annual,manual_review_required,manual_review_required,,repeat annual value across 12 months (flag_annual_repeated_monthly),province_name_std + year,yes,phk_annual_features.csv,,,yes,unit needs confirmation
phk_dashboard,Data untuk PHK Dashboard.xlsx,Database (Tahun),PDRB Riil (IDR miliar),macro_pdrb_real_idr_billion_y,macro,PDRB Riil (IDR miliar),,manual_review_required,province,annual,IDR billion,manual_review_required,,repeat annual value across 12 months (flag_annual_repeated_monthly),province_name_std + year,yes,phk_annual_features.csv,,,no,UNIFIED: PHK where available + map_pdrb_y backfill for 2014-2021; macro_pdrb_real_source flags origin per row
phk_dashboard,Data untuk PHK Dashboard.xlsx,Database (Tahun),PDRB Riil (IDR juta),macro_pdrb_real_idr_million_y,macro,PDRB Riil (IDR juta),,manual_review_required,province,annual,IDR million,manual_review_required,,repeat annual value across 12 months (flag_annual_repeated_monthly),province_name_std + year,yes,phk_annual_features.csv,,,no,
phk_dashboard,Data untuk PHK Dashboard.xlsx,Database (Tahun),PDRB Manufaktur (IDR juta),macro_pdrb_manuf_idr_million_y,macro,PDRB Manufaktur (IDR juta),,manual_review_required,province,annual,IDR million,manual_review_required,,repeat annual value across 12 months (flag_annual_repeated_monthly),province_name_std + year,yes,phk_annual_features.csv,,,no,
phk_dashboard,Data untuk PHK Dashboard.xlsx,Database (Tahun),Manufacturing Share,macro_pdrb_manuf_share_pct_y,macro,Manufacturing Share,Manufacturing share of GRDP,Manufacturing value added as a share of GRDP,province,annual,percent,manual_review_required,,repeat annual value across 12 months (flag_annual_repeated_monthly),province_name_std + year,yes,phk_annual_features.csv,,,no,
phk_dashboard,Data untuk PHK Dashboard.xlsx,Database (Tahun),Laju Pertumbuhan PDB Industri Manufaktur,macro_pdrb_manuf_growth_pct_y,macro,Laju Pertumbuhan PDB Industri Manufaktur,,YoY growth or change of base indicator,province,annual,percent,manual_review_required,,repeat annual value across 12 months (flag_annual_repeated_monthly),province_name_std + year,yes,phk_annual_features.csv,,,no,
phk_dashboard,Data untuk PHK Dashboard.xlsx,Database (Tahun),PMI Manufaktur,macro_pmi_manuf_nat_y,macro,PMI Manufaktur,,manual_review_required,national,annual,manual_review_required,manual_review_required,,,province_name_std + year,no,national_annual.csv,,yes,yes,unit needs confirmation
phk_dashboard,Data untuk PHK Dashboard.xlsx,Database (Tahun),FDI,fin_fdi_y,fin,FDI,Foreign direct investment,Realized foreign direct investment,province,annual,manual_review_required,manual_review_required,,repeat annual value across 12 months (flag_annual_repeated_monthly),province_name_std + year,yes,phk_annual_features.csv,,,yes,unit needs confirmation
phk_dashboard,Data untuk PHK Dashboard.xlsx,Database (Tahun),PDRB/Pekerja,macro_pdrb_per_wkr_y,macro,PDRB/Pekerja,,manual_review_required,province,annual,manual_review_required,manual_review_required,,repeat annual value across 12 months (flag_annual_repeated_monthly),province_name_std + year,yes,phk_annual_features.csv,,,yes,unit needs confirmation
phk_dashboard,Data untuk PHK Dashboard.xlsx,Database (Tahun),Laju Pertumbuhan PDB Per Tenaga Kerja,macro_pdrb_per_wkr_growth_pct_y,macro,Laju Pertumbuhan PDB Per Tenaga Kerja,,YoY growth or change of base indicator,province,annual,percent,manual_review_required,,repeat annual value across 12 months (flag_annual_repeated_monthly),province_name_std + year,yes,phk_annual_features.csv,,,no,
phk_dashboard,Data untuk PHK Dashboard.xlsx,Database (Tahun),ICOR,macro_icor_y,macro,ICOR,,manual_review_required,province,annual,manual_review_required,manual_review_required,,repeat annual value across 12 months (flag_annual_repeated_monthly),province_name_std + year,yes,phk_annual_features.csv,,,yes,unit needs confirmation
phk_dashboard,Data untuk PHK Dashboard.xlsx,Database (Tahun),Inflasi YoY (per IV),price_inflation_yoy_q4_pct_y,price,Inflasi YoY (per IV),,manual_review_required,province,annual,percent,manual_review_required,,repeat annual value across 12 months (flag_annual_repeated_monthly),province_name_std + year,yes,phk_annual_features.csv,,,no,
phk_dashboard,Data untuk PHK Dashboard.xlsx,Database (Tahun),Inflasi YoY (Average),price_inflation_yoy_avg_pct_y,price,Inflasi YoY (Average),,manual_review_required,province,annual,percent,manual_review_required,,repeat annual value across 12 months (flag_annual_repeated_monthly),province_name_std + year,yes,phk_annual_features.csv,,,no,
phk_dashboard,Data untuk PHK Dashboard.xlsx,Database (Tahun),IHP (2016=100),price_producer_index_y,price,IHP (2016=100),,manual_review_required,province,annual,index,manual_review_required,,,province_name_std + year,no,national_annual.csv,,yes,no,
phk_dashboard,Data untuk PHK Dashboard.xlsx,Database (Tahun),IHK (2010=100),price_cpi_index_y,price,IHK (2010=100),Consumer Price Index (CPI),"Consumer price index, base 2010=100",province,annual,index,manual_review_required,,,province_name_std + year,no,national_annual.csv,,yes,no,
phk_dashboard,Data untuk PHK Dashboard.xlsx,Database (Tahun),Perubahan harga produsen (%),price_producer_change_pct_y,price,Perubahan harga produsen (%),,manual_review_required,province,annual,percent,manual_review_required,,,province_name_std + year,no,national_annual.csv,,yes,no,
phk_dashboard,Data untuk PHK Dashboard.xlsx,Database (Tahun),Perubahan harga konsumen (%),price_consumer_change_pct_y,price,Perubahan harga konsumen (%),,manual_review_required,province,annual,percent,manual_review_required,,,province_name_std + year,no,national_annual.csv,,yes,no,
phk_dashboard,Data untuk PHK Dashboard.xlsx,Database (Tahun),Nilai Ekspor BPS,trade_export_value_bps_y,trade,Nilai Ekspor BPS,,manual_review_required,province,annual,manual_review_required,manual_review_required,,repeat annual value across 12 months (flag_annual_repeated_monthly),province_name_std + year,yes,phk_annual_features.csv,,,yes,unit needs confirmation
phk_dashboard,Data untuk PHK Dashboard.xlsx,Database (Tahun),Nilai Ekspor,trade_export_value_y,trade,Nilai Ekspor,Export value,Value of provincial exports,province,annual,manual_review_required,manual_review_required,,repeat annual value across 12 months (flag_annual_repeated_monthly),province_name_std + year,yes,phk_annual_features.csv,,,yes,unit needs confirmation
phk_dashboard,Data untuk PHK Dashboard.xlsx,Database (Tahun),Nilai Impor,trade_import_value_y,trade,Nilai Impor,Import value,Value of provincial imports,province,annual,manual_review_required,manual_review_required,,repeat annual value across 12 months (flag_annual_repeated_monthly),province_name_std + year,yes,phk_annual_features.csv,,,yes,unit needs confirmation
phk_dashboard,Data untuk PHK Dashboard.xlsx,Database (Tahun),Neraca Perdagangan,trade_balance_y,trade,Neraca Perdagangan,Trade balance,Exports minus imports,province,annual,manual_review_required,manual_review_required,,repeat annual value across 12 months (flag_annual_repeated_monthly),province_name_std + year,yes,phk_annual_features.csv,,,yes,unit needs confirmation
phk_dashboard,Data untuk PHK Dashboard.xlsx,Database (Tahun),NPL,fin_npl_y,fin,NPL,,manual_review_required,province,annual,manual_review_required,manual_review_required,,repeat annual value across 12 months (flag_annual_repeated_monthly),province_name_std + year,yes,phk_annual_features.csv,,,yes,unit needs confirmation
phk_dashboard,Data untuk PHK Dashboard.xlsx,Database (Tahun),BI Rate (Average)*,macro_bi_rate_avg_pct_nat_y,macro,BI Rate (Average)*,,manual_review_required,national,annual,percent,manual_review_required,,,province_name_std + year,no,national_annual.csv,,yes,no,
phk_dashboard,Data untuk PHK Dashboard.xlsx,Database (Tahun),Kurs,macro_fx_idr_usd_nat_y,macro,Kurs,Exchange rate,"IDR per USD, national",national,annual,IDR per USD,manual_review_required,,repeat annual value across 12 months (flag_annual_repeated_monthly),province_name_std + year,yes,phk_annual_features.csv,,,no,
phk_dashboard,Data untuk PHK Dashboard.xlsx,Database (Tahun),IKK,macro_consumer_conf_y,macro,IKK,Consumer Confidence Index,Index of consumer confidence (empty in current data),province,annual,index,manual_review_required,,,province_name_std + year,no,national_annual.csv,,yes,no,
map_composite,MAP_composite_all.xlsx,MAP,year,year,identity,year,,manual_review_required,province_or_kabkot,annual,manual_review_required,,,,region + year,key,,,,yes,unit needs confirmation
map_composite,MAP_composite_all.xlsx,MAP,name,region_level,identity,name,,manual_review_required,geo_key,annual,manual_review_required,,,,region + year,key,,,,yes,unit needs confirmation
map_composite,MAP_composite_all.xlsx,MAP,id,region_id,identity,id,,manual_review_required,geo_key,annual,manual_review_required,,,,region + year,key,,,,yes,unit needs confirmation
map_composite,MAP_composite_all.xlsx,MAP,id_label,region_name,identity,id_label,,manual_review_required,geo_key,annual,manual_review_required,,,,region + year,key,,,,yes,unit needs confirmation
map_composite,MAP_composite_all.xlsx,MAP,nonpkwtt,map_nonpkwtt_y,map,nonpkwtt,,manual_review_required,province_or_kabkot,annual,manual_review_required,,,annual; repeat across months; 2024 carried into 2025,region + year,yes (province rows only),map_kabkot_context.csv (kabkot rows),,,yes,unit needs confirmation
map_composite,MAP_composite_all.xlsx,MAP,wageump,map_wageump_y,map,wageump,,manual_review_required,province_or_kabkot,annual,manual_review_required,,,annual; repeat across months; 2024 carried into 2025,region + year,yes (province rows only),map_kabkot_context.csv (kabkot rows),,,yes,unit needs confirmation
map_composite,MAP_composite_all.xlsx,MAP,laborinten,map_labor_intensity_y,map,laborinten,,manual_review_required,province_or_kabkot,annual,manual_review_required,,,annual; repeat across months; 2024 carried into 2025,region + year,yes (province rows only),map_kabkot_context.csv (kabkot rows),,,yes,unit needs confirmation
map_composite,MAP_composite_all.xlsx,MAP,formalgrowth,map_formal_growth_y,map,formalgrowth,,manual_review_required,province_or_kabkot,annual,manual_review_required,,,annual; repeat across months; 2024 carried into 2025,region + year,yes (province rows only),map_kabkot_context.csv (kabkot rows),,,yes,unit needs confirmation
map_composite,MAP_composite_all.xlsx,MAP,pdrbgrowth,map_pdrb_growth_y,map,pdrbgrowth,,manual_review_required,province_or_kabkot,annual,manual_review_required,,,annual; repeat across months; 2024 carried into 2025,region + year,yes (province rows only),map_kabkot_context.csv (kabkot rows),,,yes,unit needs confirmation
map_composite,MAP_composite_all.xlsx,MAP,pdrb,map_pdrb_y,map,pdrb,,manual_review_required,province_or_kabkot,annual,manual_review_required,,,annual; repeat across months; consumed by unification,region + year,no,map_kabkot_context.csv (kabkot rows),macro_pdrb_real_idr_billion_y,,yes,unified into macro_pdrb_real_idr_billion_y in the province master (MAP backfills 2014-2021); macro_pdrb_real_source flags origin
map_composite,MAP_composite_all.xlsx,MAP,unemploy,map_unemployment_y,map,unemploy,,manual_review_required,province_or_kabkot,annual,manual_review_required,,,annual; repeat across months; consumed by unification,region + year,no,map_kabkot_context.csv (kabkot rows),lab_tpt_pct_y,,yes,unified into lab_tpt_pct_y in the province master (MAP backfills 2014-2021); lab_tpt_source flags origin
map_composite,MAP_composite_all.xlsx,MAP,unemploy_1529,map_youth_unemployment_y,map,unemploy_1529,,manual_review_required,province_or_kabkot,annual,manual_review_required,,,annual; repeat across months; 2024 carried into 2025,region + year,yes (province rows only),map_kabkot_context.csv (kabkot rows),,,yes,unit needs confirmation
map_composite,MAP_composite_all.xlsx,MAP,informal,map_informal_y,map,informal,,manual_review_required,province_or_kabkot,annual,manual_review_required,,,annual; repeat across months; consumed by unification,region + year,no,map_kabkot_context.csv (kabkot rows),lab_informal_share_pct_y,,yes,unified into lab_informal_share_pct_y in the province master (MAP backfills 2014-2021); lab_informal_source flags origin
map_composite,MAP_composite_all.xlsx,MAP,manufacture,map_manuf_y,map,manufacture,,manual_review_required,province_or_kabkot,annual,manual_review_required,,,annual; repeat across months; consumed by unification,region + year,no,map_kabkot_context.csv (kabkot rows),emp_share_manuf_pct_y,,yes,unified into emp_share_manuf_pct_y in the province master (MAP backfills 2014-2021); emp_share_manuf_source flags origin
map_composite,MAP_composite_all.xlsx,MAP,agriculture,map_agri_y,map,agriculture,,manual_review_required,province_or_kabkot,annual,manual_review_required,,,annual; repeat across months; consumed by unification,region + year,no,map_kabkot_context.csv (kabkot rows),emp_share_agri_pct_y,,yes,unified into emp_share_agri_pct_y in the province master (MAP backfills 2014-2021); emp_share_agri_source flags origin
map_composite,MAP_composite_all.xlsx,MAP,nonmanufacture,map_nonmanuf_y,map,nonmanufacture,,manual_review_required,province_or_kabkot,annual,manual_review_required,,,annual; repeat across months; 2024 carried into 2025,region + year,yes (province rows only),map_kabkot_context.csv (kabkot rows),,,yes,unit needs confirmation
map_composite,MAP_composite_all.xlsx,MAP,services,map_svc_y,map,services,,manual_review_required,province_or_kabkot,annual,manual_review_required,,,annual; repeat across months; 2024 carried into 2025,region + year,yes (province rows only),map_kabkot_context.csv (kabkot rows),,,yes,unit needs confirmation
map_composite,MAP_composite_all.xlsx,MAP,minwage,map_minimum_wage_y,map,minwage,,manual_review_required,province_or_kabkot,annual,manual_review_required,,,annual; repeat across months; consumed by unification,region + year,no,map_kabkot_context.csv (kabkot rows),wage_ump_idr_y,,yes,unified into wage_ump_idr_y in the province master (MAP backfills 2014-2021); wage_ump_source flags origin
map_composite,MAP_composite_all.xlsx,MAP,minwagegrowth,map_minimum_wage_growth_y,map,minwagegrowth,,manual_review_required,province_or_kabkot,annual,manual_review_required,,,annual; repeat across months; 2024 carried into 2025,region + year,yes (province rows only),map_kabkot_context.csv (kabkot rows),,,yes,unit needs confirmation
map_composite,MAP_composite_all.xlsx,MAP,threshold_skortotal,map_threshold_score_total_y,map,threshold_skortotal,,manual_review_required,province_or_kabkot,annual,manual_review_required,,,annual; repeat across months; 2024 carried into 2025,region + year,yes (province rows only),map_kabkot_context.csv (kabkot rows),,,yes,unit needs confirmation
map_composite,MAP_composite_all.xlsx,MAP,threshold_status,map_threshold_status_y,map,threshold_status,,manual_review_required,province_or_kabkot,annual,manual_review_required,,,annual; repeat across months; 2024 carried into 2025,region + year,yes (province rows only),map_kabkot_context.csv (kabkot rows),,,yes,unit needs confirmation
map_composite,MAP_composite_all.xlsx,MAP,quantile_nonpkwtt,map_quantile_nonpkwtt_y,map,quantile_nonpkwtt,,manual_review_required,province_or_kabkot,annual,manual_review_required,,,annual; repeat across months; 2024 carried into 2025,region + year,yes (province rows only),map_kabkot_context.csv (kabkot rows),,,yes,unit needs confirmation
map_composite,MAP_composite_all.xlsx,MAP,quantile_wageump,map_quantile_wageump_y,map,quantile_wageump,,manual_review_required,province_or_kabkot,annual,manual_review_required,,,annual; repeat across months; 2024 carried into 2025,region + year,yes (province rows only),map_kabkot_context.csv (kabkot rows),,,yes,unit needs confirmation
map_composite,MAP_composite_all.xlsx,MAP,quantile_laborinten,map_quantile_laborinten_y,map,quantile_laborinten,,manual_review_required,province_or_kabkot,annual,manual_review_required,,,annual; repeat across months; 2024 carried into 2025,region + year,yes (province rows only),map_kabkot_context.csv (kabkot rows),,,yes,unit needs confirmation
map_composite,MAP_composite_all.xlsx,MAP,quantile_formalgrowth,map_quantile_formalgrowth_y,map,quantile_formalgrowth,,manual_review_required,province_or_kabkot,annual,manual_review_required,,,annual; repeat across months; 2024 carried into 2025,region + year,yes (province rows only),map_kabkot_context.csv (kabkot rows),,,yes,unit needs confirmation
map_composite,MAP_composite_all.xlsx,MAP,quantile_pdrbgrowth,map_quantile_pdrbgrowth_y,map,quantile_pdrbgrowth,,manual_review_required,province_or_kabkot,annual,manual_review_required,,,annual; repeat across months; 2024 carried into 2025,region + year,yes (province rows only),map_kabkot_context.csv (kabkot rows),,,yes,unit needs confirmation
map_composite,MAP_composite_all.xlsx,MAP,quantile_skortotal,map_quantile_skortotal_y,map,quantile_skortotal,,manual_review_required,province_or_kabkot,annual,manual_review_required,,,annual; repeat across months; 2024 carried into 2025,region + year,yes (province rows only),map_kabkot_context.csv (kabkot rows),,,yes,unit needs confirmation
map_composite,MAP_composite_all.xlsx,MAP,quantile_status,map_quantile_status_y,map,quantile_status,,manual_review_required,province_or_kabkot,annual,manual_review_required,,,annual; repeat across months; 2024 carried into 2025,region + year,yes (province rows only),map_kabkot_context.csv (kabkot rows),,,yes,unit needs confirmation
phk_dashboard,Data untuk PHK Dashboard.xlsx,phk,Stock / Flow (wide province x date matrix),excluded_from_master,phk,,,raw wide pivot of layoff Stock/Flow; tidy version already in Database (Bulan) as phk_stock / phk_flow,province,monthly,count,,,,,no,(raw staging),,,no,"excluded_from_master: redundant raw layout, not tidy"
phk_dashboard,Data untuk PHK Dashboard.xlsx,Kebutuhan Data,Sumber Data,excluded_from_master,metadata,,,requirements/metadata sheet (not observational data); used to populate the data dictionary,n/a,n/a,n/a,,,,,no,indicator_dictionary.csv,,,no,excluded_from_master: metadata sheet
phk_dashboard,Data untuk PHK Dashboard.xlsx,Kebutuhan Data,Indikator,excluded_from_master,metadata,,,requirements/metadata sheet (not observational data); used to populate the data dictionary,n/a,n/a,n/a,,,,,no,indicator_dictionary.csv,,,no,excluded_from_master: metadata sheet
phk_dashboard,Data untuk PHK Dashboard.xlsx,Kebutuhan Data,Granularitas,excluded_from_master,metadata,,,requirements/metadata sheet (not observational data); used to populate the data dictionary,n/a,n/a,n/a,,,,,no,indicator_dictionary.csv,,,no,excluded_from_master: metadata sheet
phk_dashboard,Data untuk PHK Dashboard.xlsx,Kebutuhan Data,Level Data,excluded_from_master,metadata,,,requirements/metadata sheet (not observational data); used to populate the data dictionary,n/a,n/a,n/a,,,,,no,indicator_dictionary.csv,,,no,excluded_from_master: metadata sheet
phk_dashboard,Data untuk PHK Dashboard.xlsx,Kebutuhan Data,Literature Review,excluded_from_master,metadata,,,requirements/metadata sheet (not observational data); used to populate the data dictionary,n/a,n/a,n/a,,,,,no,indicator_dictionary.csv,,,no,excluded_from_master: metadata sheet
phk_dashboard,Data untuk PHK Dashboard.xlsx,Kebutuhan Data,Arah korelasi terhadap PHK,excluded_from_master,metadata,,,requirements/metadata sheet (not observational data); used to populate the data dictionary,n/a,n/a,n/a,,,,,no,indicator_dictionary.csv,,,no,excluded_from_master: metadata sheet
phk_dashboard,Data untuk PHK Dashboard.xlsx,Kebutuhan Data,R-squared,excluded_from_master,metadata,,,requirements/metadata sheet (not observational data); used to populate the data dictionary,n/a,n/a,n/a,,,,,no,indicator_dictionary.csv,,,no,excluded_from_master: metadata sheet
