year,month,macro_pmi_manuf_nat,macro_bi_rate_pct_nat,macro_fx_idr_usd_nat,price_brent_usd_bbl_nat,price_ihpb_nat
2022,1,53.70000000000003,3.5,14335,86.5,94
2022,2,51.20000000000002,3.5,14351,97.09999999999995,94
2022,3,51.29999999999997,3.5,14349,117.1999999999999,94.69999999999993
2022,4,51.90000000000003,3.5,14369,104.5999999999999,95.59999999999995
2022,5,50.79999999999998,3.5,14608,113.3000000000001,95.90000000000005
2022,6,50.20000000000002,3.5,14689,122.6999999999999,96.59999999999995
2022,7,51.29999999999997,3.5,14984,111.9,97
2022,8,51.70000000000003,3.75,14851,100.4,96.90000000000005
2022,9,53.70000000000003,4.25,14972,89.80000000000005,97.69999999999993
2022,10,51.79999999999997,4.75,15417,93.30000000000007,97.69999999999993
2022,11,50.29999999999998,5.25,15659,91.40000000000005,98
2022,12,50.90000000000003,5.5,15615,80.90000000000005,98.69999999999993
2023,1,51.29999999999997,5.75,15295,82.5,99.30000000000007
2023,2,51.20000000000002,5.75,15126,82.59999999999995,99.59999999999995
2023,3,51.90000000000003,5.75,15301,78.40000000000005,99.90000000000005
2023,4,52.70000000000003,5.75,14867,84.59999999999995,100
2023,5,50.29999999999998,5.75,14811,75.5,100.1999999999999
2023,6,52.5,5.75,14932,74.80000000000003,100.3000000000001
2023,7,53.29999999999997,5.75,15040,80.09999999999995,100.5
2023,8,53.90000000000003,5.75,15245,86.09999999999995,100.5
2023,9,52.29999999999997,5.75,15354,,100.9
2023,10,51.5,6,15741,90.59999999999995,101.1999999999999
2023,11,51.70000000000003,6,15617,82.90000000000005,101.4
2023,12,52.20000000000003,6,15513,77.59999999999995,101.8000000000001
2024,1,52.90000000000003,6,15611,80.09999999999995,102.1
2024,2,52.70000000000003,6,15665,83.5,103
2024,3,54.20000000000003,6,15703,85.40000000000005,103.5
2024,4,52.90000000000003,6.25,16100,89.90000000000005,103.4000000000001
2024,5,52.09999999999997,6.25,16084,81.69999999999996,103.3000000000001
2024,6,50.70000000000002,6.25,16329,82.19999999999995,103.3000000000001
2024,7,49.29999999999998,6.25,16262,85.19999999999995,103.1999999999999
2024,8,48.90000000000003,6.25,15793,80.40000000000005,103.0999999999999
2024,9,49.20000000000002,6,15341,74,102.9000000000001
2024,10,49.20000000000002,6,15541,75.59999999999995,102.8000000000001
2024,11,49.59999999999997,6,15812,74.30000000000003,103
2024,12,51.20000000000002,6,16024,73.90000000000005,103.4000000000001
2025,1,51.90000000000003,5.75,16262,79.30000000000004,104.1999999999999
2025,2,53.59999999999997,5.75,16338,75.40000000000005,104.3000000000001
2025,3,52.40000000000003,5.75,16456,72.69999999999997,105.0999999999999
2025,4,46.70000000000002,5.75,16820,68.09999999999995,105.0999999999999
2025,5,47.40000000000003,5.5,16441,64.5,104.5999999999999
2025,6,46.90000000000003,5.5,16311,71.40000000000005,104.6999999999999
2025,7,49.20000000000002,5.25,16276,71,105.1999999999999
2025,8,51.5,5,16309,67.90000000000005,105.1999999999999
2025,9,50.40000000000003,4.75,16512,68,105.3000000000001
2025,10,51.20000000000002,4.75,16607,64.5,105.5
2025,11,53.29999999999997,4.75,16703,63.8,105.4000000000001
2025,12,51.20000000000002,4.75,16699,62.5,106.3000000000001
