province,month,phk_flow_value,sd_multiple,tier,materiality_score,recent_last_12mo
Jawa Tengah,2024-07,9447.0,4.3,4SD+,40622.1,False
Jawa Tengah,2025-02,8332.0,3.74,2-4SD,31161.68,False
Riau,2023-11,3132.0,6.06,4SD+,18979.92,False
Jawa Barat,2023-06,5245.0,3.51,2-4SD,18409.949999999997,False
Kalimantan Timur,2022-12,3067.0,5.82,4SD+,17849.940000000002,False
Banten,2024-04,4151.0,3.17,2-4SD,13158.67,False
Jawa Barat,2022-12,4406.0,2.76,2-4SD,12160.56,False
DKI Jakarta,2024-09,3741.0,3.21,2-4SD,12008.61,False
Banten,2024-09,3907.0,2.93,2-4SD,11447.51,False
DKI Jakarta,2024-02,3651.0,3.12,2-4SD,11391.12,False
Jawa Barat,2025-02,3973.0,2.37,2-4SD,9416.01,False
DKI Jakarta,2024-10,3291.0,2.75,2-4SD,9050.25,False
Bangka Belitung,2024-05,1373.0,6.26,4SD+,8594.98,False
Jawa Timur,2022-12,2324.0,3.65,2-4SD,8482.6,False
Jawa Barat,2023-03,3809.0,2.22,2-4SD,8455.980000000001,False
Kalimantan Utara,2023-09,1423.0,5.44,4SD+,7741.120000000001,False
Jawa Timur,2024-10,2141.0,3.29,2-4SD,7043.89,False
Sulawesi Tengah,2024-05,1647.0,4.17,4SD+,6867.99,False
Sulawesi Tengah,2023-08,1548.0,3.9,2-4SD,6037.2,False
Sulawesi Selatan,2025-10,1279.0,4.5,4SD+,5755.5,True
DKI Jakarta,2024-12,2584.0,2.01,2-4SD,5193.839999999999,False
DI Yogyakarta,2024-11,1050.0,4.84,4SD+,5082.0,False
Kalimantan Barat,2025-02,1190.0,3.94,2-4SD,4688.6,False
Kalimantan Selatan,2023-07,1156.0,3.86,2-4SD,4462.16,False
Sumatera Utara,2023-11,931.0,4.36,4SD+,4059.1600000000003,False
Kalimantan Barat,2022-12,1087.0,3.56,2-4SD,3869.7200000000003,False
Bali,2022-11,610.0,6.01,4SD+,3666.1,False
Jawa Timur,2024-12,1570.0,2.19,2-4SD,3438.2999999999997,False
Kalimantan Selatan,2026-02,995.0,3.22,2-4SD,3203.9,True
Sulawesi Tenggara,2024-08,573.0,4.89,4SD+,2801.97,False
Sulawesi Selatan,2025-11,895.0,2.95,2-4SD,2640.25,True
Nusa Tenggara Barat,2022-11,375.0,5.7,4SD+,2137.5,False
Kepulauan Riau,2025-07,590.0,3.48,2-4SD,2053.2,True
Kalimantan Barat,2024-05,785.0,2.44,2-4SD,1915.3999999999999,False
Sumatera Barat,2023-12,397.0,4.41,4SD+,1750.77,False
Kalimantan Selatan,2023-06,727.0,2.16,2-4SD,1570.3200000000002,False
Gorontalo,2023-08,302.0,5.05,4SD+,1525.1,False
Sumatera Selatan,2026-01,467.0,3.19,2-4SD,1489.73,True
DI Yogyakarta,2024-09,585.0,2.41,2-4SD,1409.8500000000001,False
Kalimantan Tengah,2024-08,339.0,4.01,4SD+,1359.3899999999999,False
Jambi,2023-06,258.0,4.43,4SD+,1142.9399999999998,False
Sumatera Barat,2024-06,322.0,3.46,2-4SD,1114.12,False
Sumatera Utara,2024-03,508.0,2.06,2-4SD,1046.48,False
Kalimantan Tengah,2023-09,289.0,3.32,2-4SD,959.4799999999999,False
Maluku,2024-11,211.0,4.51,4SD+,951.6099999999999,False
Bengkulu,2025-07,203.0,4.07,4SD+,826.21,True
Maluku,2022-12,195.0,4.14,4SD+,807.3,False
Bengkulu,2025-08,188.0,3.73,2-4SD,701.24,True
Maluku Utara,2023-08,102.0,5.41,4SD+,551.82,False
Papua Barat,2022-12,124.0,4.41,4SD+,546.84,False
Nusa Tenggara Timur,2023-12,98.0,5.26,4SD+,515.48,False
Aceh,2024-10,154.0,3.24,2-4SD,498.96000000000004,False
Gorontalo,2022-12,171.0,2.7,2-4SD,461.70000000000005,False
Papua,2022-12,76.0,5.58,4SD+,424.08,False
Jambi,2026-02,160.0,2.5,2-4SD,400.0,True
Papua Barat,2025-09,104.0,3.64,2-4SD,378.56,True
Aceh,2024-03,133.0,2.69,2-4SD,357.77,False
Gorontalo,2023-12,135.0,2.06,2-4SD,278.1,False
Lampung,2025-02,118.0,2.31,2-4SD,272.58,False
Lampung,2025-09,116.0,2.26,2-4SD,262.15999999999997,True
Lampung,2025-05,112.0,2.15,2-4SD,240.79999999999998,False
Sulawesi Utara,2025-05,60.0,2.34,2-4SD,140.39999999999998,False
Sulawesi Barat,2022-12,33.0,4.22,4SD+,139.26,False
Maluku Utara,2023-11,52.0,2.56,2-4SD,133.12,False
