"variable","PC1_loading","PC2_loading","decision"
"agri_share",0.418,-0.051,"KEEP"
"employee_share",0.399,0.162,"DROP: duplicate of formal_share (r=1.00)"
"formal_share",0.392,0.197,"KEEP"
"bpjs_pu_share",0.385,0.06,"KEEP"
"services_share",0.384,0.093,"KEEP"
"labor_intensity",0.376,-0.192,"DROP: near-duplicate of manuf_share (r=0.89)"
"manuf_share",0.263,-0.397,"KEEP"
"workers_perfirm",-0.061,-0.433,"DROP: off-axis (loads on PC2, not exposure)"
"contract_share",0.058,-0.532,"DROP: off-axis (loads on PC2, not exposure)"
"pmdn_share",0.004,0.506,"DROP: off-axis (loads on PC2, not exposure)"
