"rank","province","year","exposure_pc1","exposure_0_100"
1,"DKI Jakarta",2023,5.1805,100
2,"Kepulauan Riau",2023,4.0659,89
3,"Banten",2023,3.018,78.7
4,"Kalimantan Timur",2023,2.3447,72.1
5,"Bali",2023,1.7497,66.2
6,"Jawa Barat",2023,1.6848,65.6
7,"Sulawesi Utara",2023,1.5712,64.5
8,"DI Yogyakarta",2023,1.4115,62.9
9,"Kalimantan Utara",2023,0.8484,57.3
10,"Jawa Tengah",2023,0.5763,54.7
11,"Maluku Utara",2023,0.3168,52.1
12,"Kalimantan Selatan",2023,0.288,51.8
13,"Bangka Belitung",2023,0.116,50.1
14,"Riau",2023,0.0296,49.3
15,"Sumatera Utara",2023,-0.0221,48.8
16,"Gorontalo",2023,-0.0561,48.4
17,"Kalimantan Tengah",2023,-0.141,47.6
18,"Papua Barat",2023,-0.2147,46.9
19,"Maluku",2023,-0.2861,46.2
20,"Sulawesi Tenggara",2023,-0.2933,46.1
21,"Jawa Timur",2023,-0.3475,45.6
22,"Sulawesi Selatan",2023,-0.4153,44.9
23,"Sumatera Barat",2023,-0.5779,43.3
24,"Aceh",2023,-0.8652,40.5
25,"Sulawesi Tengah",2023,-1.0893,38.3
26,"Nusa Tenggara Barat",2023,-1.1935,37.2
27,"Jambi",2023,-1.2695,36.5
28,"Sumatera Selatan",2023,-1.4289,34.9
29,"Kalimantan Barat",2023,-1.6456,32.8
30,"Lampung",2023,-1.8053,31.2
31,"Bengkulu",2023,-1.859,30.7
32,"Sulawesi Barat",2023,-2.266,26.7
33,"Nusa Tenggara Timur",2023,-2.4484,24.9
34,"Papua",2023,-4.9767,0
