variable,data_bulanan,data_triwulan,data_tahunan,data_provinsi,data_nasional
phk_stock,1,0,0,1,0
phk_flow,1,0,0,1,0
macro_pmi_manuf_nat,1,0,0,0,1
price_cpi_index,1,0,0,1,0
price_inflation_mom_pct,1,0,0,1,0
price_inflation_yoy_pct,1,0,0,1,0
price_consumer_change_pct,1,0,0,1,0
trade_export_value,1,0,0,1,0
trade_import_value,1,0,0,1,0
trade_balance,1,0,0,1,0
fin_total_credit_idr_billion,1,0,0,1,0
fin_npl_idr_billion,1,0,0,1,0
fin_npl_ratio_pct,1,0,0,1,0
macro_bi_rate_pct_nat,1,0,0,0,1
macro_fx_idr_usd_nat,1,0,0,0,1
price_brent_usd_bbl_nat,1,0,0,0,1
price_ihpb_nat,1,0,0,0,1
phk_stock_q,0,1,0,1,0
phk_flow_q,0,1,0,1,0
macro_pdrb_q,0,1,0,1,0
macro_pdrb_agri_q,0,1,0,1,0
macro_pdrb_mining_q,0,1,0,1,0
macro_pdrb_manuf_q,0,1,0,1,0
macro_pdrb_electricity_q,0,1,0,1,0
macro_pdrb_water_waste_q,0,1,0,1,0
macro_pdrb_construction_q,0,1,0,1,0
macro_pdrb_trade_q,0,1,0,1,0
macro_pdrb_transport_q,0,1,0,1,0
macro_pdrb_accom_food_q,0,1,0,1,0
macro_pdrb_info_comm_q,0,1,0,1,0
macro_pdrb_finance_q,0,1,0,1,0
macro_pdrb_real_estate_q,0,1,0,1,0
macro_pdrb_business_svc_q,0,1,0,1,0
macro_pdrb_public_admin_q,0,1,0,1,0
macro_pdrb_education_q,0,1,0,1,0
macro_pdrb_health_q,0,1,0,1,0
macro_pdrb_other_svc_q,0,1,0,1,0
macro_pdrb_manuf_share_pct_q,0,1,0,1,0
macro_pdrb_agri_share_pct_q,0,1,0,1,0
macro_pdrb_svc_share_pct_q,0,1,0,1,0
macro_pmi_manuf_nat_q,0,1,0,0,1
fin_fdi_usd_million_q,0,1,0,1,0
fin_fdi_idr_million_q,0,1,0,1,0
lab_working_pop_q,0,1,0,1,0
price_producer_index_nat_q,0,1,0,0,1
price_producer_change_pct_nat_q,0,1,0,0,1
price_producer_ceic_pct_nat_q,0,1,0,0,1
price_cpi_index_q,0,1,0,1,0
price_consumer_change_pct_q,0,1,0,1,0
trade_export_value_usd_million_q,0,1,0,1,0
trade_import_value_usd_million_q,0,1,0,1,0
trade_balance_usd_million_q,0,1,0,1,0
fin_total_credit_idr_billion_q,0,1,0,1,0
fin_npl_idr_billion_q,0,1,0,1,0
fin_npl_ratio_pct_q,0,1,0,1,0
macro_bi_rate_pct_nat_q,0,1,0,0,1
macro_fx_idr_usd_nat_q,0,1,0,0,1
phk_y,0,0,1,1,0
lab_formal_share_pct_y,0,0,1,1,0
lab_formal_share_2019_pct_y,0,0,1,1,0
lab_formal_share_chg_vs2019_y,0,0,1,1,0
lab_contract_workers_y,0,0,1,1,0
lab_formal_workers_y,0,0,1,1,0
lab_contract_share_pct_y,0,0,1,1,0
lab_contract_share_2019_pct_y,0,0,1,1,0
lab_contract_share_chg_vs2019_y,0,0,1,1,0
lab_working_pop_y,0,0,1,1,0
lab_tpt_pct_y,0,0,1,1,0
lab_tpt_male_pct_y,0,0,1,1,0
lab_tpt_female_pct_y,0,0,1,1,0
lab_tpak_pct_y,0,0,1,1,0
lab_tpak_male_pct_y,0,0,1,1,0
lab_tpak_female_pct_y,0,0,1,1,0
lab_self_employed_y,0,0,1,1,0
lab_employee_count_y,0,0,1,1,0
lab_unpaid_family_y,0,0,1,1,0
lab_underemployed_workers_y,0,0,1,1,0
lab_full_time_share_pct_y,0,0,1,1,0
lab_part_time_share_pct_y,0,0,1,1,0
lab_underemp_share_pct_y,0,0,1,1,0
emp_agri_y,0,0,1,1,0
emp_mining_y,0,0,1,1,0
emp_manuf_y,0,0,1,1,0
emp_electricity_y,0,0,1,1,0
emp_water_waste_y,0,0,1,1,0
emp_construction_y,0,0,1,1,0
emp_trade_y,0,0,1,1,0
emp_transport_y,0,0,1,1,0
emp_accom_food_y,0,0,1,1,0
emp_info_comm_y,0,0,1,1,0
emp_finance_y,0,0,1,1,0
emp_real_estate_y,0,0,1,1,0
emp_business_svc_y,0,0,1,1,0
emp_public_admin_y,0,0,1,1,0
emp_education_y,0,0,1,1,0
emp_health_y,0,0,1,1,0
emp_other_svc_y,0,0,1,1,0
emp_share_agri_pct_y,0,0,1,1,0
emp_share_mining_pct_y,0,0,1,1,0
emp_share_manuf_pct_y,0,0,1,1,0
emp_share_electricity_pct_y,0,0,1,1,0
emp_share_water_waste_pct_y,0,0,1,1,0
emp_share_construction_pct_y,0,0,1,1,0
emp_share_trade_pct_y,0,0,1,1,0
emp_share_transport_pct_y,0,0,1,1,0
emp_share_accom_food_pct_y,0,0,1,1,0
emp_share_info_comm_pct_y,0,0,1,1,0
emp_share_finance_pct_y,0,0,1,1,0
emp_share_real_estate_pct_y,0,0,1,1,0
emp_share_business_svc_pct_y,0,0,1,1,0
emp_share_public_admin_pct_y,0,0,1,1,0
emp_share_education_pct_y,0,0,1,1,0
emp_share_health_pct_y,0,0,1,1,0
emp_share_other_svc_pct_y,0,0,1,1,0
lab_working_hours_y,0,0,1,1,0
wage_ump_idr_y,0,0,1,1,0
wage_ump_growth_pct_y,0,0,1,1,0
wage_avg_employee_idr_y,0,0,1,1,0
wage_kaitz_index_y,0,0,1,1,0
lab_nonagri_informal_share_pct_y,0,0,1,1,0
lab_informal_share_pct_y,0,0,1,1,0
lab_job_seekers_y,0,0,1,1,0
lab_vacancies_registered_y,0,0,1,1,0
lab_placements_registered_y,0,0,1,1,0
bpjstk_active_pu_y,0,0,1,1,0
bpjstk_active_bpu_y,0,0,1,1,0
bpjstk_phk_y,0,0,1,1,0
bpjstk_jht_phk_y,0,0,1,1,0
bpjstk_jkp_phk_y,0,0,1,1,0
growth_lab_working_pop_y,0,0,1,1,0
growth_lab_employee_count_y,0,0,1,1,0
growth_lab_unpaid_family_y,0,0,1,1,0
growth_lab_formal_share_pct_y,0,0,1,1,0
growth_lab_contract_share_pct_y,0,0,1,1,0
growth_lab_full_time_share_pct_y,0,0,1,1,0
growth_lab_part_time_share_pct_y,0,0,1,1,0
growth_lab_underemp_share_pct_y,0,0,1,1,0
growth_lab_working_hours_y,0,0,1,1,0
growth_lab_tpt_pct_y,0,0,1,1,0
growth_lab_tpt_male_pct_y,0,0,1,1,0
growth_lab_tpt_female_pct_y,0,0,1,1,0
growth_lab_tpak_pct_y,0,0,1,1,0
growth_lab_tpak_male_pct_y,0,0,1,1,0
growth_lab_tpak_female_pct_y,0,0,1,1,0
growth_wage_avg_employee_y,0,0,1,1,0
growth_bpjstk_active_pu_y,0,0,1,1,0
growth_bpjstk_active_bpu_y,0,0,1,1,0
growth_bpjstk_phk_y,0,0,1,1,0
growth_bpjstk_jht_phk_y,0,0,1,1,0
growth_bpjstk_jkp_phk_y,0,0,1,1,0
lag1_phk_y,0,0,1,1,0
lag1_lab_formal_share_pct_y,0,0,1,1,0
lag1_lab_contract_share_pct_y,0,0,1,1,0
lag1_wage_ump_growth_pct_y,0,0,1,1,0
lag1_bpjstk_active_pu_y,0,0,1,1,0
lag1_bpjstk_active_bpu_y,0,0,1,1,0
lag1_bpjstk_phk_y,0,0,1,1,0
lag1_bpjstk_jht_phk_y,0,0,1,1,0
lag1_bpjstk_jkp_phk_y,0,0,1,1,0
lab_unemployed_y,0,0,1,1,0
lab_unemployed_youth_y,0,0,1,1,0
lab_unemployed_edu_y,0,0,1,1,0
lab_unemployed_youth_share_pct_y,0,0,1,1,0
lab_unemployed_edu_share_pct_y,0,0,1,1,0
ind_firms_medium_y,0,0,1,1,0
ind_firms_large_y,0,0,1,1,0
ind_firms_total_y,0,0,1,1,0
ind_workers_medium_y,0,0,1,1,0
ind_workers_large_y,0,0,1,1,0
ind_workers_prod_y,0,0,1,1,0
ind_workers_nonprod_y,0,0,1,1,0
ind_workers_total_y,0,0,1,1,0
ind_prod_workers_wage_cost_y,0,0,1,1,0
ind_prod_workers_other_cost_y,0,0,1,1,0
ind_prod_workers_total_cost_y,0,0,1,1,0
ind_nonprod_workers_wage_cost_y,0,0,1,1,0
ind_nonprod_workers_other_cost_y,0,0,1,1,0
ind_nonprod_workers_total_cost_y,0,0,1,1,0
ind_laborcost_total_y,0,0,1,1,0
ind_input_y,0,0,1,1,0
ind_output_y,0,0,1,1,0
ind_va_mkt_y,0,0,1,1,0
ind_va_fc_y,0,0,1,1,0
ind_firms_pmdn_y,0,0,1,1,0
ind_firms_pma_y,0,0,1,1,0
ind_workers_per_firm_y,0,0,1,1,0
ind_prod_worker_share_y,0,0,1,1,0
ind_workers_per_input_y,0,0,1,1,0
ind_workers_per_output_y,0,0,1,1,0
ind_workers_per_va_mkt_y,0,0,1,1,0
ind_workers_per_va_fc_y,0,0,1,1,0
ind_laborcost_share_input_y,0,0,1,1,0
ind_laborcost_share_output_y,0,0,1,1,0
ind_laborcost_share_va_mkt_y,0,0,1,1,0
ind_laborcost_share_va_fc_y,0,0,1,1,0
ind_laborcost_per_wkr_y,0,0,1,1,0
ind_output_per_wkr_y,0,0,1,1,0
ind_va_mkt_per_wkr_y,0,0,1,1,0
ind_va_fc_per_wkr_y,0,0,1,1,0
ind_input_share_output_y,0,0,1,1,0
ind_va_mkt_share_output_y,0,0,1,1,0
ind_va_fc_share_output_y,0,0,1,1,0
ind_prod_laborcost_share_y,0,0,1,1,0
ind_nonprod_laborcost_share_y,0,0,1,1,0
ind_prod_wage_per_wkr_y,0,0,1,1,0
ind_nonprod_wage_per_wkr_y,0,0,1,1,0
ind_firms_pmdn_share_y,0,0,1,1,0
ind_firms_pma_share_y,0,0,1,1,0
growth_ind_output_y,0,0,1,1,0
growth_ind_input_y,0,0,1,1,0
growth_ind_va_mkt_y,0,0,1,1,0
growth_ind_va_fc_y,0,0,1,1,0
growth_ind_workers_total_y,0,0,1,1,0
growth_ind_firms_total_y,0,0,1,1,0
growth_ind_laborcost_total_y,0,0,1,1,0
growth_ind_labor_prod_market_y,0,0,1,1,0
growth_ind_labor_prod_fc_y,0,0,1,1,0
diffgr_input_minus_output_y,0,0,1,1,0
diffgr_laborcost_minus_output_y,0,0,1,1,0
macro_pdrb_idr_billion_y,0,0,1,1,0
macro_pdrb_idr_million_y,0,0,1,1,0
growth_pdrb_pct_y,0,0,1,1,0
macro_pdrb_agri_y,0,0,1,1,0
macro_pdrb_mining_y,0,0,1,1,0
macro_pdrb_manuf_y,0,0,1,1,0
macro_pdrb_electricity_y,0,0,1,1,0
macro_pdrb_water_waste_y,0,0,1,1,0
macro_pdrb_construction_y,0,0,1,1,0
macro_pdrb_trade_y,0,0,1,1,0
macro_pdrb_transport_y,0,0,1,1,0
macro_pdrb_accom_food_y,0,0,1,1,0
macro_pdrb_info_comm_y,0,0,1,1,0
macro_pdrb_finance_y,0,0,1,1,0
macro_pdrb_real_estate_y,0,0,1,1,0
macro_pdrb_business_svc_y,0,0,1,1,0
macro_pdrb_public_admin_y,0,0,1,1,0
macro_pdrb_education_y,0,0,1,1,0
macro_pdrb_health_y,0,0,1,1,0
macro_pdrb_other_svc_y,0,0,1,1,0
macro_pdrb_manuf_share_pct_y,0,0,1,1,0
macro_pdrb_agri_share_pct_y,0,0,1,1,0
macro_pdrb_svc_share_pct_y,0,0,1,1,0
macro_pdrb_manuf_growth_pct_y,0,0,1,1,0
macro_pdrb_per_wkr_y,0,0,1,1,0
macro_pdrb_per_wkr_growth_pct_y,0,0,1,1,0
macro_pdrb_pcap_idr_thousand_y,0,0,1,1,0
growth_pdrb_pcap_pct_y,0,0,1,1,0
macro_pmi_manuf_nat_y,0,0,1,0,1
fin_fdi_y,0,0,1,1,0
price_inflation_yoy_q4_pct_y,0,0,1,1,0
price_inflation_yoy_avg_pct_y,0,0,1,1,0
price_producer_index_nat_y,0,0,1,0,1
price_cpi_index_nat_y,0,0,1,0,1
price_producer_change_pct_nat_y,0,0,1,0,1
price_consumer_change_pct_nat_y,0,0,1,0,1
trade_export_value_bps_y,0,0,1,1,0
trade_export_value_y,0,0,1,1,0
trade_import_value_y,0,0,1,1,0
trade_balance_y,0,0,1,1,0
fin_total_credit_idr_billion_y,0,0,1,1,0
fin_npl_y,0,0,1,1,0
fin_npl_ratio_pct_y,0,0,1,1,0
fin_npl_ratio_2020_pct_y,0,0,1,1,0
fin_npl_ratio_2021_pct_y,0,0,1,1,0
macro_bi_rate_avg_pct_nat_y,0,0,1,0,1
macro_fx_idr_usd_nat_y,0,0,1,0,1
macro_construction_cost_index_y,0,0,1,1,0
macro_pdrb_hh_cons_share_pct_y,0,0,1,1,0
macro_pdrb_gov_cons_share_pct_y,0,0,1,1,0
macro_pdrb_invest_share_pct_y,0,0,1,1,0
pov_line_idr_y,0,0,1,1,0
pov_headcount_thousand_y,0,0,1,1,0
pov_rate_pct_y,0,0,1,1,0
growth_brent_yoy_pct_nat,1,0,0,0,1
growth_ihpb_yoy_pct_nat,1,0,0,0,1
growth_npl_yoy_pct,1,0,0,1,0
growth_export_yoy_pct,1,0,0,1,0
growth_import_yoy_pct,1,0,0,1,0
growth_export_yoy_pct_q,0,1,0,1,0
growth_import_yoy_pct_q,0,1,0,1,0
emp_share_agri_ppt_chg_y,0,0,1,1,0
emp_share_mining_ppt_chg_y,0,0,1,1,0
emp_share_manuf_ppt_chg_y,0,0,1,1,0
emp_share_electricity_ppt_chg_y,0,0,1,1,0
emp_share_water_waste_ppt_chg_y,0,0,1,1,0
emp_share_construction_ppt_chg_y,0,0,1,1,0
emp_share_trade_ppt_chg_y,0,0,1,1,0
emp_share_transport_ppt_chg_y,0,0,1,1,0
emp_share_accom_food_ppt_chg_y,0,0,1,1,0
emp_share_info_comm_ppt_chg_y,0,0,1,1,0
emp_share_finance_ppt_chg_y,0,0,1,1,0
emp_share_real_estate_ppt_chg_y,0,0,1,1,0
emp_share_business_svc_ppt_chg_y,0,0,1,1,0
emp_share_public_admin_ppt_chg_y,0,0,1,1,0
emp_share_education_ppt_chg_y,0,0,1,1,0
emp_share_health_ppt_chg_y,0,0,1,1,0
emp_share_other_svc_ppt_chg_y,0,0,1,1,0
macro_fx_vol_sd_nat_y,0,0,1,0,1
