province,forecast_month,volatility_tier,phk_rate_forecast,implied_phk_count_forecast,used_raw_count_fallback,method_weights_used,last_observed_month,flagged_unstable
Aceh,2026-01,Quiet,0.01096,28.1,False,70/15/15,2025-12,False
Aceh,2026-02,Quiet,0.01095,28.0,False,70/15/15,2025-12,False
Aceh,2026-03,Quiet,0.01094,28.0,False,70/15/15,2025-12,False
Aceh,2026-04,Quiet,0.01094,28.0,False,70/15/15,2025-12,False
Aceh,2026-05,Quiet,0.01094,28.0,False,70/15/15,2025-12,False
Aceh,2026-06,Quiet,0.01094,28.0,False,70/15/15,2025-12,False
Bali,2026-01,Moderate,0.01429,38.6,False,50/50/0,2025-12,False
Bali,2026-02,Moderate,0.01429,38.6,False,50/50/0,2025-12,False
Bali,2026-03,Moderate,0.01429,38.6,False,50/50/0,2025-12,False
Bali,2026-04,Moderate,0.01429,38.6,False,50/50/0,2025-12,False
Bali,2026-05,Moderate,0.01429,38.6,False,50/50/0,2025-12,False
Bali,2026-06,Moderate,0.01429,38.6,False,50/50/0,2025-12,False
Bangka Belitung,2026-01,High-vol,0.02479,19.5,False,15/15/70,2025-12,False
Bangka Belitung,2026-02,High-vol,0.02479,19.5,False,15/15/70,2025-12,False
Bangka Belitung,2026-03,High-vol,0.02479,19.5,False,15/15/70,2025-12,False
Bangka Belitung,2026-04,High-vol,0.02479,19.5,False,15/15/70,2025-12,False
Bangka Belitung,2026-05,High-vol,0.02479,19.5,False,15/15/70,2025-12,False
Bangka Belitung,2026-06,High-vol,0.02479,19.5,False,15/15/70,2025-12,False
Banten,2026-01,High-vol,0.16234,934.4,False,15/15/70,2025-12,False
Banten,2026-02,High-vol,0.16253,935.5,False,15/15/70,2025-12,False
Banten,2026-03,High-vol,0.16273,936.6,False,15/15/70,2025-12,False
Banten,2026-04,High-vol,0.16292,937.7,False,15/15/70,2025-12,False
Banten,2026-05,High-vol,0.16311,938.9,False,15/15/70,2025-12,False
Banten,2026-06,High-vol,0.1633,940.0,False,15/15/70,2025-12,False
Bengkulu,2025-12,Quiet,0.01853,20.7,False,70/15/15,2025-11,False
Bengkulu,2026-01,Quiet,0.02248,25.1,False,70/15/15,2025-11,False
Bengkulu,2026-02,Quiet,0.02248,25.1,False,70/15/15,2025-11,False
Bengkulu,2026-03,Quiet,0.02248,25.1,False,70/15/15,2025-11,False
Bengkulu,2026-04,Quiet,0.02248,25.1,False,70/15/15,2025-11,False
Bengkulu,2026-05,Quiet,0.02248,25.1,False,70/15/15,2025-11,False
DI Yogyakarta,2026-01,High-vol,0.01497,32.9,False,15/15/70,2025-12,False
DI Yogyakarta,2026-02,High-vol,0.01481,32.6,False,15/15/70,2025-12,False
DI Yogyakarta,2026-03,High-vol,0.01473,32.4,False,15/15/70,2025-12,False
DI Yogyakarta,2026-04,High-vol,0.01469,32.3,False,15/15/70,2025-12,False
DI Yogyakarta,2026-05,High-vol,0.01466,32.3,False,15/15/70,2025-12,False
DI Yogyakarta,2026-06,High-vol,0.01465,32.2,False,15/15/70,2025-12,False
DKI Jakarta,2026-01,High-vol,0.07909,405.6,False,15/15/70,2025-12,False
DKI Jakarta,2026-02,High-vol,0.07723,396.1,False,15/15/70,2025-12,False
DKI Jakarta,2026-03,High-vol,0.07545,386.9,False,15/15/70,2025-12,False
DKI Jakarta,2026-04,High-vol,0.07374,378.2,False,15/15/70,2025-12,False
DKI Jakarta,2026-05,High-vol,0.0721,369.8,False,15/15/70,2025-12,False
DKI Jakarta,2026-06,High-vol,0.07054,361.7,False,15/15/70,2025-12,False
Gorontalo,2026-01,Moderate,0.03469,22.0,False,50/50/0,2025-12,False
Gorontalo,2026-02,Moderate,0.03469,22.0,False,50/50/0,2025-12,False
Gorontalo,2026-03,Moderate,0.03469,22.0,False,50/50/0,2025-12,False
Gorontalo,2026-04,Moderate,0.03469,22.0,False,50/50/0,2025-12,False
Gorontalo,2026-05,Moderate,0.03469,22.0,False,50/50/0,2025-12,False
Gorontalo,2026-06,Moderate,0.03469,22.0,False,50/50/0,2025-12,False
Jambi,2026-01,Quiet,0.01203,22.3,False,70/15/15,2025-12,False
Jambi,2026-02,Quiet,0.01203,22.3,False,70/15/15,2025-12,False
Jambi,2026-03,Quiet,0.01203,22.3,False,70/15/15,2025-12,False
Jambi,2026-04,Quiet,0.01203,22.3,False,70/15/15,2025-12,False
Jambi,2026-05,Quiet,0.01203,22.3,False,70/15/15,2025-12,False
Jambi,2026-06,Quiet,0.01203,22.3,False,70/15/15,2025-12,False
Jawa Barat,2026-01,Moderate,0.05666,1388.6,False,50/50/0,2025-12,False
Jawa Barat,2026-02,Moderate,0.05666,1388.6,False,50/50/0,2025-12,False
Jawa Barat,2026-03,Moderate,0.05666,1388.6,False,50/50/0,2025-12,False
Jawa Barat,2026-04,Moderate,0.05666,1388.6,False,50/50/0,2025-12,False
Jawa Barat,2026-05,Moderate,0.05666,1388.6,False,50/50/0,2025-12,False
Jawa Barat,2026-06,Moderate,0.05666,1388.6,False,50/50/0,2025-12,False
Jawa Tengah,2026-01,High-vol,0.01525,324.7,False,15/15/70,2025-12,False
Jawa Tengah,2026-02,High-vol,0.01525,324.7,False,15/15/70,2025-12,False
Jawa Tengah,2026-03,High-vol,0.01525,324.7,False,15/15/70,2025-12,False
Jawa Tengah,2026-04,High-vol,0.01525,324.7,False,15/15/70,2025-12,False
Jawa Tengah,2026-05,High-vol,0.01525,324.7,False,15/15/70,2025-12,False
Jawa Tengah,2026-06,High-vol,0.01525,324.7,False,15/15/70,2025-12,False
Jawa Timur,2026-01,Moderate,0.0183,435.6,False,50/50/0,2025-12,False
Jawa Timur,2026-02,Moderate,0.0183,435.6,False,50/50/0,2025-12,False
Jawa Timur,2026-03,Moderate,0.0183,435.6,False,50/50/0,2025-12,False
Jawa Timur,2026-04,Moderate,0.0183,435.6,False,50/50/0,2025-12,False
Jawa Timur,2026-05,Moderate,0.0183,435.6,False,50/50/0,2025-12,False
Jawa Timur,2026-06,Moderate,0.0183,435.6,False,50/50/0,2025-12,False
Kalimantan Barat,2026-01,High-vol,0.01613,47.3,False,15/15/70,2025-12,False
Kalimantan Barat,2026-02,High-vol,0.0139,40.7,False,15/15/70,2025-12,False
Kalimantan Barat,2026-03,High-vol,0.01414,41.4,False,15/15/70,2025-12,False
Kalimantan Barat,2026-04,High-vol,0.01414,41.4,False,15/15/70,2025-12,False
Kalimantan Barat,2026-05,High-vol,0.01414,41.4,False,15/15/70,2025-12,False
Kalimantan Barat,2026-06,High-vol,0.01414,41.4,False,15/15/70,2025-12,False
Kalimantan Selatan,2026-01,High-vol,0.01705,36.7,False,15/15/70,2025-12,False
Kalimantan Selatan,2026-02,High-vol,0.02125,45.7,False,15/15/70,2025-12,False
Kalimantan Selatan,2026-03,High-vol,0.02125,45.7,False,15/15/70,2025-12,False
Kalimantan Selatan,2026-04,High-vol,0.02125,45.7,False,15/15/70,2025-12,False
Kalimantan Selatan,2026-05,High-vol,0.02125,45.7,False,15/15/70,2025-12,False
Kalimantan Selatan,2026-06,High-vol,0.02125,45.7,False,15/15/70,2025-12,False
Kalimantan Tengah,2025-12,Moderate,0.03431,48.6,False,50/50/0,2025-11,False
Kalimantan Tengah,2026-01,Moderate,0.03431,48.6,False,50/50/0,2025-11,False
Kalimantan Tengah,2026-02,Moderate,0.03431,48.6,False,50/50/0,2025-11,False
Kalimantan Tengah,2026-03,Moderate,0.03431,48.6,False,50/50/0,2025-11,False
Kalimantan Tengah,2026-04,Moderate,0.03431,48.6,False,50/50/0,2025-11,False
Kalimantan Tengah,2026-05,Moderate,0.03431,48.6,False,50/50/0,2025-11,False
Kalimantan Timur,2026-01,High-vol,0.05436,107.1,False,15/15/70,2025-12,False
Kalimantan Timur,2026-02,High-vol,0.06157,121.3,False,15/15/70,2025-12,False
Kalimantan Timur,2026-03,High-vol,0.04205,82.8,False,15/15/70,2025-12,False
Kalimantan Timur,2026-04,High-vol,0.04205,82.8,False,15/15/70,2025-12,False
Kalimantan Timur,2026-05,High-vol,0.04205,82.8,False,15/15/70,2025-12,False
Kalimantan Timur,2026-06,High-vol,0.04205,82.8,False,15/15/70,2025-12,False
Kalimantan Utara,2026-01,High-vol,0.07514,28.6,False,15/15/70,2025-12,False
Kalimantan Utara,2026-02,High-vol,0.07409,28.2,False,15/15/70,2025-12,False
Kalimantan Utara,2026-03,High-vol,0.07409,28.2,False,15/15/70,2025-12,False
Kalimantan Utara,2026-04,High-vol,0.07409,28.2,False,15/15/70,2025-12,False
Kalimantan Utara,2026-05,High-vol,0.07409,28.2,False,15/15/70,2025-12,False
Kalimantan Utara,2026-06,High-vol,0.07409,28.2,False,15/15/70,2025-12,False
Kepulauan Riau,2026-01,High-vol,0.03742,39.4,False,15/15/70,2025-12,False
Kepulauan Riau,2026-02,High-vol,0.03654,38.4,False,15/15/70,2025-12,False
Kepulauan Riau,2026-03,High-vol,0.03588,37.7,False,15/15/70,2025-12,False
Kepulauan Riau,2026-04,High-vol,0.03539,37.2,False,15/15/70,2025-12,False
Kepulauan Riau,2026-05,High-vol,0.03503,36.8,False,15/15/70,2025-12,False
Kepulauan Riau,2026-06,High-vol,0.03475,36.6,False,15/15/70,2025-12,False
Lampung,2026-01,Quiet,0.00746,36.2,False,70/15/15,2025-12,False
Lampung,2026-02,Quiet,0.00741,36.0,False,70/15/15,2025-12,False
Lampung,2026-03,Quiet,0.00591,28.7,False,70/15/15,2025-12,False
Lampung,2026-04,Quiet,0.00608,29.5,False,70/15/15,2025-12,False
Lampung,2026-05,Quiet,0.00709,34.4,False,70/15/15,2025-12,False
Lampung,2026-06,Quiet,0.00689,33.4,False,70/15/15,2025-12,False
Maluku,2025-12,Moderate,0.01897,17.5,False,50/50/0,2025-11,False
Maluku,2026-01,Moderate,0.01897,17.5,False,50/50/0,2025-11,False
Maluku,2026-02,Moderate,0.01897,17.5,False,50/50/0,2025-11,False
Maluku,2026-03,Moderate,0.01897,17.5,False,50/50/0,2025-11,False
Maluku,2026-04,Moderate,0.01897,17.5,False,50/50/0,2025-11,False
Maluku,2026-05,Moderate,0.01897,17.5,False,50/50/0,2025-11,False
Maluku Utara,2025-12,Quiet,0.00912,6.1,False,70/15/15,2025-11,False
Maluku Utara,2026-01,Quiet,0.00912,6.1,False,70/15/15,2025-11,False
Maluku Utara,2026-02,Quiet,0.00912,6.1,False,70/15/15,2025-11,False
Maluku Utara,2026-03,Quiet,0.00912,6.1,False,70/15/15,2025-11,False
Maluku Utara,2026-04,Quiet,0.00912,6.1,False,70/15/15,2025-11,False
Maluku Utara,2026-05,Quiet,0.00912,6.1,False,70/15/15,2025-11,False
Nusa Tenggara Barat,2026-01,Quiet,0.00672,20.9,False,70/15/15,2025-12,False
Nusa Tenggara Barat,2026-02,Quiet,0.00671,20.8,False,70/15/15,2025-12,False
Nusa Tenggara Barat,2026-03,Quiet,0.00671,20.8,False,70/15/15,2025-12,False
Nusa Tenggara Barat,2026-04,Quiet,0.00671,20.8,False,70/15/15,2025-12,False
Nusa Tenggara Barat,2026-05,Quiet,0.00671,20.8,False,70/15/15,2025-12,False
Nusa Tenggara Barat,2026-06,Quiet,0.00671,20.8,False,70/15/15,2025-12,False
Nusa Tenggara Timur,2025-12,Quiet,0.00261,7.8,False,70/15/15,2025-11,False
Nusa Tenggara Timur,2026-01,Quiet,0.0025,7.5,False,70/15/15,2025-11,False
Nusa Tenggara Timur,2026-02,Quiet,0.00246,7.4,False,70/15/15,2025-11,False
Nusa Tenggara Timur,2026-03,Quiet,0.00245,7.3,False,70/15/15,2025-11,False
Nusa Tenggara Timur,2026-04,Quiet,0.00244,7.3,False,70/15/15,2025-11,False
Nusa Tenggara Timur,2026-05,Quiet,0.00244,7.3,False,70/15/15,2025-11,False
Papua,2025-12,Quiet,0.00782,3.4,False,70/15/15,2025-11,False
Papua,2026-01,Quiet,0.00782,3.4,False,70/15/15,2025-11,False
Papua,2026-02,Quiet,0.00782,3.4,False,70/15/15,2025-11,False
Papua,2026-03,Quiet,0.00782,3.4,False,70/15/15,2025-11,False
Papua,2026-04,Quiet,0.00782,3.4,False,70/15/15,2025-11,False
Papua,2026-05,Quiet,0.00782,3.4,False,70/15/15,2025-11,False
Papua Barat,2025-12,Moderate,0.05114,14.7,False,50/50/0,2025-11,False
Papua Barat,2026-01,Moderate,0.05114,14.7,False,50/50/0,2025-11,False
Papua Barat,2026-02,Moderate,0.05114,14.7,False,50/50/0,2025-11,False
Papua Barat,2026-03,Moderate,0.05114,14.7,False,50/50/0,2025-11,False
Papua Barat,2026-04,Moderate,0.05114,14.7,False,50/50/0,2025-11,False
Papua Barat,2026-05,Moderate,0.05114,14.7,False,50/50/0,2025-11,False
Riau,2026-01,High-vol,0.02195,70.5,False,15/15/70,2025-12,False
Riau,2026-02,High-vol,0.02195,70.5,False,15/15/70,2025-12,False
Riau,2026-03,High-vol,0.02195,70.5,False,15/15/70,2025-12,False
Riau,2026-04,High-vol,0.02195,70.5,False,15/15/70,2025-12,False
Riau,2026-05,High-vol,0.02195,70.5,False,15/15/70,2025-12,False
Riau,2026-06,High-vol,0.02195,70.5,False,15/15/70,2025-12,False
Sulawesi Barat,2026-01,Quiet,0.00471,3.8,False,70/15/15,2025-12,False
Sulawesi Barat,2026-02,Quiet,0.00483,3.9,False,70/15/15,2025-12,False
Sulawesi Barat,2026-03,Quiet,0.00482,3.9,False,70/15/15,2025-12,False
Sulawesi Barat,2026-04,Quiet,0.00482,3.9,False,70/15/15,2025-12,False
Sulawesi Barat,2026-05,Quiet,0.00482,3.9,False,70/15/15,2025-12,False
Sulawesi Barat,2026-06,Quiet,0.00482,3.9,False,70/15/15,2025-12,False
Sulawesi Selatan,2026-01,Moderate,0.0661,314.6,False,50/50/0,2025-12,False
Sulawesi Selatan,2026-02,Moderate,0.0661,314.6,False,50/50/0,2025-12,False
Sulawesi Selatan,2026-03,Moderate,0.0661,314.6,False,50/50/0,2025-12,False
Sulawesi Selatan,2026-04,Moderate,0.0661,314.6,False,50/50/0,2025-12,False
Sulawesi Selatan,2026-05,Moderate,0.0661,314.6,False,50/50/0,2025-12,False
Sulawesi Selatan,2026-06,Moderate,0.0661,314.6,False,50/50/0,2025-12,False
Sulawesi Tengah,2026-01,High-vol,0.03219,53.2,False,15/15/70,2025-12,False
Sulawesi Tengah,2026-02,High-vol,0.03219,53.2,False,15/15/70,2025-12,False
Sulawesi Tengah,2026-03,High-vol,0.03219,53.2,False,15/15/70,2025-12,False
Sulawesi Tengah,2026-04,High-vol,0.03219,53.2,False,15/15/70,2025-12,False
Sulawesi Tengah,2026-05,High-vol,0.03219,53.2,False,15/15/70,2025-12,False
Sulawesi Tengah,2026-06,High-vol,0.03219,53.2,False,15/15/70,2025-12,False
Sulawesi Tenggara,2026-01,Moderate,0.06099,87.5,False,50/50/0,2025-12,False
Sulawesi Tenggara,2026-02,Moderate,0.06099,87.5,False,50/50/0,2025-12,False
Sulawesi Tenggara,2026-03,Moderate,0.06099,87.5,False,50/50/0,2025-12,False
Sulawesi Tenggara,2026-04,Moderate,0.06099,87.5,False,50/50/0,2025-12,False
Sulawesi Tenggara,2026-05,Moderate,0.06099,87.5,False,50/50/0,2025-12,False
Sulawesi Tenggara,2026-06,Moderate,0.06099,87.5,False,50/50/0,2025-12,False
Sulawesi Utara,2026-01,Quiet,0.01032,13.8,False,70/15/15,2025-12,False
Sulawesi Utara,2026-02,Quiet,0.00989,13.2,False,70/15/15,2025-12,False
Sulawesi Utara,2026-03,Quiet,0.01014,13.6,False,70/15/15,2025-12,False
Sulawesi Utara,2026-04,Quiet,0.00999,13.4,False,70/15/15,2025-12,False
Sulawesi Utara,2026-05,Quiet,0.01008,13.5,False,70/15/15,2025-12,False
Sulawesi Utara,2026-06,Quiet,0.01003,13.4,False,70/15/15,2025-12,False
Sumatera Barat,2026-01,Moderate,0.01623,49.0,False,50/50/0,2025-12,False
Sumatera Barat,2026-02,Moderate,0.01623,49.0,False,50/50/0,2025-12,False
Sumatera Barat,2026-03,Moderate,0.01623,49.0,False,50/50/0,2025-12,False
Sumatera Barat,2026-04,Moderate,0.01623,49.0,False,50/50/0,2025-12,False
Sumatera Barat,2026-05,Moderate,0.01623,49.0,False,50/50/0,2025-12,False
Sumatera Barat,2026-06,Moderate,0.01623,49.0,False,50/50/0,2025-12,False
Sumatera Selatan,2026-01,Quiet,0.01568,70.4,False,70/15/15,2025-12,False
Sumatera Selatan,2026-02,Quiet,0.01552,69.7,False,70/15/15,2025-12,False
Sumatera Selatan,2026-03,Quiet,0.01561,70.1,False,70/15/15,2025-12,False
Sumatera Selatan,2026-04,Quiet,0.01556,69.9,False,70/15/15,2025-12,False
Sumatera Selatan,2026-05,Quiet,0.01559,70.0,False,70/15/15,2025-12,False
Sumatera Selatan,2026-06,Quiet,0.01557,70.0,False,70/15/15,2025-12,False
Sumatera Utara,2026-01,Quiet,0.01181,94.2,False,70/15/15,2025-12,False
Sumatera Utara,2026-02,Quiet,0.01176,93.8,False,70/15/15,2025-12,False
Sumatera Utara,2026-03,Quiet,0.01174,93.6,False,70/15/15,2025-12,False
Sumatera Utara,2026-04,Quiet,0.01173,93.6,False,70/15/15,2025-12,False
Sumatera Utara,2026-05,Quiet,0.01173,93.6,False,70/15/15,2025-12,False
Sumatera Utara,2026-06,Quiet,0.01173,93.6,False,70/15/15,2025-12,False
