"rank","province","year","slack_z","slack_0_100","f_open_unemp_z","f_underutil_z","f_labor_demand_z"
1,"Maluku",2023,0.6767,100,0.6942,0.5734,0.7623
2,"Aceh",2023,0.6509,98.5,0.0475,0.9608,0.9444
3,"Papua",2023,0.5466,92.6,0.0304,0.4627,1.1466
4,"Nusa Tenggara Barat",2023,0.502,90.1,-0.1645,1.1065,0.5641
5,"Maluku Utara",2023,0.4799,88.8,1.7093,0.0454,-0.3151
6,"Nusa Tenggara Timur",2023,0.2932,78.2,-1.0341,1.7354,0.1781
7,"Lampung",2023,0.2705,76.9,-0.3417,0.5294,0.6238
8,"Riau",2023,0.2414,75.2,-0.398,0.2759,0.8463
9,"Kalimantan Selatan",2023,0.2278,74.4,-0.4465,0.1871,0.9427
10,"Sumatera Utara",2023,0.2254,74.3,0.0911,-0.0556,0.6405
11,"Jawa Barat",2023,0.1531,70.2,1.8526,-0.7478,-0.6456
12,"Banten",2023,0.0796,66,1.8576,-1.2403,-0.3784
13,"Kalimantan Barat",2023,0.0794,66,-0.1364,0.0685,0.3063
14,"Sumatera Selatan",2023,0.0544,64.6,-0.2455,0.2773,0.1315
15,"Papua Barat",2023,0.045,64,-0.6815,0.0654,0.7511
16,"Sulawesi Selatan",2023,0.0372,63.6,0.1301,0.4095,-0.4281
17,"Bengkulu",2023,0.0205,62.6,-0.7362,0.5731,0.2247
18,"Sulawesi Barat",2023,0.0068,61.9,-0.8984,1.7356,-0.8169
19,"Jambi",2023,0.0024,61.6,0.0498,0.929,-0.9715
20,"Kalimantan Tengah",2023,-0.0285,59.9,-0.1091,-0.4249,0.4485
21,"Gorontalo",2023,-0.0517,58.5,-1.0172,-0.0287,0.8909
22,"Sulawesi Tenggara",2023,-0.0676,57.6,-0.5041,0.6726,-0.3713
23,"Sulawesi Utara",2023,-0.0745,57.2,0.275,-0.535,0.0364
24,"Bangka Belitung",2023,-0.1783,51.3,-0.3561,-0.6844,0.5056
25,"DI Yogyakarta",2023,-0.1783,51.3,-0.551,-0.1951,0.2113
26,"Kalimantan Timur",2023,-0.2046,49.8,0.049,-1.3758,0.7129
27,"Jawa Tengah",2023,-0.2249,48.7,0.1157,-0.3963,-0.394
28,"Jawa Timur",2023,-0.2847,45.3,-0.0636,-0.1847,-0.6059
29,"Kepulauan Riau",2023,-0.3709,40.4,1.5034,-1.5156,-0.1633
30,"Sumatera Barat",2023,-0.3793,39.9,0.5435,0.5214,-2.2028
31,"Sulawesi Tengah",2023,-0.3943,39,-0.3899,0.1453,-0.9383
32,"Bali",2023,-0.4799,34.2,-0.9995,-1.1463,0.706
33,"DKI Jakarta",2023,-0.6571,24.1,1.0601,-2.0222,-1.0092
34,"Kalimantan Utara",2023,-1.0798,0,-0.1843,-0.7216,-2.3335
