,1100,1200,1300,1400,1500,1600,1700,1800,1900,2100,3100,3200,3300,3400,3500,3600,5100,5200,5300,6100,6200,6300,6400,6500,7100,7200,7300,7400,7500,7600,8100,8200,9100,9400
s01,-1.20714935474098E-0003,-2.21618497744203E-0003,-2.39586713723838E-0003,-8.51484294980764E-0003,-2.41238297894597E-0003,-9.29906789679080E-0004,-9.11573471967131E-0004,-1.63108995184302E-0003,-1.01104099303484E-0003,-1.22440466657281E-0003,-1.09981908462942E-0003,-9.32396156713367E-0004,-1.11507414840162E-0003,-1.50814163498580E-0003,-3.41722206212580E-0003,-2.10164347663522E-0003,-9.56158502958715E-0004,-9.29454050492495E-0004,-1.06852222234011E-0003,-5.68779010791332E-0004,-6.22310151811689E-0004,-5.98195532802492E-0004,-6.93556852638721E-0004,-8.63544119056314E-0004,-1.34893215727061E-0003,-1.29534746520221E-0003,-1.31756404880434E-0003,-1.10504974145442E-0003,-1.23023591004312E-0003,-1.28960399888456E-0003,-1.26464827917516E-0003,-9.49713983573020E-0004,-1.05781923048198E-0003,-8.95545643288642E-0004
s02,1.05955470644403E-0004,-1.05097540654242E-0003,6.53374765533954E-0004,-1.12108583562076E-0003,-2.02554347924888E-0003,-4.86757708131336E-0005,5.59694162802771E-0005,1.27711682580411E-0005,-2.05232063308358E-0004,6.72726091579534E-0005,-4.57325775641948E-0004,-7.69496473367326E-0005,-2.03283707378432E-0005,-2.24058589083143E-0004,-8.40978173073381E-0004,-5.08648983668536E-0004,-6.37843913864344E-0004,-1.72037587617524E-0004,-3.95684328395873E-0004,-4.07107174396515E-0004,-2.08192665013485E-0004,-1.64605531608686E-0004,-2.27745651500300E-0004,-4.24882280640304E-0004,-2.28663833695464E-0004,-3.13384283799678E-0004,-2.67043738858774E-0004,-3.31632938468829E-0004,-2.14157626032829E-0004,-4.11918037571013E-0004,-5.35302911885083E-0004,-3.85144987376407E-0004,-3.11680953018367E-0004,-3.02258995361626E-0004
s03,-5.15251467004418E-0003,-5.50279254093766E-0003,-6.71567209064961E-0003,-1.23527152463794E-0002,-7.27149005979300E-0003,-5.67375961691141E-0003,-4.74806223064661E-0003,-6.09353603795171E-0003,-4.67958487570286E-0003,-2.23061721771955E-0003,-5.12657128274441E-0003,-3.28189390711486E-0003,-2.16403952799737E-0003,-3.27429268509150E-0003,-6.22051209211350E-0003,-5.35372458398342E-0003,-4.02534566819668E-0003,-3.04570957086980E-0003,-4.35176631435752E-0003,-3.16932587884367E-0003,-2.96152778901160E-0003,-3.13491048291326E-0003,-3.30152199603617E-0003,-3.70688340626657E-0003,-4.01619914919138E-0003,-3.83489369414747E-0003,-4.14048274978995E-0003,-3.36249987594783E-0003,-3.90237662941217E-0003,-3.52357164956629E-0003,-3.99390282109380E-0003,-4.07442357391119E-0003,-3.86586366221309E-0003,-3.65454657003284E-0003
s04,-2.49828910455108E-0003,-2.09903786890209E-0003,2.46084760874510E-0004,8.21405276656151E-0003,9.66214109212160E-0004,-1.83390453457832E-0003,-1.29083031788468E-0003,-2.31406069360673E-0003,-2.54649715498090E-0003,-8.32963921129704E-0003,-1.88725732732564E-0003,-8.24868271593004E-0004,-8.99824663065374E-0004,-1.45874475128949E-0003,-4.43278066813946E-0003,-2.35889689065516E-0003,-4.26330231130123E-0003,-4.38367016613483E-0003,-6.41861231997609E-0003,-2.99800117500126E-0003,-3.20807495154440E-0003,-2.44943774305284E-0003,-3.07126273401082E-0003,-2.13903910480440E-0003,-5.53909735754132E-0003,-3.47329210489988E-0003,-2.29153176769614E-0003,-1.93625944666564E-0003,-7.59053369984031E-0003,-3.66628100164235E-0003,-1.68822472915053E-0003,-2.55580479279161E-0003,-2.77402298524976E-0003,-4.69400640577078E-0003
s05,-3.26162553392351E-0003,-4.50218515470624E-0003,-4.77066263556480E-0003,-1.19164930656552E-0002,-6.49213232100010E-0003,-4.54328395426273E-0003,-3.37346084415913E-0003,-3.38566885329783E-0003,-4.02928516268730E-0003,-1.97296822443604E-0003,3.20003091474064E-0005,-1.04115705471486E-0003,-9.90970293059945E-0004,-1.30198837723583E-0003,-3.56298428960145E-0003,-2.37917876802385E-0003,-1.54739466961473E-0003,-1.22182711493224E-0003,-1.93343311548233E-0003,-2.76058167219162E-0003,-2.61789024807513E-0003,-2.24089133553207E-0003,-2.89410562254488E-0003,-2.88170157000422E-0003,-2.20075366087258E-0003,-2.84473691135645E-0003,-1.92769360728562E-0003,-1.61021028179675E-0003,-1.92569731734693E-0003,-2.79990956187248E-0003,-2.11479584686458E-0003,-3.04406858049333E-0003,-2.88837566040456E-0003,-1.85901497025043E-0003
s06,2.12440378963947E-0002,2.41144075989723E-0002,1.10124545171857E-0002,2.28325743228197E-0002,1.52004491537809E-0002,1.61028988659382E-0002,1.37801738455892E-0002,1.59990713000298E-0002,1.35581698268652E-0002,1.31764495745301E-0002,1.49145135655999E-0002,1.61850489675999E-0002,1.30936978384852E-0002,1.36471390724182E-0002,1.18216210976243E-0002,1.57152898609638E-0002,1.16870589554310E-0002,1.12808076664805E-0002,1.15881022065878E-0002,8.61337222158909E-0003,1.10759017989039E-0002,9.74601507186890E-0003,1.13314557820559E-0002,9.95962973684072E-0003,1.00065199658275E-0002,1.11556388437748E-0002,8.69964715093374E-0003,9.80950798839331E-0003,9.14585776627064E-0003,1.01702287793159E-0002,8.45182780176401E-0003,7.45940022170544E-0003,9.45033133029938E-0003,8.65434668958187E-0003
s07,1.33015878964216E-0003,1.92666612565517E-0003,2.66463402658701E-0003,5.21313725039363E-0003,1.81902863550931E-0003,8.47487477585673E-0004,1.06779835186899E-0003,6.57801807392389E-0004,7.12701643351465E-0004,7.44588978704996E-0005,4.97649365570396E-0004,5.42493886314332E-0004,4.56105975899845E-0004,4.14495181757957E-0004,4.86557401018217E-0005,7.32289452571422E-0004,-2.85665882984176E-0004,5.26597257703543E-0004,1.17819127626717E-0003,5.32625927007757E-0005,9.92776840575971E-0005,3.63111612387002E-0004,7.92042101238621E-0006,7.94452964328229E-0004,7.60067428927869E-0004,7.60100490879267E-0004,6.27381901722401E-0004,7.88290228229016E-0004,7.22262018825859E-0004,6.95090508088470E-0004,8.32115707453340E-0004,7.93815474025905E-0004,5.88258146308362E-0004,5.28684642631561E-0004
s08,-1.24226964544505E-0003,-1.39851169660687E-0003,-2.15096137253568E-0004,-2.85160145722330E-0004,-1.72977661713958E-0003,-1.54091569129378E-0003,-1.55204173643142E-0003,-1.61640928126872E-0003,-1.13399047404528E-0003,-8.65370791871101E-0004,-1.46082800347358E-0003,-1.17097981274128E-0003,-1.01249862927943E-0003,-1.14396132994443E-0003,-1.45580421667546E-0003,-1.85207312460989E-0003,-8.44038266222924E-0004,-9.65917133726180E-0004,-9.88839659839869E-0004,-8.05500952992588E-0004,-1.15158222615719E-0003,-1.29505817312747E-0003,-1.25302223023027E-0003,-1.33853289298713E-0003,-1.05980585794896E-0003,-1.18018325883895E-0003,-1.09401298686862E-0003,-1.16106052882969E-0003,-1.11242488492280E-0003,-1.16073165554553E-0003,-1.25037715770304E-0003,-1.11465645022690E-0003,-1.26847112551332E-0003,-1.20852666441351E-0003
s09,-1.19574507698417E-0003,-1.50267546996474E-0003,-1.77641585469246E-0003,-4.48822369799018E-0003,-1.59402086865157E-0003,-1.09996739774942E-0003,-1.07937236316502E-0003,-1.22573762200773E-0003,-1.14419811870903E-0003,-1.02436263114214E-0003,-1.33910041768104E-0003,-8.99769831448793E-0004,-7.67050834838301E-0004,-9.76395676843822E-0004,-1.85690296348184E-0003,-1.55877636279911E-0003,-9.31339047383517E-0004,-9.51069639995694E-0004,-7.92461156379431E-0004,-9.38298355322331E-0004,-8.51111544761807E-0004,-1.06914702337235E-0003,-9.36010794248432E-0004,-1.10832357313484E-0003,-8.86492955032736E-0004,-8.43334826640785E-0004,-8.09570366982371E-0004,-9.09286143723875E-0004,-9.06621455214918E-0004,-9.01689170859754E-0004,-1.13887852057815E-0003,-9.12250659894198E-0004,-8.50249198265374E-0004,-9.35429823584855E-0004
s10,-9.93265537545085E-0004,-2.21610791049898E-0003,3.47137189237401E-0004,4.24387073144317E-0003,-6.71565067023039E-0004,-8.47214192617685E-0004,-9.37630364205688E-0004,-1.24114111531526E-0003,-7.02657911460847E-0004,-1.42095249611884E-0003,-1.89811899326742E-0003,-1.70124997384846E-0003,-1.04116764850914E-0003,-7.05801357980818E-0004,-2.48123006895185E-0003,-3.02176526747644E-0003,-1.54687091708183E-0003,-8.85219953488559E-0004,-9.56989009864628E-0004,-7.47841375414282E-0004,-1.13248988054693E-0003,-1.71025993768126E-0003,-1.64411845616996E-0003,-8.29392694868147E-0004,-7.63731484767050E-0004,-3.47286066971719E-0003,-1.16936885751784E-0003,-4.26953379064798E-0003,-8.73257173225284E-0004,-9.40786616411060E-0004,-9.46090847719461E-0004,-2.45086546055973E-0003,-1.15400529466569E-0003,-9.03731910511851E-0004
s11,-3.89424560125917E-0004,-7.95275554992259E-0004,-1.22171232942492E-0003,-4.15417598560452E-0003,-1.33184879086912E-0003,-4.57013433333486E-0004,-2.90916446829215E-0004,-3.32000985508785E-0004,-1.66207842994481E-0004,1.18199313874356E-0004,-4.40584815805778E-0004,-1.25953796668909E-0004,-4.30770596722141E-0005,-2.64681730186567E-0004,-1.04408524930477E-0003,-1.17180042434484E-0003,-7.71767663536593E-0005,-1.09919688839000E-0004,-1.13526890345383E-0004,-1.16974169941386E-0005,-1.68375663633924E-0005,1.72082236531423E-0005,-6.40081270830706E-0005,-1.00221819593571E-0004,-4.40575749962591E-0005,-1.27959632663988E-0004,-9.66458101174794E-0005,-6.51678856229410E-0005,-4.51736086688470E-0005,-1.35064794449136E-0004,-1.33240158902481E-0004,-4.74570151709486E-0005,-1.62613185239024E-0004,-3.75290583178867E-0005
s12,-8.62869783304632E-0004,-4.64132660999894E-0003,-3.38606769219041E-0003,-2.29397676885128E-0002,-5.88943297043443E-0003,4.23124613007531E-0004,-3.66678740829229E-0003,6.65233179461211E-0004,-3.75624233856797E-0003,5.50803495571017E-0004,-3.89917055144906E-0003,-2.82041844911873E-0004,2.61563080130145E-0004,-5.20621135365218E-0004,-4.71088243648410E-0003,-2.34021316282451E-0003,-1.23028279631399E-0004,1.44489109516144E-0003,-3.89585329685360E-0005,-2.76533607393503E-0003,-5.25732059031725E-0003,-2.07195151597261E-0003,-2.30734772048891E-0003,-2.90179182775319E-0003,-3.54228983633220E-0003,-1.99280423112214E-0003,1.87106314115226E-0003,-8.55337537359446E-0004,9.13091294933111E-0004,-1.60156213678420E-0003,-1.69021682813764E-0003,-1.32265849970281E-0003,-1.55585643369704E-0003,-3.69816506281495E-0003
s13,8.63693479914218E-0004,-2.63520493172109E-0003,-1.51716952677816E-0003,-1.30723845213652E-0002,-3.54993715882301E-0003,1.37093954253942E-0003,5.50266704522073E-0004,6.58387783914804E-0003,1.03732303250581E-0003,1.34666811209172E-0003,-8.37767322082072E-0004,1.83290825225413E-0003,1.57792563550174E-0003,1.42906454857439E-0003,-1.85552542097867E-0003,-1.64383789524436E-0003,1.25864229630679E-0003,8.15615989267826E-0004,8.21961276233196E-0003,1.98482046835124E-0003,2.60974001139402E-0003,2.31700763106346E-0003,1.93703453987837E-0003,4.75528737297282E-0004,1.67872384190559E-0003,7.70540675148368E-0004,7.48570018913597E-0004,1.40043243300170E-0003,1.53922394383699E-0003,1.57669303007424E-0003,1.06845772825181E-0003,1.58293603453785E-0003,1.36466615367681E-0003,1.48806755896658E-0003
s14,-3.33412201143801E-0003,-2.60912370868027E-0003,-5.98564220126718E-0004,3.23643605224788E-0003,-1.52166746556759E-0003,-2.15588486753404E-0003,-1.74341630190611E-0003,-4.19797096401453E-0003,-3.29034565947950E-0003,-8.44397302716970E-0003,-1.39082474634051E-0002,-8.73583741486073E-0003,-9.40760876983404E-0003,-8.08207225054503E-0003,-8.71732179075480E-0003,-1.18215931579471E-0002,-7.75327393785119E-0003,-5.44968666508794E-0003,-4.39995480701327E-0003,-5.28041971847415E-0003,-5.16222091391683E-0003,-4.63905837386847E-0003,-5.20562985911965E-0003,-5.69591671228409E-0003,-3.83893633261323E-0003,-4.09591570496559E-0003,-3.53567744605243E-0003,-4.06827125698328E-0003,-4.07400308176875E-0003,-3.76066891476512E-0003,-4.42731939256191E-0003,-4.49544936418533E-0003,-4.75783506408334E-0003,-4.52036131173372E-0003
s15,-5.17735583707690E-0003,-1.45059879869223E-0002,-7.39990547299385E-0003,-1.17198992520571E-0002,-7.51602277159691E-0003,-6.53719110414386E-0003,-3.15119209699333E-0003,-5.33865764737129E-0003,-4.68712439760566E-0003,-1.06226615607738E-0002,-1.84034425765276E-0002,-1.43623687326908E-0002,-9.24398377537727E-0003,-9.71104018390179E-0003,-1.97531916201115E-0002,-2.19888258725405E-0002,-7.36614270135760E-0003,-4.21421416103840E-0003,-2.55443155765533E-0003,-4.86922543495894E-0003,-4.54537011682987E-0003,-3.11676389537752E-0003,-4.66711726039648E-0003,-4.60415473207831E-0003,-3.72439133934677E-0003,-3.11051821336150E-0003,-3.24631063267589E-0003,-4.07829508185387E-0003,-1.63697020616382E-0003,-3.08001157827675E-0003,-3.54493991471827E-0003,-3.37906787171960E-0003,-4.50358213856816E-0003,-3.53961717337370E-0003
s16,-2.59621478617191E-0002,-3.58596630394459E-0002,-6.77205389365554E-0004,-2.42257565259933E-0002,-1.54009470716119E-0002,-1.84452552348375E-0002,-1.34158106520772E-0002,-1.30293928086758E-0002,-1.05425231158733E-0002,-1.75424199551344E-0002,-2.14240532368422E-0002,-1.76300890743732E-0002,-2.64077335596085E-0002,-2.13473923504353E-0002,-2.62184310704470E-0002,-2.28162258863449E-0002,-1.74200236797333E-0002,-1.40635529533029E-0002,-1.42824724316597E-0002,-1.03104747831821E-0002,-2.00344584882259E-0002,-1.71860959380865E-0002,-1.92248784005642E-0002,-2.13100798428059E-0002,-9.11029800772667E-0003,-1.13709243014455E-0002,-4.12581022828817E-0003,-1.09092714264989E-0002,-3.04384506307542E-0003,-2.58757919073105E-0003,-3.37758613750339E-0003,-5.99491829052567E-0003,-1.27807222306728E-0002,-1.42488963901997E-0002
s17,2.02586829662323E-0001,3.19835960865021E-0001,3.14918011426926E-0001,4.59606885910034E-0001,4.94867026805878E-0001,2.92031973600388E-0001,2.58527219295502E-0001,3.68308931589127E-0001,1.74130335450172E-0001,1.60379737615585E-0001,3.61202329397202E-0001,1.78061768412590E-0001,1.59088939428329E-0001,1.26774474978447E-0001,3.31724792718887E-0001,2.51008272171021E-0001,1.88315823674202E-0001,1.30344480276108E-0001,1.17934286594391E-0001,1.26643612980843E-0001,1.30379706621170E-0001,1.28587648272514E-0001,2.61024892330170E-0001,1.28958791494370E-0001,1.12840734422207E-0001,1.07374541461468E-0001,1.06283076107502E-0001,1.10760457813740E-0001,1.14405199885368E-0001,1.12878032028675E-0001,1.09043449163437E-0001,1.14800408482552E-0001,1.10477685928345E-0001,1.07053287327290E-0001
s18,1.02635915391147E-0003,1.43670084071346E-0004,3.13605531118810E-0004,-1.74780804663897E-0002,-2.97146337106824E-0003,-7.50570543459617E-0005,1.98076176457107E-0003,-9.61334371822886E-0005,1.50335486978292E-0003,-4.94076812174171E-0004,-3.37271299213171E-0003,-1.57277201651596E-0004,1.10308197326958E-0003,6.81534118484706E-0004,-3.76004865393043E-0003,-3.24547593481839E-0003,8.78115301020443E-0004,-4.48868871899322E-0004,-3.96120012737811E-0004,1.57908914843574E-0004,-6.10067490924848E-0006,-7.77645560447127E-0004,-8.25644761789590E-0004,-4.51391300885007E-0004,3.10334784444422E-0004,4.88131045131013E-0004,4.57648711744696E-0004,1.15479291707743E-0004,4.75557142635807E-0004,4.46938764071092E-0004,-1.55602887389250E-0004,2.76166625553742E-0004,-3.59038021997549E-0005,2.16592947253957E-0004
s19,3.55504889739677E-0004,-2.03344412147999E-0003,-2.51503381878138E-0003,-1.33993737399578E-0002,7.83828669227660E-0004,-5.85961795877665E-0004,-1.94259147974662E-0004,8.42513327370398E-0006,-6.22380408458412E-0004,-2.94951110845432E-0004,3.17178317345679E-0004,5.97077247221023E-0004,1.37864472344518E-0003,1.33295368868858E-0003,-2.45679239742458E-0003,-1.03356468025595E-0003,-3.18592821713537E-0004,-1.12714583519846E-0003,-1.56426161993295E-0003,-1.78952002897859E-0003,-2.09074746817350E-0003,-2.08039977587759E-0003,-2.48237675987184E-0003,-2.73032044060528E-0003,-2.02244217507541E-0003,-4.65251831337810E-0003,-2.32171849347651E-0003,-2.10235174745321E-0003,-2.24925205111504E-0003,-1.53514835983515E-0003,-4.45572054013610E-0003,-3.41357500292361E-0003,-5.71704749017954E-0003,-3.63399041816592E-0003
s20,-4.21275896951556E-0003,-1.07470778748393E-0002,-7.70573643967509E-0003,-1.91284045577049E-0002,-5.73000730946660E-0003,-3.65101755596697E-0003,-1.65632949210703E-0003,-2.82637472264469E-0003,-3.58749926090240E-0003,-2.96577601693571E-0003,-9.49405413120985E-0003,-2.84036621451378E-0003,-4.83395019546151E-0003,-3.02204489707947E-0003,-8.86976439505816E-0003,-5.69766527041793E-0003,-1.73807935789227E-0003,-1.91532878670841E-0003,-1.20614946354181E-0003,-2.24155839532614E-0003,-3.44215682707727E-0003,-4.59792371839285E-0003,-3.00256884656847E-0003,-4.45590727031231E-0003,7.31778913177550E-0004,-2.10208418138791E-0005,-4.72847232595086E-0003,-7.91175814811140E-0004,-5.80004276707768E-0003,-4.01085475459695E-0003,-5.09589037392288E-0004,-1.55615399125963E-0003,-9.77692077867687E-0004,-1.63508648984134E-0003
s21,-3.84815153665841E-0003,-1.32962353527546E-0002,-2.04277690500021E-0002,-3.44436056911945E-0002,-1.90932452678680E-0002,-1.40001494437456E-0002,-1.23835122212768E-0002,-8.38254299014807E-0003,-1.05306673794985E-0002,-7.83317349851131E-0003,-1.25713739544153E-0002,-6.20070146396756E-0003,-4.29538870230317E-0003,-2.59203906171024E-0003,-6.94643100723624E-0003,-1.06253623962402E-0002,-1.75620929803699E-0003,-1.36753916740417E-0003,4.95408312417567E-0004,-4.39725443720818E-0003,-7.79788568615913E-0003,-9.76548716425896E-0003,-2.66052247025073E-0003,-3.56197659857571E-0003,-7.80151924118400E-0004,6.13689830061048E-0004,-2.27065727813169E-0004,1.93169515114278E-0003,-7.14055262506008E-0004,2.15169799048454E-0004,-9.09618753939867E-0003,-1.74284353852272E-0003,-2.16181343421340E-0003,-2.44156527332962E-0003
s22,-7.46550457552075E-0003,-1.22579177841544E-0002,-1.60664599388838E-0002,-3.67508456110954E-0002,-1.56100317835808E-0002,-1.01840971037745E-0002,-7.63665791600943E-0003,-1.28690982237458E-0002,-1.00204432383180E-0002,-7.42161832749844E-0003,-1.21152168139815E-0002,-9.30022913962603E-0003,-6.67199864983559E-0003,-8.87900590896606E-0003,-1.84434819966555E-0002,-1.46841062232852E-0002,-7.39522604271769E-0003,-6.73287501558662E-0003,-7.15335132554173E-0003,-1.61834191530943E-0002,-6.30212575197220E-0003,-7.64060625806451E-0003,-8.21884442120791E-0003,-8.45635030418634E-0003,-6.15073041990399E-0003,-6.58860290423036E-0003,-1.58167593181133E-0002,-6.18079723790288E-0003,-6.35075010359287E-0003,-7.60687980800867E-0003,-7.77417328208685E-0003,-7.26753380149603E-0003,-7.39778997376561E-0003,-7.37840589135885E-0003
s23,-5.68793294951320E-0003,-8.15243087708950E-0003,-7.62512302026153E-0003,-2.09674835205078E-0002,-8.22093151509762E-0003,-6.09099632129073E-0003,-4.62917378172278E-0003,-5.78776421025395E-0003,-5.94964902848005E-0003,-1.02564739063382E-0002,-1.07917832210660E-0002,-7.29659758508205E-0003,-5.78197045251727E-0003,-6.49109762161970E-0003,-9.87789966166019E-0003,-1.03768557310104E-0002,-5.25018805637956E-0003,-5.57215930894017E-0003,-5.50777325406671E-0003,-5.48604782670736E-0003,-6.01578503847122E-0003,-5.69341005757451E-0003,-6.38277921825647E-0003,-6.28422107547522E-0003,-4.52426541596651E-0003,-4.69672726467252E-0003,-4.92990622296929E-0003,-5.11246500536799E-0003,-4.87653585150838E-0003,-4.73826751112938E-0003,-5.41840726509690E-0003,-5.52066601812839E-0003,-5.16219437122345E-0003,-5.24574192240834E-0003
s24,-3.91752272844315E-0003,-5.75976585969329E-0003,-8.85440967977047E-0003,-1.31344795227051E-0002,-3.39661701582372E-0003,-3.63798346370459E-0003,-6.43048342317343E-0003,-4.42278059199452E-0003,-6.60016899928451E-0003,-1.07941040769219E-0002,-7.66531424596906E-0003,-5.19613595679402E-0003,-4.49577625840902E-0003,-4.75138146430254E-0003,-8.05269461125135E-0003,-7.70309334620833E-0003,-5.22827729582787E-0003,-5.45507809147239E-0003,-5.49489306285977E-0003,-5.93260768800974E-0003,-6.32941629737616E-0003,-6.74005877226591E-0003,-6.66919723153114E-0003,-6.84659788385034E-0003,-4.94495034217834E-0003,-4.91987541317940E-0003,-5.22557040676475E-0003,-5.80821093171835E-0003,-5.18428860232234E-0003,-4.96259983628988E-0003,-5.85275189951062E-0003,-5.75896818190813E-0003,-6.35651592165232E-0003,-6.35055033490062E-0003
s25,-1.97442175704055E-0004,1.86822854448110E-0003,2.63750157319009E-0003,-5.37375104613602E-0004,-1.78219168446958E-0003,-2.66147108050063E-0004,1.96861848235130E-0003,-1.94141478277743E-0003,-2.03486951068044E-0003,-2.52501899376512E-0003,-6.76154531538487E-0003,-2.58563552051783E-0004,-5.96086028963327E-0004,-1.31443550344557E-0003,-3.58166359364986E-0003,-2.38934624940157E-0003,-2.30271648615599E-0003,-1.61927286535501E-0003,-2.20907409675419E-0003,-1.23824691399932E-0003,-1.23285187873989E-0003,-2.50241393223405E-0003,-1.82388431858271E-0003,-1.97391258552670E-0003,-1.77657883614302E-0003,-1.86818349175155E-0003,-1.20398576837033E-0003,-1.64217944256961E-0003,-4.76298155263066E-0004,-1.31417566444725E-0003,-6.41600508242846E-0003,-2.19686538912356E-0003,-2.74251354858279E-0003,-2.54109036177397E-0003
s26,-1.51366333011538E-0003,-1.11850760877132E-0002,1.41224160324782E-0003,1.44532718695700E-0003,-4.13044763263315E-0004,-1.49801373481750E-0003,1.24515302013606E-0003,-1.81807496119291E-0003,-2.12760828435421E-0003,-7.80738145112991E-0003,-1.06941042467952E-0002,-2.87673901766539E-0003,-1.49338366463780E-0002,-9.02666430920362E-0003,-1.38456709682941E-0002,-2.53944657742977E-0003,-2.97638494521379E-0003,-2.44660023599863E-0003,-2.27912329137325E-0003,-2.41083418950438E-0003,-1.21696619316936E-0003,-1.50968064554036E-0003,-1.74129812512547E-0003,-2.18244665302336E-0003,-1.43312546424568E-0003,-1.74562213942409E-0003,-2.54659517668188E-0003,-2.13267863728106E-0003,-1.42863846849650E-0003,-1.56357651576400E-0003,-1.50435802061111E-0003,-2.01297225430608E-0003,-1.86297437176108E-0003,-2.31200619600713E-0003
s27,-2.15440499596298E-0003,-3.25326411984861E-0003,-4.59607597440481E-0003,-6.31676055490971E-0003,-6.13284483551979E-0003,-3.44077614136040E-0003,-3.42145515605807E-0003,-5.44534437358379E-0003,-6.36674836277962E-0003,-2.36028246581554E-0003,-1.29091776907444E-0002,-1.01233748719096E-0002,-8.35531298071146E-0003,-9.48834978044033E-0003,-2.10211053490639E-0002,-7.69360037520528E-0003,-1.02744018658996E-0002,-4.48394380509853E-0003,-4.18340275064111E-0003,-4.59018256515265E-0003,-3.39784426614642E-0003,-1.65306183043867E-0003,-2.11068219505250E-0003,-1.40470196492970E-0003,-2.71254242397845E-0003,-3.22441896423697E-0003,-1.23137177433819E-0003,-3.63615201786160E-0003,-1.88317277934402E-0003,-3.03688831627369E-0003,-4.23112977296114E-0003,-2.92080827057362E-0003,-2.71147023886442E-0003,-3.80198471248150E-0003
s28,2.58742994628847E-0003,1.05271236971021E-0002,1.39773953706026E-0002,9.92868617177010E-0002,2.07240469753742E-0002,5.87501144036651E-0003,2.46664998121560E-0003,2.09819315932691E-0003,-1.62600976182148E-0004,-5.30459638684988E-0003,4.80329152196646E-0003,-5.22708694916218E-0004,-2.33183265663683E-0004,1.79735128767788E-0003,1.69998556375504E-0002,7.01641151681542E-0003,-1.30108033772558E-0004,5.95598365180194E-0004,2.07960692932829E-0004,-7.81158858444542E-0004,-5.97954087425023E-0004,-1.52323162183166E-0003,-5.05081879964564E-0005,-3.90689616324380E-0004,1.60685204900801E-0003,9.68164124060422E-0004,1.33536767680198E-0003,4.54560358775780E-0004,7.16375710908324E-0004,-6.77007556078024E-0005,8.00293113570660E-0004,-7.92584032751620E-0004,-1.91385028301738E-0004,-7.72251398302615E-0004
s29,1.77389348391443E-0003,1.74973271787167E-0002,1.91722717136145E-0002,1.50550544261932E-0001,6.31729662418365E-0002,1.24491974711418E-0002,5.41406963020563E-0003,1.09693466220051E-0003,-3.45102307619527E-0004,-4.92312619462609E-0003,6.72248471528292E-0003,-1.30249268840998E-0003,-6.19547441601753E-0004,3.03774094209075E-0003,1.64634678512812E-0002,6.48483401164413E-0004,2.15857545845211E-0003,-1.22209516121075E-0004,-2.60784960119054E-0004,-1.96390319615602E-0003,-1.51853903662413E-0003,-2.51837470568717E-0003,1.69995159376413E-0003,-5.79208508133888E-0003,1.97605718858540E-0003,-3.13162163365632E-0004,1.19052350055426E-0003,-1.65600830223411E-0003,7.56172405090183E-0004,-3.29142494592816E-0004,1.68735889019445E-0004,-1.42165087163448E-0003,-2.20700493082404E-0003,-1.64596876129508E-0003
s30,4.13645815569907E-0004,-1.85788562521338E-0003,8.73584020882845E-0003,7.42998272180557E-0002,1.30877355113626E-0002,2.89536919444799E-0003,-5.18850225489587E-0004,5.24361850693822E-0004,-2.23861704580486E-0003,-6.00020261481404E-0003,2.47596483677626E-0003,-5.37625281140208E-0004,-6.98697404004633E-0004,1.07986701186746E-0003,1.19919488206506E-0002,8.14285594969988E-0003,-1.45371700637043E-0003,-9.64926090091467E-0004,-1.41692743636668E-0003,-2.37369374372065E-0003,-2.31433985754848E-0003,-2.82486388459802E-0003,-1.85421132482588E-0003,-1.72093021683395E-0003,7.60912598707364E-0006,-5.92481519561261E-0004,6.45362742943689E-0005,-1.03991071227938E-0003,-9.16324323043227E-0004,-1.79601425770670E-0003,-5.89793198741972E-0004,-2.32032826170325E-0003,-1.37713947333395E-0003,-2.06764182075858E-0003
s31,5.01894450280815E-0004,1.68336462229490E-0003,2.63278628699481E-0003,2.17756703495979E-0002,5.20377792418003E-0003,1.43851386383176E-0004,-1.25675799790770E-0003,-7.25317862816155E-0004,-2.72525451146066E-0003,-4.71506267786026E-0003,1.55207453644834E-0004,-1.94722134619951E-0003,-1.48633937351406E-0003,-6.98842806741595E-0004,4.00141812860966E-0003,2.67025711946189E-0003,-2.08981870673597E-0003,-1.97754963301122E-0003,-1.28688965924084E-0003,-1.87321181874722E-0003,-1.95333897136152E-0003,-3.48896346986294E-0003,-3.49721685051918E-0003,-1.44485547207296E-0003,-8.67121445480734E-0004,-4.05065628001466E-0004,-1.02641445118934E-0003,-1.85955921187997E-0003,-1.08682306017727E-0003,-1.19201664347202E-0003,-6.65667001157999E-0004,-2.16429145075381E-0003,-1.52172998059541E-0003,-2.34555522911251E-0003
s32,1.52278493624181E-0003,1.34397018700838E-0003,1.43415923230350E-0003,7.33109563589096E-0003,1.83714460581541E-0003,1.48142932448536E-0003,1.62073352839798E-0003,1.70136732049286E-0003,1.68127054348588E-0003,5.37664280273020E-0004,-1.14269391633570E-0003,1.00822735112160E-0003,8.21043911855668E-0004,1.68989191297442E-0003,2.75828270241618E-0003,1.59149430692196E-0003,1.63986301049590E-0003,1.69816764537245E-0003,1.71040522400290E-0003,1.66532408911735E-0003,1.69958034530282E-0003,1.51024945080280E-0003,1.09289796091616E-0003,1.68705964460969E-0003,1.72199611552060E-0003,1.64789881091565E-0003,1.45303108729422E-0003,1.75835622940212E-0003,1.85007473919541E-0003,1.85136636719108E-0003,1.68755406048149E-0003,1.84720114339143E-0003,1.66583654936403E-0003,1.63719058036804E-0003
s33,3.12131550163031E-0003,2.94816400855780E-0003,3.71551071293652E-0003,1.18648298084736E-0002,4.30131750181317E-0003,3.04613704793155E-0003,3.26394825242460E-0003,3.56043688952923E-0003,3.28159029595554E-0003,2.09738221019506E-0003,3.31262103281915E-0003,2.16985400766134E-0003,1.83729035779834E-0003,3.36430477909744E-0003,4.93727345019579E-0003,3.50127322599292E-0003,3.29717691056430E-0003,3.21554671972990E-0003,3.23417061008513E-0003,3.15730110742152E-0003,3.18030174821615E-0003,2.95813637785614E-0003,2.41537438705564E-0003,3.30823892727494E-0003,3.22900759056210E-0003,3.20985936559737E-0003,2.97432043589652E-0003,3.33451433107257E-0003,3.38555872440338E-0003,3.42251593247056E-0003,3.37653351016343E-0003,3.37390205822885E-0003,3.19027225486934E-0003,3.07426555082202E-0003
s34,9.22992010600865E-0004,7.23754940554500E-0003,1.03175174444914E-0002,1.21419122442603E-0002,8.47530842293054E-0004,1.59811892081052E-0003,1.59513182006776E-0003,2.93683935888112E-0003,1.84347596950829E-0003,3.76898620743305E-0004,3.01311211660504E-0003,1.40150741208345E-0003,1.44100096076727E-0003,3.20520601235330E-0003,5.39073301479220E-0003,7.62574234977364E-0003,4.27126232534647E-0003,3.75494966283441E-0003,3.52369248867035E-0003,1.69387320056558E-0003,1.24181783758104E-0003,1.16725033149123E-0003,6.06271089054644E-0004,5.93497243244201E-0004,2.61693424545228E-0003,1.84099422767758E-0003,2.22784187644720E-0003,1.97992892935872E-0003,2.12533026933670E-0003,1.50040967855603E-0003,2.67876288853586E-0003,2.72361654788256E-0003,2.37518781796098E-0003,1.02011277340353E-0003
s35,7.14708911255002E-0003,1.69386975467205E-0002,4.60284203290939E-0002,9.73890349268913E-0002,3.84971462190151E-0002,1.08531983569264E-0002,8.14050249755383E-0003,1.12812453880906E-0002,3.38828004896641E-0003,-3.91979003325105E-0003,9.25246533006430E-0003,5.98172750324011E-0003,3.67006100714207E-0003,7.25078536197543E-0003,1.63314770907164E-0002,1.80875677615404E-0002,2.10706330835819E-0003,8.28908756375313E-0004,-1.13147136289626E-0004,4.74937769467942E-0005,-7.90170179243432E-0006,-7.33500346541405E-0004,4.28334664320573E-0004,8.02153546828777E-0004,1.08449487015605E-0003,-4.00257500587031E-0004,6.55435782391578E-0004,-2.26294403546490E-0004,3.61433922080323E-0004,3.09108232613653E-0004,-2.13866558624431E-0004,-7.76759348809719E-0004,-3.30432783812284E-0003,-1.28211616538465E-0003
s36,3.41065041720867E-0003,1.14694256335497E-0002,1.84525139629841E-0002,7.26950839161873E-0002,2.01474726200104E-0002,3.56805510818958E-0003,6.61772536113858E-0003,7.12977163493633E-0003,2.86301737651229E-0003,-3.93997691571713E-0003,5.67040266469121E-0003,1.95267703384161E-0003,-5.33685029949993E-0004,4.34961868450046E-0003,1.50542370975018E-0002,6.97517814114690E-0003,2.16209376230836E-0003,6.31314236670733E-0004,-1.04670727159828E-0003,-1.45880877971649E-0003,-7.54998065531254E-0004,-1.77569373045117E-0003,-1.06742826756090E-0003,-1.20514084119350E-0003,6.67209314997308E-0005,-9.12150193471462E-0004,1.12893241748679E-0004,-3.65918502211571E-0004,-5.23975293617696E-0004,-4.44418343249708E-0004,-1.77719618659466E-0003,-1.33020570501685E-0003,-2.14110291562974E-0003,-1.23497447930276E-0003
s37,-5.78273669816554E-0004,8.34571896120906E-0004,4.39773546531796E-0004,3.55550274252892E-0002,3.49896936677396E-0003,-5.39298111107200E-0004,-9.48142842389643E-0004,-1.40429416205734E-0003,-1.95365492254496E-0003,-3.77657660283148E-0003,-2.02148756943643E-0003,-1.90079619642347E-0003,-2.36559705808759E-0003,-1.90997263416648E-0003,-4.30544978007674E-0003,-3.68461268953979E-0003,-1.89107237383723E-0003,-2.04649707302451E-0003,-1.88812927808613E-0003,-1.54598418157548E-0003,-2.02241446822882E-0003,-1.91258010454476E-0003,-1.59225391689688E-0003,-2.96195293776691E-0003,-1.68696267064661E-0003,-1.97470816783607E-0003,-1.75331567879766E-0003,-1.79213250521570E-0003,-1.77163211628795E-0003,-1.69252580963075E-0003,-2.08936957642436E-0003,-1.76176638342440E-0003,-1.94298115093261E-0003,-1.72343302983791E-0003
s38,-5.34848804818466E-0005,7.52903986722231E-0003,1.52749903500080E-0002,6.26810640096664E-0002,1.55899776145816E-0002,3.98781429976225E-0003,3.03232390433550E-0003,2.34262109734118E-0003,7.54194741602987E-0004,2.77785630896688E-0003,2.17353436164558E-0003,-3.58147546648979E-0004,-1.06611836235970E-0003,4.28186263889074E-0004,1.02439969778061E-0002,1.34682119823992E-0003,3.87442368082702E-0003,2.39143642829731E-0004,2.28723220061511E-0005,4.11331391660497E-0004,-1.53884396422654E-0003,-2.18189111910760E-0003,-1.83841784019023E-0003,-1.41500355675817E-0003,-7.85541487857699E-0006,-6.29645830485970E-0004,4.43725148215890E-0004,-7.15648639015853E-0004,-1.11441442277282E-0003,1.22290779836476E-0003,-2.56738392636180E-0003,-3.27676604501903E-0003,-3.50124621763825E-0003,-3.49042820744216E-0003
s39,1.74616521690041E-0003,9.16431285440922E-0003,1.29720587283373E-0002,4.18029464781284E-0002,1.02699641138315E-0002,1.75142195075750E-0003,2.86413286812603E-0003,3.54423257522285E-0003,1.20794458780438E-0003,-1.26033683773130E-0003,2.11858353577554E-0003,1.07262248639017E-0003,6.93869311362505E-0004,8.03405884653330E-0004,5.46177988871932E-0003,2.56761326454580E-0003,1.58353068400174E-0003,3.49794951034710E-0004,6.37591729173437E-0005,1.07726089481730E-0004,1.95006185094826E-0004,-1.27868595882319E-0004,-3.36452387273312E-0004,-1.31810098537244E-0004,4.53066051704809E-0004,-1.90331193152815E-0004,5.19281929882709E-0005,-2.71946155407932E-0005,3.19847342325374E-0004,1.67258665896952E-0004,-6.97658397257328E-0004,-4.03762300265953E-0004,-1.77405145950615E-0003,-1.25527323689312E-0003
s40,-4.20892285183072E-0003,-5.50278602167964E-0003,-7.26577825844288E-0003,-1.45799334859475E-0004,-3.80501151084900E-0003,-5.26692671701312E-0003,-4.37529524788260E-0003,-2.98318476416171E-0003,-4.56878449767828E-0003,-5.56750595569611E-0003,-6.48397160694003E-0003,-4.79922024533153E-0003,-5.16530498862267E-0003,-6.85126474127173E-0003,-5.46810822561383E-0003,7.90747464634478E-0004,-6.04767212644219E-0003,-6.26226607710123E-0003,-4.93789091706276E-0003,-5.47410408034921E-0003,-4.96685225516558E-0003,-5.47588896006346E-0003,-4.75627463310957E-0003,-5.41632017120719E-0003,-5.83475688472390E-0003,-4.36722906306386E-0003,-4.60397312417626E-0003,-4.74494090303779E-0003,-4.89093409851193E-0003,-4.19805385172367E-0003,-5.91077748686075E-0003,-5.06629841402173E-0003,-5.55859785526991E-0003,-5.61314448714256E-0003
s41,-9.14087402634323E-0004,2.44107563048601E-0003,3.60383396036923E-0003,3.54830436408520E-0002,5.70217194035649E-0003,3.54530115146190E-0004,-1.44983921200037E-0003,-6.77985604852438E-0004,-2.50796158798039E-0003,-4.65922197327018E-0003,1.25434761866927E-0003,-1.54860317707062E-0003,-1.57515320461243E-0003,-6.60872436128557E-0004,6.38034939765930E-0003,4.42276382818818E-0003,-1.78450101520866E-0003,-1.57756952103227E-0003,-1.79198372643441E-0003,-2.33771628700197E-0003,-2.29003746062517E-0003,-2.66040698625147E-0003,-2.18779011629522E-0003,-2.04445910640061E-0003,-8.55711870826781E-0004,-1.20324280578643E-0003,-8.43231915496290E-0004,-1.47659087087959E-0003,-1.42856512684375E-0003,-1.98194547556341E-0003,-1.29794783424586E-0003,-2.28944560512900E-0003,-1.79443869274110E-0003,-2.08344636484981E-0003
s42,-1.00792334706057E-0004,2.05510132946074E-0003,7.55455764010549E-0003,1.73140596598387E-0002,6.04112772271037E-0003,7.43086624424905E-0004,1.07042794115841E-0003,-1.87249370355858E-0005,-1.57252559438348E-0003,-7.65681499615312E-0003,-1.13288382999599E-0003,-5.69910334888846E-0004,-1.03086710441858E-0003,-1.01616291794926E-0003,6.49911817163229E-0004,6.48367684334516E-0004,-1.45852472633123E-0003,-1.19945325423032E-0003,-2.00324482284486E-0003,-2.17489479109645E-0003,-1.35683442931622E-0003,-2.06347135826945E-0003,-1.42705079633743E-0003,-1.38146826066077E-0003,-1.15134229417890E-0003,-1.14132824819535E-0003,-1.07042433228344E-0003,-1.42957468051463E-0003,-8.83967382833362E-0004,-1.36560876853764E-0003,-1.72034441493452E-0003,-2.10735271684825E-0003,-1.91027717664838E-0003,-2.37997737713158E-0003
s43,2.98613193444908E-0003,4.17926255613565E-0003,5.18435752019286E-0003,3.04730003699660E-0003,5.48457773402333E-0003,4.16301330551505E-0003,4.10336721688509E-0003,3.47089418210089E-0003,3.57153755612671E-0003,1.61692290566862E-0003,3.10496147722006E-0003,3.14606190659106E-0003,1.99893931858242E-0003,1.29222183022648E-0003,4.88226814195514E-0003,2.85402522422373E-0003,3.05956159718335E-0003,1.07167591340840E-0003,8.10707220807672E-0004,6.75031042192131E-0004,1.62307266145945E-0003,1.27919239457697E-0003,1.90211634617299E-0003,1.88011373393238E-0003,6.66470616124570E-0004,6.21170096565038E-0004,3.79915785742924E-0004,6.51419919449836E-0004,2.86529568256810E-0004,7.27025151718408E-0004,1.10739469528198E-0003,6.12470903433859E-0004,1.20590173173696E-0003,1.58075336366892E-0003
s44,2.29419977404177E-0003,1.22015073429793E-0003,2.69573414698243E-0003,-1.15133391227573E-0003,2.27077025920153E-0003,3.22436029091477E-0003,3.93335567787290E-0003,2.87473015487194E-0003,3.45004512928426E-0003,2.60056869592518E-0004,2.20930180512369E-0003,3.41534661129117E-0003,3.06074391119182E-0003,2.99229286611080E-0003,2.54369783215225E-0003,1.38543569482863E-0003,2.54356302320957E-0003,2.38977535627782E-0003,2.71292543038726E-0003,2.07945611327887E-0003,1.95999885909259E-0003,1.92038784734905E-0003,1.61772978026420E-0003,1.94437161553651E-0003,2.24655773490667E-0003,2.06792238168418E-0003,1.75155512988567E-0003,2.33545294031501E-0003,5.27287600561976E-0004,2.25116126239300E-0003,2.14265938848257E-0003,2.48617073521018E-0003,2.28850543498993E-0003,2.43050162680447E-0003
s45,1.92801200319082E-0003,4.04500076547265E-0003,6.83140242472291E-0003,3.43349669128656E-0003,4.81810886412859E-0003,3.54130752384663E-0003,3.50988702848554E-0003,2.95558595098555E-0003,3.11093521304429E-0003,1.46127294283360E-0003,2.75321165099740E-0003,3.04974499158561E-0003,2.39071273244917E-0003,8.42635112348944E-0004,3.55310947634280E-0003,3.12003586441278E-0003,1.09433988109231E-0003,3.13226715661585E-0004,1.38967312523164E-0004,4.13464527809992E-0004,6.35869568213820E-0004,3.91788053093478E-0004,1.61537434905767E-0004,4.51832718681544E-0004,8.77798127476126E-0004,4.05392202083021E-0004,1.48175706272013E-0004,3.64927254850045E-0004,2.42117457673885E-0004,3.49299079971388E-0004,1.01394520606846E-0003,-1.60498515469953E-0004,9.71363158896565E-0004,1.06719357427210E-0003
s46,1.61184777971357E-0003,9.02010535355657E-0004,2.69026029855013E-0003,-6.60976534709334E-0003,9.65333310887218E-0005,1.73368211835623E-0003,2.89952568709850E-0003,2.70448904484510E-0003,2.66147404909134E-0003,2.58820899762213E-0003,2.40877317264676E-0003,4.43332083523273E-0003,4.10596420988441E-0003,4.06709313392639E-0003,3.00585874356329E-0004,9.29001427721232E-0004,3.18436487577856E-0003,3.02194873802364E-0003,3.17720952443778E-0003,2.80541926622391E-0003,2.99330474808812E-0003,3.31696309149265E-0003,2.99452245235443E-0003,2.69640213809907E-0003,3.38650867342949E-0003,2.79078539460897E-0003,2.71056918427348E-0003,1.91911973524839E-0003,3.25196771882474E-0003,2.77081481181085E-0003,2.89307534694672E-0003,3.23966168798506E-0003,3.08578787371516E-0003,3.33129521459341E-0003
s47,4.98921319376677E-0004,6.46331068128347E-0003,8.82726162672043E-0003,6.22054822742939E-0002,1.17572396993637E-0002,2.38267006352544E-0003,-6.09415641520172E-0004,5.69877156522125E-0004,-2.44536460377276E-0003,-6.15338003262877E-0003,4.52196365222335E-0003,-8.64097499288619E-0004,-1.23567180708051E-0003,6.77200965583324E-0004,1.36319696903229E-0002,1.00308740511537E-0002,-1.53098045848310E-0003,-1.04202877264470E-0003,-1.57375459093601E-0003,-2.54347594454885E-0003,-2.41150776855648E-0003,-2.98416032455862E-0003,-2.17199837788939E-0003,-1.76483893301338E-0003,1.34787296701688E-0005,-5.20998728461564E-0004,2.88127084786538E-0005,-9.55645984504372E-0004,-9.74253925960511E-0004,-1.96809368208051E-0003,-5.30799094121903E-0004,-2.44489754550159E-0003,-1.48649944458157E-0003,-2.06192675977945E-0003
s48,-4.73544420674443E-0003,-4.49995510280132E-0003,-3.86330136097968E-0003,5.36343827843666E-0003,-1.92328356206417E-0003,-4.13220934569836E-0003,-4.60142130032182E-0003,-4.43943776190281E-0003,-4.90399776026607E-0003,-5.48791792243719E-0003,-4.41272184252739E-0003,-4.60973987355828E-0003,-4.23746695742011E-0003,-3.93820041790605E-0003,-4.03145747259259E-0003,-4.05005877837539E-0003,-4.03257133439183E-0003,-4.55552712082863E-0003,-4.29172394797206E-0003,-4.28880378603935E-0003,-4.47407318279147E-0003,-4.72055794671178E-0003,-4.74374042823911E-0003,-4.83401771634817E-0003,-3.77550302073359E-0003,-4.16450668126345E-0003,-3.98796470835805E-0003,-4.36999928206205E-0003,-4.06530685722828E-0003,-3.99963837116957E-0003,-4.45175357162952E-0003,-4.59419796243310E-0003,-4.68590063974261E-0003,-4.69973962754011E-0003
s49,-3.82120691938326E-0004,-2.08091660169885E-0004,-1.94050066056661E-0004,2.61326623149216E-0003,-4.05792161473073E-0005,-2.74091988103464E-0004,-3.49426671164110E-0004,-3.04110872093588E-0004,-4.06385224778205E-0004,-6.33699586614966E-0004,-2.86425580270588E-0004,-2.88151291897520E-0004,-2.78626510407776E-0004,-2.38465872826055E-0004,2.75608654192183E-0005,2.82425316981971E-0004,-4.28798841312528E-0004,-3.36159544531256E-0004,-3.15001321723685E-0004,-3.27300571370870E-0004,-3.50300280842930E-0004,-3.69483052054420E-0004,-4.39553899923339E-0004,-3.89867520425469E-0004,-2.78109509963542E-0004,-3.32042895024642E-0004,-2.88721988908946E-0004,-3.16161895170808E-0004,-2.87465576548129E-0004,-3.03362146951258E-0004,-3.04946675896645E-0004,-2.91071773972362E-0004,-2.54632817814127E-0004,-1.61342599312775E-0004
s50,-3.28784080920741E-0004,1.37605227064341E-0003,2.16097268275917E-0003,2.57247854024172E-0002,3.09253809973598E-0003,1.72168511198834E-0004,-6.15403405390680E-0004,-6.76901428960264E-0004,-1.40201277099550E-0003,-3.57650336809456E-0003,5.92512544244528E-0004,-9.74403519649059E-0004,-9.85575723461807E-0004,-2.03182673431002E-0004,4.09933365881443E-0003,3.44655942171812E-0003,-1.05290021747351E-0003,-8.26963805593550E-0004,-7.04616017173976E-0004,-1.21149490587413E-0003,-1.32018118165433E-0003,-1.51139823719859E-0003,-1.77871005143970E-0003,-1.24830543063581E-0003,-4.66833793325350E-0004,-6.78708544000983E-0004,-5.39411732461303E-0004,-6.57805299852043E-0004,-5.92012598644942E-0004,-1.03097758255899E-0003,-4.72025072667748E-0004,-9.23870713450015E-0004,-6.83584483340383E-0004,-8.65130510646850E-0004
s51,-7.65674412832595E-0005,3.76927346223965E-0004,4.16335242334753E-0004,7.36816413700581E-0003,7.32765474822372E-0004,1.21728749945760E-0004,-1.18972478958312E-0004,-3.87475156458095E-0005,-2.59393913438544E-0004,-8.45948816277087E-0004,1.27545616123825E-0004,-1.49762461660430E-0004,-1.59477407578379E-0004,-4.12503759434912E-0005,1.09656737186015E-0003,1.35032390244305E-0003,-1.93892279639840E-0004,-1.43330646096729E-0004,-1.39176365337335E-0004,-2.13998471735977E-0004,-2.32797901844606E-0004,-2.70422577159479E-0004,-3.53550334693864E-0004,-2.15933614526875E-0004,-7.69737962400541E-0005,-1.06887833680958E-0004,-6.80254379403777E-0005,-1.19086886115838E-0004,-1.13580281322356E-0004,-1.83393436600454E-0004,-1.00732904684264E-0004,-1.72586413100362E-0004,-1.34223955683410E-0004,-1.63381511811167E-0004
s52,-3.48645844496787E-0004,4.73204255104065E-0003,4.86492039635777E-0003,3.82340662181377E-0002,6.53911940753460E-0003,1.01376813836396E-0003,-9.69494634773582E-0004,-5.59732507099398E-0006,-2.14882008731365E-0003,-3.70126264169812E-0003,2.41287122480571E-0003,-3.88133543310687E-0004,-9.83364996500313E-0004,-6.74018883728422E-0005,8.25369823724031E-0003,8.09693615883589E-0003,-1.36046635452658E-0003,-1.20637554209679E-0003,-1.54131418094039E-0003,-2.10011913441122E-0003,-2.03668070025742E-0003,-2.41260998882353E-0003,-1.85161828994751E-0003,-1.65007147006690E-0003,-5.89465838856995E-0004,-8.59710795339197E-0004,-4.43966710008681E-0004,-1.13722030073404E-0003,-1.16195203736424E-0003,-1.75747717730701E-0003,-9.50400077272207E-0004,-2.05804733559489E-0003,-1.49088853504509E-0003,-1.81404594331980E-0003
