province_name_std,year,month
Papua Barat Daya,2014,1
Papua Barat Daya,2014,2
Papua Barat Daya,2014,3
Papua Barat Daya,2014,4
Papua Barat Daya,2014,5
Papua Barat Daya,2014,6
Papua Barat Daya,2014,7
Papua Barat Daya,2014,8
Papua Barat Daya,2014,9
Papua Barat Daya,2014,10
Papua Barat Daya,2014,11
Papua Barat Daya,2014,12
Papua Barat Daya,2015,1
Papua Barat Daya,2015,2
Papua Barat Daya,2015,3
Papua Barat Daya,2015,4
Papua Barat Daya,2015,5
Papua Barat Daya,2015,6
Papua Barat Daya,2015,7
Papua Barat Daya,2015,8
Papua Barat Daya,2015,9
Papua Barat Daya,2015,10
Papua Barat Daya,2015,11
Papua Barat Daya,2015,12
Papua Barat Daya,2016,1
Papua Barat Daya,2016,2
Papua Barat Daya,2016,3
Papua Barat Daya,2016,4
Papua Barat Daya,2016,5
Papua Barat Daya,2016,6
Papua Barat Daya,2016,7
Papua Barat Daya,2016,8
Papua Barat Daya,2016,9
Papua Barat Daya,2016,10
Papua Barat Daya,2016,11
Papua Barat Daya,2016,12
Papua Barat Daya,2017,1
Papua Barat Daya,2017,2
Papua Barat Daya,2017,3
Papua Barat Daya,2017,4
Papua Barat Daya,2017,5
Papua Barat Daya,2017,6
Papua Barat Daya,2017,7
Papua Barat Daya,2017,8
Papua Barat Daya,2017,9
Papua Barat Daya,2017,10
Papua Barat Daya,2017,11
Papua Barat Daya,2017,12
Papua Barat Daya,2018,1
Papua Barat Daya,2018,2
Papua Barat Daya,2018,3
Papua Barat Daya,2018,4
Papua Barat Daya,2018,5
Papua Barat Daya,2018,6
Papua Barat Daya,2018,7
Papua Barat Daya,2018,8
Papua Barat Daya,2018,9
Papua Barat Daya,2018,10
Papua Barat Daya,2018,11
Papua Barat Daya,2018,12
Papua Barat Daya,2019,1
Papua Barat Daya,2019,2
Papua Barat Daya,2019,3
Papua Barat Daya,2019,4
Papua Barat Daya,2019,5
Papua Barat Daya,2019,6
Papua Barat Daya,2019,7
Papua Barat Daya,2019,8
Papua Barat Daya,2019,9
Papua Barat Daya,2019,10
Papua Barat Daya,2019,11
Papua Barat Daya,2019,12
Papua Barat Daya,2020,1
Papua Barat Daya,2020,2
Papua Barat Daya,2020,3
Papua Barat Daya,2020,4
Papua Barat Daya,2020,5
Papua Barat Daya,2020,6
Papua Barat Daya,2020,7
Papua Barat Daya,2020,8
Papua Barat Daya,2020,9
Papua Barat Daya,2020,10
Papua Barat Daya,2020,11
Papua Barat Daya,2020,12
Papua Barat Daya,2021,1
Papua Barat Daya,2021,2
Papua Barat Daya,2021,3
Papua Barat Daya,2021,4
Papua Barat Daya,2021,5
Papua Barat Daya,2021,6
Papua Barat Daya,2021,7
Papua Barat Daya,2021,8
Papua Barat Daya,2021,9
Papua Barat Daya,2021,10
Papua Barat Daya,2021,11
Papua Barat Daya,2021,12
Papua Barat Daya,2022,1
Papua Barat Daya,2022,2
Papua Barat Daya,2022,3
Papua Barat Daya,2022,4
Papua Barat Daya,2022,5
Papua Barat Daya,2022,6
Papua Barat Daya,2022,7
Papua Barat Daya,2022,8
Papua Barat Daya,2022,9
Papua Barat Daya,2022,10
Papua Barat Daya,2022,11
Papua Barat Daya,2022,12
Papua Barat Daya,2023,1
Papua Barat Daya,2023,2
Papua Barat Daya,2023,3
Papua Barat Daya,2023,4
Papua Barat Daya,2023,5
Papua Barat Daya,2023,6
Papua Barat Daya,2023,7
Papua Barat Daya,2023,8
Papua Barat Daya,2023,9
Papua Barat Daya,2023,10
Papua Barat Daya,2023,11
Papua Barat Daya,2023,12
Papua Barat Daya,2024,1
Papua Barat Daya,2024,2
Papua Barat Daya,2024,3
Papua Barat Daya,2024,4
Papua Barat Daya,2024,5
Papua Barat Daya,2024,6
Papua Barat Daya,2024,7
Papua Barat Daya,2024,8
Papua Barat Daya,2024,9
Papua Barat Daya,2024,10
Papua Barat Daya,2024,11
Papua Barat Daya,2024,12
Papua Barat Daya,2025,1
Papua Barat Daya,2025,2
Papua Barat Daya,2025,3
Papua Barat Daya,2025,4
Papua Barat Daya,2025,5
Papua Barat Daya,2025,6
Papua Barat Daya,2025,7
Papua Barat Daya,2025,8
Papua Barat Daya,2025,9
Papua Barat Daya,2025,10
Papua Barat Daya,2025,11
Papua Barat Daya,2025,12
Papua Pegunungan,2014,1
Papua Pegunungan,2014,2
Papua Pegunungan,2014,3
Papua Pegunungan,2014,4
Papua Pegunungan,2014,5
Papua Pegunungan,2014,6
Papua Pegunungan,2014,7
Papua Pegunungan,2014,8
Papua Pegunungan,2014,9
Papua Pegunungan,2014,10
Papua Pegunungan,2014,11
Papua Pegunungan,2014,12
Papua Pegunungan,2015,1
Papua Pegunungan,2015,2
Papua Pegunungan,2015,3
Papua Pegunungan,2015,4
Papua Pegunungan,2015,5
Papua Pegunungan,2015,6
Papua Pegunungan,2015,7
Papua Pegunungan,2015,8
Papua Pegunungan,2015,9
Papua Pegunungan,2015,10
Papua Pegunungan,2015,11
Papua Pegunungan,2015,12
Papua Pegunungan,2016,1
Papua Pegunungan,2016,2
Papua Pegunungan,2016,3
Papua Pegunungan,2016,4
Papua Pegunungan,2016,5
Papua Pegunungan,2016,6
Papua Pegunungan,2016,7
Papua Pegunungan,2016,8
Papua Pegunungan,2016,9
Papua Pegunungan,2016,10
Papua Pegunungan,2016,11
Papua Pegunungan,2016,12
Papua Pegunungan,2017,1
Papua Pegunungan,2017,2
Papua Pegunungan,2017,3
Papua Pegunungan,2017,4
Papua Pegunungan,2017,5
Papua Pegunungan,2017,6
Papua Pegunungan,2017,7
Papua Pegunungan,2017,8
Papua Pegunungan,2017,9
Papua Pegunungan,2017,10
Papua Pegunungan,2017,11
Papua Pegunungan,2017,12
Papua Pegunungan,2018,1
Papua Pegunungan,2018,2
Papua Pegunungan,2018,3
Papua Pegunungan,2018,4
Papua Pegunungan,2018,5
Papua Pegunungan,2018,6
Papua Pegunungan,2018,7
Papua Pegunungan,2018,8
Papua Pegunungan,2018,9
Papua Pegunungan,2018,10
Papua Pegunungan,2018,11
Papua Pegunungan,2018,12
Papua Pegunungan,2019,1
Papua Pegunungan,2019,2
Papua Pegunungan,2019,3
Papua Pegunungan,2019,4
Papua Pegunungan,2019,5
Papua Pegunungan,2019,6
Papua Pegunungan,2019,7
Papua Pegunungan,2019,8
Papua Pegunungan,2019,9
Papua Pegunungan,2019,10
Papua Pegunungan,2019,11
Papua Pegunungan,2019,12
Papua Pegunungan,2020,1
Papua Pegunungan,2020,2
Papua Pegunungan,2020,3
Papua Pegunungan,2020,4
Papua Pegunungan,2020,5
Papua Pegunungan,2020,6
Papua Pegunungan,2020,7
Papua Pegunungan,2020,8
Papua Pegunungan,2020,9
Papua Pegunungan,2020,10
Papua Pegunungan,2020,11
Papua Pegunungan,2020,12
Papua Pegunungan,2021,1
Papua Pegunungan,2021,2
Papua Pegunungan,2021,3
Papua Pegunungan,2021,4
Papua Pegunungan,2021,5
Papua Pegunungan,2021,6
Papua Pegunungan,2021,7
Papua Pegunungan,2021,8
Papua Pegunungan,2021,9
Papua Pegunungan,2021,10
Papua Pegunungan,2021,11
Papua Pegunungan,2021,12
Papua Pegunungan,2022,1
Papua Pegunungan,2022,2
Papua Pegunungan,2022,3
Papua Pegunungan,2022,4
Papua Pegunungan,2022,5
Papua Pegunungan,2022,6
Papua Pegunungan,2022,7
Papua Pegunungan,2022,8
Papua Pegunungan,2022,9
Papua Pegunungan,2022,10
Papua Pegunungan,2022,11
Papua Pegunungan,2022,12
Papua Pegunungan,2023,1
Papua Pegunungan,2023,2
Papua Pegunungan,2023,3
Papua Pegunungan,2023,4
Papua Pegunungan,2023,5
Papua Pegunungan,2023,6
Papua Pegunungan,2023,7
Papua Pegunungan,2023,8
Papua Pegunungan,2023,9
Papua Pegunungan,2023,10
Papua Pegunungan,2023,11
Papua Pegunungan,2023,12
Papua Pegunungan,2024,1
Papua Pegunungan,2024,2
Papua Pegunungan,2024,3
Papua Pegunungan,2024,4
Papua Pegunungan,2024,5
Papua Pegunungan,2024,6
Papua Pegunungan,2024,7
Papua Pegunungan,2024,8
Papua Pegunungan,2024,9
Papua Pegunungan,2024,10
Papua Pegunungan,2024,11
Papua Pegunungan,2024,12
Papua Pegunungan,2025,1
Papua Pegunungan,2025,2
Papua Pegunungan,2025,3
Papua Pegunungan,2025,4
Papua Pegunungan,2025,5
Papua Pegunungan,2025,6
Papua Pegunungan,2025,7
Papua Pegunungan,2025,8
Papua Pegunungan,2025,9
Papua Pegunungan,2025,10
Papua Pegunungan,2025,11
Papua Pegunungan,2025,12
Papua Selatan,2014,1
Papua Selatan,2014,2
Papua Selatan,2014,3
Papua Selatan,2014,4
Papua Selatan,2014,5
Papua Selatan,2014,6
Papua Selatan,2014,7
Papua Selatan,2014,8
Papua Selatan,2014,9
Papua Selatan,2014,10
Papua Selatan,2014,11
Papua Selatan,2014,12
Papua Selatan,2015,1
Papua Selatan,2015,2
Papua Selatan,2015,3
Papua Selatan,2015,4
Papua Selatan,2015,5
Papua Selatan,2015,6
Papua Selatan,2015,7
Papua Selatan,2015,8
Papua Selatan,2015,9
Papua Selatan,2015,10
Papua Selatan,2015,11
Papua Selatan,2015,12
Papua Selatan,2016,1
Papua Selatan,2016,2
Papua Selatan,2016,3
Papua Selatan,2016,4
Papua Selatan,2016,5
Papua Selatan,2016,6
Papua Selatan,2016,7
Papua Selatan,2016,8
Papua Selatan,2016,9
Papua Selatan,2016,10
Papua Selatan,2016,11
Papua Selatan,2016,12
Papua Selatan,2017,1
Papua Selatan,2017,2
Papua Selatan,2017,3
Papua Selatan,2017,4
Papua Selatan,2017,5
Papua Selatan,2017,6
Papua Selatan,2017,7
Papua Selatan,2017,8
Papua Selatan,2017,9
Papua Selatan,2017,10
Papua Selatan,2017,11
Papua Selatan,2017,12
Papua Selatan,2018,1
Papua Selatan,2018,2
Papua Selatan,2018,3
Papua Selatan,2018,4
Papua Selatan,2018,5
Papua Selatan,2018,6
Papua Selatan,2018,7
Papua Selatan,2018,8
Papua Selatan,2018,9
Papua Selatan,2018,10
Papua Selatan,2018,11
Papua Selatan,2018,12
Papua Selatan,2019,1
Papua Selatan,2019,2
Papua Selatan,2019,3
Papua Selatan,2019,4
Papua Selatan,2019,5
Papua Selatan,2019,6
Papua Selatan,2019,7
Papua Selatan,2019,8
Papua Selatan,2019,9
Papua Selatan,2019,10
Papua Selatan,2019,11
Papua Selatan,2019,12
Papua Selatan,2020,1
Papua Selatan,2020,2
Papua Selatan,2020,3
Papua Selatan,2020,4
Papua Selatan,2020,5
Papua Selatan,2020,6
Papua Selatan,2020,7
Papua Selatan,2020,8
Papua Selatan,2020,9
Papua Selatan,2020,10
Papua Selatan,2020,11
Papua Selatan,2020,12
Papua Selatan,2021,1
Papua Selatan,2021,2
Papua Selatan,2021,3
Papua Selatan,2021,4
Papua Selatan,2021,5
Papua Selatan,2021,6
Papua Selatan,2021,7
Papua Selatan,2021,8
Papua Selatan,2021,9
Papua Selatan,2021,10
Papua Selatan,2021,11
Papua Selatan,2021,12
Papua Selatan,2022,1
Papua Selatan,2022,2
Papua Selatan,2022,3
Papua Selatan,2022,4
Papua Selatan,2022,5
Papua Selatan,2022,6
Papua Selatan,2022,7
Papua Selatan,2022,8
Papua Selatan,2022,9
Papua Selatan,2022,10
Papua Selatan,2022,11
Papua Selatan,2022,12
Papua Selatan,2023,1
Papua Selatan,2023,2
Papua Selatan,2023,3
Papua Selatan,2023,4
Papua Selatan,2023,5
Papua Selatan,2023,6
Papua Selatan,2023,7
Papua Selatan,2023,8
Papua Selatan,2023,9
Papua Selatan,2023,10
Papua Selatan,2023,11
Papua Selatan,2023,12
Papua Selatan,2024,1
Papua Selatan,2024,2
Papua Selatan,2024,3
Papua Selatan,2024,4
Papua Selatan,2024,5
Papua Selatan,2024,6
Papua Selatan,2024,7
Papua Selatan,2024,8
Papua Selatan,2024,9
Papua Selatan,2024,10
Papua Selatan,2024,11
Papua Selatan,2024,12
Papua Selatan,2025,1
Papua Selatan,2025,2
Papua Selatan,2025,3
Papua Selatan,2025,4
Papua Selatan,2025,5
Papua Selatan,2025,6
Papua Selatan,2025,7
Papua Selatan,2025,8
Papua Selatan,2025,9
Papua Selatan,2025,10
Papua Selatan,2025,11
Papua Selatan,2025,12
Papua Tengah,2014,1
Papua Tengah,2014,2
Papua Tengah,2014,3
Papua Tengah,2014,4
Papua Tengah,2014,5
Papua Tengah,2014,6
Papua Tengah,2014,7
Papua Tengah,2014,8
Papua Tengah,2014,9
Papua Tengah,2014,10
Papua Tengah,2014,11
Papua Tengah,2014,12
Papua Tengah,2015,1
Papua Tengah,2015,2
Papua Tengah,2015,3
Papua Tengah,2015,4
Papua Tengah,2015,5
Papua Tengah,2015,6
Papua Tengah,2015,7
Papua Tengah,2015,8
Papua Tengah,2015,9
Papua Tengah,2015,10
Papua Tengah,2015,11
Papua Tengah,2015,12
Papua Tengah,2016,1
Papua Tengah,2016,2
Papua Tengah,2016,3
Papua Tengah,2016,4
Papua Tengah,2016,5
Papua Tengah,2016,6
Papua Tengah,2016,7
Papua Tengah,2016,8
Papua Tengah,2016,9
Papua Tengah,2016,10
Papua Tengah,2016,11
Papua Tengah,2016,12
Papua Tengah,2017,1
Papua Tengah,2017,2
Papua Tengah,2017,3
Papua Tengah,2017,4
Papua Tengah,2017,5
Papua Tengah,2017,6
Papua Tengah,2017,7
Papua Tengah,2017,8
Papua Tengah,2017,9
Papua Tengah,2017,10
Papua Tengah,2017,11
Papua Tengah,2017,12
Papua Tengah,2018,1
Papua Tengah,2018,2
Papua Tengah,2018,3
Papua Tengah,2018,4
Papua Tengah,2018,5
Papua Tengah,2018,6
Papua Tengah,2018,7
Papua Tengah,2018,8
Papua Tengah,2018,9
Papua Tengah,2018,10
Papua Tengah,2018,11
Papua Tengah,2018,12
Papua Tengah,2019,1
Papua Tengah,2019,2
Papua Tengah,2019,3
Papua Tengah,2019,4
Papua Tengah,2019,5
Papua Tengah,2019,6
Papua Tengah,2019,7
Papua Tengah,2019,8
Papua Tengah,2019,9
Papua Tengah,2019,10
Papua Tengah,2019,11
Papua Tengah,2019,12
Papua Tengah,2020,1
Papua Tengah,2020,2
Papua Tengah,2020,3
Papua Tengah,2020,4
Papua Tengah,2020,5
Papua Tengah,2020,6
Papua Tengah,2020,7
Papua Tengah,2020,8
Papua Tengah,2020,9
Papua Tengah,2020,10
Papua Tengah,2020,11
Papua Tengah,2020,12
Papua Tengah,2021,1
Papua Tengah,2021,2
Papua Tengah,2021,3
Papua Tengah,2021,4
Papua Tengah,2021,5
Papua Tengah,2021,6
Papua Tengah,2021,7
Papua Tengah,2021,8
Papua Tengah,2021,9
Papua Tengah,2021,10
Papua Tengah,2021,11
Papua Tengah,2021,12
Papua Tengah,2022,1
Papua Tengah,2022,2
Papua Tengah,2022,3
Papua Tengah,2022,4
Papua Tengah,2022,5
Papua Tengah,2022,6
Papua Tengah,2022,7
Papua Tengah,2022,8
Papua Tengah,2022,9
Papua Tengah,2022,10
Papua Tengah,2022,11
Papua Tengah,2022,12
Papua Tengah,2023,1
Papua Tengah,2023,2
Papua Tengah,2023,3
Papua Tengah,2023,4
Papua Tengah,2023,5
Papua Tengah,2023,6
Papua Tengah,2023,7
Papua Tengah,2023,8
Papua Tengah,2023,9
Papua Tengah,2023,10
Papua Tengah,2023,11
Papua Tengah,2023,12
Papua Tengah,2024,1
Papua Tengah,2024,2
Papua Tengah,2024,3
Papua Tengah,2024,4
Papua Tengah,2024,5
Papua Tengah,2024,6
Papua Tengah,2024,7
Papua Tengah,2024,8
Papua Tengah,2024,9
Papua Tengah,2024,10
Papua Tengah,2024,11
Papua Tengah,2024,12
Papua Tengah,2025,1
Papua Tengah,2025,2
Papua Tengah,2025,3
Papua Tengah,2025,4
Papua Tengah,2025,5
Papua Tengah,2025,6
Papua Tengah,2025,7
Papua Tengah,2025,8
Papua Tengah,2025,9
Papua Tengah,2025,10
Papua Tengah,2025,11
Papua Tengah,2025,12
