="",="(1)",="(2)",="(3)",="(4)"
="",="phk_flow",="phk_flow",="phk_flow",="phk_flow"
="",="b/se",="b/se",="b/se",="b/se"
="phk_flow",="",="",="",=""
="formal_lab_share",="0.97",="0.92",="0.86",="0.84"
="",="(0.10)",="(0.07)",="(0.11)",="(0.13)"
="manuf_emp_share",="0.77",="0.81",="0.96",="0.96"
="",="(0.15)",="(0.17)",="(0.21)",="(0.42)"
="agri_emp_share",="1.04",="1.07",="1.08",="0.90"
="",="(0.09)",="(0.10)",="(0.15)",="(0.13)"
="min_wage_yoy",="1.09*",="1.09",="0.99",="1.13"
="",="(0.04)",="(0.06)",="(0.09)",="(0.13)"
="pdrb_yoy",="1.11",="1.14",="1.08",="1.06"
="",="(0.21)",="(0.14)",="(0.17)",="(0.05)"
="manuf_pdrb_share",="0.98",="0.94",="0.95",="1.14"
="",="(0.12)",="(0.09)",="(0.11)",="(0.28)"
="L_log_price_brent",="2.03",="8.31",="0.35",="363.36"
="",="(3.67)",="(9.59)",="(0.77)",="(1398.39)"
="L_bi_rate",="1.83",="1.94*",="4.45**",="22.16***"
="",="(0.92)",="(0.57)",="(2.52)",="(13.99)"
="L_log_fx_idr_usd",="48.75",="0.12",="0.00",="0.00***"
="",="(254.29)",="(0.35)",="(0.01)",="(0.00)"
="L_pmi_manuf",="0.95",="0.97",="0.93",="1.00"
="",="(0.05)",="(0.06)",="(0.06)",="(0.18)"
="L_ihpb_yoy",="0.93",="0.63**",="1.42**",="1.08"
="",="(0.18)",="(0.11)",="(0.18)",="(0.50)"
="L_cpi_yoy",="1.00",="1.17",="0.63***",="0.72"
="",="(0.13)",="(0.13)",="(0.08)",="(0.19)"
="L_npl_yoy",="1.00",="1.00",="1.00",="0.99"
="",="(0.00)",="(0.00)",="(0.01)",="(0.01)"
="L_log_export",="0.78",="0.41*",="1.01",="1.28"
="",="(0.20)",="(0.18)",="(0.39)",="(0.51)"
="L_log_import",="0.80*",="0.89",="0.98",="1.16"
="",="(0.08)",="(0.09)",="(0.10)",="(0.10)"
="Observations",="981",="924",="843",="672"
="Monthly PHK Mean",="229",="231",="238",="244"
="Pseudo R2",="0.584",="0.601",="0.616",="0.656"
="Region FE",="Province",="Province",="Province",="Province"
="Time FE",="Month",="Month",="Month",="Month"
="Exponentiated coefficients"
