"prov","Labour","Econ","Pressure"
"Aceh",-1.59064625570357,-1.91249277257022,99.635
"Bali",2.04946350179044,-0.787860539926607,99.74
"Bangka Belitung",1.03982473654873,-0.0895920645287188,99.7233333333333
"Banten",3.0963439384682,2.02332650868164,99.785
"DI Yogyakarta",0.447606991236829,-0.531213358619204,100.065
"DKI Jakarta",4.7031542892207,1.14612217110405,99.7666666666667
"Gorontalo",-0.634917917785278,-2.31496263699839,99.185
"Jambi",-1.50802814667645,-1.03076187290375,99.7416666666667
"Jawa Barat",1.62558387705936,1.58289535997746,99.6925
"Jawa Tengah",0.308218941428444,0.94648536423303,99.6141666666667
"Jawa Timur",0.0278071356869506,1.13526898616473,99.7233333333333
"Kalimantan Barat",-0.47940402858776,-0.706657910608171,99.8966666666667
"Kalimantan Selatan",-0.0216329368030963,0.587427642792319,99.9725
"Kalimantan Tengah",0.670326565459905,-0.421235145236691,99.5533333333333
"Kalimantan Timur",2.60236505728347,1.05014775991035,99.7158333333333
"Kalimantan Utara",1.27805218953616,-0.2570674622572,99.7616666666667
"Kepulauan Riau",4.29959380825786,4.48700038867782,99.4816666666667
"Lampung",-1.5973382377067,-0.58575881361497,99.7066666666667
"Maluku",-1.1798081284163,-1.86280405809123,99.9608333333333
"Maluku Utara",0.407579268390621,3.70413895411086,99.5325
"Nusa Tenggara Barat",-2.43028109168595,-1.15228018717736,99.9058333333333
"Nusa Tenggara Timur",-2.99040647454352,-2.23658254383801,99.74
"Papua",-1.10228632121256,-1.42653638892088,99.9975
"Papua Barat",-0.0637697326920112,0.649777584287979,99.9975
"Riau",-0.146688978657041,0.406389433372004,99.6025
"Sulawesi Barat",-3.03697401123211,-1.89730628643962,99.7991666666667
"Sulawesi Selatan",-0.639776341455727,-0.618805305382481,99.8391666666667
"Sulawesi Tengah",-0.850679698475979,2.68830062249379,99.7341666666667
"Sulawesi Tenggara",-1.13828317576227,-0.464337643736368,99.8266666666667
"Sulawesi Utara",0.745702025705618,-0.849937525487882,99.7041666666667
"Sumatera Barat",-1.20187565912997,-0.916400701616066,99.7191666666667
"Sumatera Selatan",-0.920225662309737,-0.00791318753574987,99.7683333333333
"Sumatera Utara",-0.260924490126023,-0.336774370316465,99.86
