year,quarter,macro_pmi_manuf_nat_q,price_producer_index_q,price_producer_change_pct_q,price_producer_ceic_pct_q,macro_bi_rate_pct_nat_q,macro_fx_idr_usd_nat_q
2022,1,52.06999999999999,126.0200000000001,,9.06,3.5,14344.979
2022,2,50.97000000000002,131.17,,11.76999999999999,3.5,14555.10499999999
2022,3,52.23000000000001,132.3300000000002,,10.69,3.830000000000001,14935.597
2022,4,51,133.5200000000001,,8.699999999999994,5.169999999999996,15563.73400000001
2023,1,51.47000000000002,134.53,6.752896365999995,6.75,5.75,15240.651
2023,2,51.82999999999998,132.08,.6937561943000002,1.549999999999999,5.75,14869.857
2023,3,53.16699999999997,131.21,-.8463689262,.75,5.75,15213.02899999999
2023,4,51.79999999999997,130.7700000000001,-2.059616536999998,.04,6,15624.00199999999
2024,1,53.26700000000004,131.25,-2.438117891999999,-2.439999999999999,6,15658.65055263158
2024,2,51.90000000000003,132.0900000000001,.007571168988,.01,6.25,16171.111
2024,3,49.13300000000002,132.3000000000001,.8307293651000007,.8299999999999992,6.169999999999995,15798.695
2024,4,49.97718421052632,133.08,1.766460197,1.770000000000001,6,15792.39899999999
2025,1,52.63300000000002,134.89,2.773333332999998,2.77,5.75,16352.01899999998
2025,2,47,135.46,2.551290787,2.549999999999998,5.580000000000005,16523.754
2025,3,50.36699999999998,135.78,2.630385488000001,2.629999999999999,5,16365.809
2025,4,51.90000000000003,136.8100000000001,2.802825368,2.799999999999998,4.75,16661.87715789474
