column_name,original_column_name,indicator_label_id,indicator_label_en,definition,source_file,source_sheet,source_institution,geographic_level,frequency,available_frequencies,update_frequency,expected_update_timing,unit,direction_risk,r_squared,literature_review,indicator_family,transformation_rule,merge_key,metadata_status,used_in_dashboard,notes
pekerja_formal,% Pekerja Formal,% Pekerja Formal,Formal-sector worker share,Share of workers in formal employment,Data untuk PHK Dashboard.xlsx,Tahun,Sakernas,provincial,annual,annual,annual,manual_review_required,percent,+,0.09,"Sebagai proxy PHK -- tenaga kerja formal menurun. ""Implikasi adanya potensi tambahan jumlah PHK ini adalah naiknya jumlah angkatan kerja yang menganggur dan/atau naiknya tenaga kerja di sektor informal, yang per Februari 2026 sudah mencapai 87,74 juta jiwa, atau kurang lebih 59,42 persen dari total tenaga kerja aktif di Indonesia."" Bu vivi: agak banyak efek lainnya",base,,province_std + year,matched,manual_review_required,"direction_risk from levels-based correlation, provisional pending first-difference re-estimation"
pekerja_memiliki_kontrak_tertulis,% Pekerja Memiliki Kontrak Tertulis,% Pekerja Memiliki Kontrak Tertulis,manual_review_required,manual_review_required,Data untuk PHK Dashboard.xlsx,Tahun,manual_review_required,provincial,annual,annual,annual,manual_review_required,percent,manual_review_required,,,base,,province_std + year,in_sheet_no_metadata,manual_review_required,
pekerja_paruh_waktu,% Pekerja Paruh Waktu,% Pekerja Paruh Waktu,manual_review_required,manual_review_required,Data untuk PHK Dashboard.xlsx,Tahun,manual_review_required,provincial,annual,annual,annual,manual_review_required,percent,manual_review_required,,,base,,province_std + year,in_sheet_no_metadata,manual_review_required,
pekerja_penuh_waktu,% Pekerja Penuh Waktu,% Pekerja Penuh Waktu,manual_review_required,manual_review_required,Data untuk PHK Dashboard.xlsx,Tahun,manual_review_required,provincial,annual,annual,annual,manual_review_required,percent,manual_review_required,,,base,,province_std + year,in_sheet_no_metadata,manual_review_required,
setengah_pengangguran,% Setengah Pengangguran,% Setengah Pengangguran,manual_review_required,,Data untuk PHK Dashboard.xlsx,Tahun,Sakernas,provincial,annual,annual,annual,manual_review_required,percent,-,0.05,,base,,province_std + year,matched,manual_review_required,"direction_risk from levels-based correlation, provisional pending first-difference re-estimation"
tpak,% TPAK,% TPAK,Labor force participation rate (TPAK),Labor force as a share of the working-age population,Data untuk PHK Dashboard.xlsx,Tahun,Sakernas,provincial,annual,annual,annual,manual_review_required,percent,-,0.02,,base,,province_std + year,matched,manual_review_required,"direction_risk from levels-based correlation, provisional pending first-difference re-estimation"
tpak_laki_laki,% TPAK Laki-laki,% TPAK Laki-laki,manual_review_required,,Data untuk PHK Dashboard.xlsx,Tahun,Sakernas,provincial,annual,annual,annual,manual_review_required,percent,-,,,base,,province_std + year,matched,manual_review_required,"direction_risk from levels-based correlation, provisional pending first-difference re-estimation"
tpak_perempuan,% TPAK Perempuan,% TPAK Perempuan,manual_review_required,,Data untuk PHK Dashboard.xlsx,Tahun,Sakernas,provincial,annual,annual,annual,manual_review_required,percent,-,0.02,,base,,province_std + year,matched,manual_review_required,"direction_risk from levels-based correlation, provisional pending first-difference re-estimation"
tpt,% TPT,% TPT,Open unemployment rate (TPT),Share of the labor force that is unemployed and seeking work,Data untuk PHK Dashboard.xlsx,Tahun,Sakernas,provincial,annual,annual,annual,manual_review_required,percent,+,0.15,,base,,province_std + year,matched,manual_review_required,"direction_risk from levels-based correlation, provisional pending first-difference re-estimation"
tpt_laki_laki,% TPT Laki-laki,% TPT Laki-laki,manual_review_required,,Data untuk PHK Dashboard.xlsx,Tahun,Sakernas,provincial,annual,annual,annual,manual_review_required,percent,+,0.2,,base,,province_std + year,matched,manual_review_required,"direction_risk from levels-based correlation, provisional pending first-difference re-estimation"
tpt_perempuan,% TPT Perempuan,% TPT Perempuan,manual_review_required,,Data untuk PHK Dashboard.xlsx,Tahun,Sakernas,provincial,annual,annual,annual,manual_review_required,percent,+,0.04,,base,,province_std + year,matched,manual_review_required,"direction_risk from levels-based correlation, provisional pending first-difference re-estimation"
bi_rate_average,BI Rate (Average)*,BI Rate (Average)*,manual_review_required,manual_review_required,Data untuk PHK Dashboard.xlsx,Tahun,manual_review_required,national,annual,annual,annual,manual_review_required,percent,manual_review_required,,,base,,province_std + year,in_sheet_no_metadata,manual_review_required,
bpjstk_jht_phk,BPJSTK - JHT PHK,BPJSTK - JHT PHK,manual_review_required,,Data untuk PHK Dashboard.xlsx,Tahun,BPJS Ketenagakerjaan,provincial,annual,annual,annual,manual_review_required,count (persons/units),+,0.17,,base,,province_std + year,matched,manual_review_required,"direction_risk from levels-based correlation, provisional pending first-difference re-estimation"
bpjstk_jkp_phk,BPJSTK - JKP PHK,BPJSTK - JKP PHK,manual_review_required,,Data untuk PHK Dashboard.xlsx,Tahun,BPJS Ketenagakerjaan,provincial,annual,annual,annual,manual_review_required,count (persons/units),+,0.81,,base,,province_std + year,matched,manual_review_required,"direction_risk from levels-based correlation, provisional pending first-difference re-estimation"
bpjstk_phk,BPJSTK - PHK,BPJSTK - PHK,manual_review_required,,Data untuk PHK Dashboard.xlsx,Tahun,BPJS Ketenagakerjaan,provincial,annual,annual,annual,manual_review_required,count (persons/units),+,0.61,,base,,province_std + year,matched,manual_review_required,"direction_risk from levels-based correlation, provisional pending first-difference re-estimation"
bpjstk_peserta_aktif_bpu,BPJSTK - Peserta Aktif BPU,BPJSTK - Peserta Aktif BPU,manual_review_required,,Data untuk PHK Dashboard.xlsx,Tahun,BPJS Ketenagakerjaan,provincial,annual,annual,annual,manual_review_required,count (persons/units),+,0.59,,base,,province_std + year,matched,manual_review_required,"direction_risk from levels-based correlation, provisional pending first-difference re-estimation"
bpjstk_peserta_aktif_pu,BPJSTK - Peserta Aktif PU,BPJSTK - Peserta Aktif PU,manual_review_required,,Data untuk PHK Dashboard.xlsx,Tahun,BPJS Ketenagakerjaan,provincial,annual,annual,annual,manual_review_required,count (persons/units),+,0.57,,base,,province_std + year,matched,manual_review_required,"direction_risk from levels-based correlation, provisional pending first-difference re-estimation"
berusaha_sendiri,Berusaha Sendiri,Berusaha Sendiri,manual_review_required,,Data untuk PHK Dashboard.xlsx,Tahun,Sakernas,provincial,annual,annual,annual,manual_review_required,count (persons/units),+,0.46,,base,,province_std + year,matched,manual_review_required,"direction_risk from levels-based correlation, provisional pending first-difference re-estimation"
buruh_karyawan_pegawai,Buruh/karyawan/pegawai,Buruh/karyawan/pegawai,manual_review_required,,Data untuk PHK Dashboard.xlsx,Tahun,Sakernas,provincial,annual,annual,annual,manual_review_required,count (persons/units),+,0.53,,base,,province_std + year,matched,manual_review_required,"direction_risk from levels-based correlation, provisional pending first-difference re-estimation"
fdi,FDI,FDI,Foreign direct investment,Realized foreign direct investment,Data untuk PHK Dashboard.xlsx,Tahun,CEIC,provincial,annual,annual,annual,manual_review_required,IDR (check scale),manual_review_required,,FDI ↑ → investasi & ekspansi usaha ↑ → tenaga kerja ↑ → PHK ↓,base,,province_std + year,matched,manual_review_required,
icor,ICOR,ICOR,manual_review_required,,Data untuk PHK Dashboard.xlsx,Tahun,BPS,national,annual,annual,annual,manual_review_required,index,manual_review_required,,ICOR ↑ → efisiensi investasi ↓ → pertumbuhan melambat → PHK ↑,base,,province_std + year,matched,manual_review_required,"national flag data-derived, confirm manually"
inflasi_yoy_average,Inflasi YoY (Average),Inflasi YoY (Average),manual_review_required,manual_review_required,Data untuk PHK Dashboard.xlsx,Tahun,manual_review_required,provincial,annual,annual,annual,manual_review_required,percent,manual_review_required,,,base,,province_std + year,in_sheet_no_metadata,manual_review_required,
inflasi_yoy_per_iv,Inflasi YoY (per IV),Inflasi YoY (per IV),manual_review_required,manual_review_required,Data untuk PHK Dashboard.xlsx,Tahun,manual_review_required,provincial,annual,annual,annual,manual_review_required,percent,manual_review_required,,,base,,province_std + year,in_sheet_no_metadata,manual_review_required,
jam_kerja,Jam Kerja,Jam Kerja,manual_review_required,,Data untuk PHK Dashboard.xlsx,Tahun,Sakernas,provincial,annual,annual,annual,manual_review_required,hours,+,0.11,"Sebagai proxy ""PHK"" -- perusahaan yang tertekan biaya produksi diperkirakan akan menempuh langkah seperti tidak memperpanjang kontrak PKWT, memotong jam kerja, atau menahan rekruitmen pengganti karyawan yang mengundurkan diri. Saluran-saluran non-PHK tersebut tidak masuk pelaporan PHK formal di Kemenaker.",base,,province_std + year,matched,manual_review_required,"direction_risk from levels-based correlation, provisional pending first-difference re-estimation"
jumlah_pekerja_formal,Jumlah Pekerja Formal,Jumlah Pekerja Formal,manual_review_required,manual_review_required,Data untuk PHK Dashboard.xlsx,Tahun,manual_review_required,provincial,annual,annual,annual,manual_review_required,count (persons/units),manual_review_required,,,base,,province_std + year,in_sheet_no_metadata,manual_review_required,
jumlah_pekerja_memiliki_kontrak_tertulis,Jumlah Pekerja Memiliki Kontrak Tertulis,Jumlah Pekerja Memiliki Kontrak Tertulis,manual_review_required,manual_review_required,Data untuk PHK Dashboard.xlsx,Tahun,manual_review_required,provincial,annual,annual,annual,manual_review_required,count (persons/units),manual_review_required,,,base,,province_std + year,in_sheet_no_metadata,manual_review_required,
jumlah_pengeluaran_seluruh_pekerja,Jumlah Pengeluaran Seluruh Pekerja,Jumlah Pengeluaran Seluruh Pekerja,manual_review_required,,Data untuk PHK Dashboard.xlsx,Tahun,Survei Industri,provincial,annual,annual,annual,manual_review_required,IDR (check scale),+,0.63,,base,,province_std + year,matched,manual_review_required,"direction_risk from levels-based correlation, provisional pending first-difference re-estimation"
jumlah_perusahaan,Jumlah Perusahaan,Jumlah Perusahaan,manual_review_required,,Data untuk PHK Dashboard.xlsx,Tahun,Survei Industri,provincial,annual,annual,annual,manual_review_required,count (persons/units),+,0.53,,base,,province_std + year,matched,manual_review_required,"direction_risk from levels-based correlation, provisional pending first-difference re-estimation"
jumlah_tenaga_kerja,Jumlah Tenaga Kerja,Jumlah Tenaga Kerja,manual_review_required,,Data untuk PHK Dashboard.xlsx,Tahun,Survei Industri,provincial,annual,annual,annual,manual_review_required,count (persons/units),+,0.58,,base,,province_std + year,matched,manual_review_required,"direction_risk from levels-based correlation, provisional pending first-difference re-estimation"
jumlah_tenaga_kerja_lainnya,Jumlah Tenaga Kerja Lainnya,Jumlah Tenaga Kerja Lainnya,manual_review_required,,Data untuk PHK Dashboard.xlsx,Tahun,Survei Industri,provincial,annual,annual,annual,manual_review_required,count (persons/units),+,0.66,,base,,province_std + year,matched,manual_review_required,"direction_risk from levels-based correlation, provisional pending first-difference re-estimation"
jumlah_tenaga_kerja_produksi,Jumlah Tenaga Kerja Produksi,Jumlah Tenaga Kerja Produksi,manual_review_required,,Data untuk PHK Dashboard.xlsx,Tahun,Survei Industri,provincial,annual,annual,annual,manual_review_required,count (persons/units),+,0.63,,base,,province_std + year,matched,manual_review_required,"direction_risk from levels-based correlation, provisional pending first-difference re-estimation"
jumlah_tenaga_kerja_produksi_jumlah_tenaga_kerja,Jumlah Tenaga Kerja Produksi/Jumlah Tenaga Kerja,Jumlah Tenaga Kerja Produksi/Jumlah Tenaga Kerja,manual_review_required,,Data untuk PHK Dashboard.xlsx,Tahun,"Survei Industri, diolah",provincial,annual,annual,annual,manual_review_required,count (persons/units),manual_review_required,,Proporsi pekerja produksi,base,,province_std + year,matched,manual_review_required,
jumlah_tenaga_kerja_jumlah_perusahaan,Jumlah Tenaga Kerja/Jumlah Perusahaan,Jumlah Tenaga Kerja/Jumlah Perusahaan,manual_review_required,,Data untuk PHK Dashboard.xlsx,Tahun,"Survei Industri, diolah",provincial,annual,annual,annual,manual_review_required,count (persons/units),manual_review_required,,Rata-rata jumlah tenaga kerja di perusahaan,base,,province_std + year,matched,manual_review_required,
kaitz_index,Kaitz Index,Kaitz Index,Kaitz index,Ratio of minimum wage to average or median wage,Data untuk PHK Dashboard.xlsx,Tahun,Sakernas,provincial,annual,annual,annual,manual_review_required,ratio,-,0.21,,base,,province_std + year,matched,manual_review_required,"direction_risk from levels-based correlation, provisional pending first-difference re-estimation"
lowongan_kerja_terdaftar_jumlah,Lowongan Kerja Terdaftar - Jumlah,Lowongan Kerja Terdaftar - Jumlah,manual_review_required,,Data untuk PHK Dashboard.xlsx,Tahun,Sakernas,provincial,annual,annual,annual,manual_review_required,count (persons/units),+,0.45,,base,,province_std + year,matched,manual_review_required,"direction_risk from levels-based correlation, provisional pending first-difference re-estimation"
manufacturing_share,Manufacturing Share,Manufacturing Share,Manufacturing share of GRDP,Manufacturing value added as a share of GRDP,Data untuk PHK Dashboard.xlsx,Tahun,CEIC,provincial,annual,annual,annual,manual_review_required,percent,manual_review_required,,Manufacturing share ↑ → peran sektor manufaktur dalam ekonomi ↑ → aktivitas produksi & penyerapan tenaga kerja ↑ → PHK ↓,base,,province_std + year,matched,manual_review_required,
npl,NPL,NPL,manual_review_required,,Data untuk PHK Dashboard.xlsx,Tahun,BI,provincial,annual,annual,annual,manual_review_required,IDR (check scale),manual_review_required,,NPL ↑ → kredit macet ↑ → ekspansi usaha ↓ → PHK ↑,base,,province_std + year,matched,manual_review_required,
nilai_ekspor_bps,Nilai Ekspor BPS,Nilai Ekspor BPS,manual_review_required,manual_review_required,Data untuk PHK Dashboard.xlsx,Tahun,manual_review_required,provincial,annual,annual,annual,manual_review_required,manual_review_required,manual_review_required,,,base,,province_std + year,in_sheet_no_metadata,manual_review_required,
pdrb_manufaktur_idr_juta,PDRB Manufaktur (IDR juta),PDRB Manufaktur (IDR juta),manual_review_required,manual_review_required,Data untuk PHK Dashboard.xlsx,Tahun,manual_review_required,provincial,annual,annual,annual,manual_review_required,IDR (check scale),manual_review_required,,,base,,province_std + year,in_sheet_no_metadata,manual_review_required,
pdrb_riil_idr_juta,PDRB Riil (IDR juta),PDRB Riil (IDR juta),manual_review_required,,Data untuk PHK Dashboard.xlsx,Tahun,CEIC,provincial,annual,annual,annual,manual_review_required,IDR (check scale),manual_review_required,,PDRB ↑ → output & permintaan tenaga kerja ↑ → PHK ↓,base,,province_std + year,matched,manual_review_required,
pdrb_riil_idr_miliar,PDRB Riil (IDR miliar),PDRB Riil (IDR miliar),manual_review_required,manual_review_required,Data untuk PHK Dashboard.xlsx,Tahun,manual_review_required,provincial,annual,annual,annual,manual_review_required,IDR (check scale),manual_review_required,,,base,,province_std + year,in_sheet_no_metadata,manual_review_required,
pdrb_pekerja,PDRB/Pekerja,PDRB/Pekerja,manual_review_required,,Data untuk PHK Dashboard.xlsx,Tahun,CEIC,provincial,annual,annual,annual,manual_review_required,IDR (check scale),manual_review_required,,ILO - Economic factor for wage setting,base,,province_std + year,matched,manual_review_required,
phk,PHK,PHK,Layoffs (annual count),Number of reported layoffs (Pemutusan Hubungan Kerja) in the year,Data untuk PHK Dashboard.xlsx,Tahun,Satudata Kemnaker,provincial,annual,annual,annual,manual_review_required,count (persons),manual_review_required,,,base,,province_std + year,matched,manual_review_required,
pekerja_keluarga_tidak_dibayar,Pekerja Keluarga Tidak Dibayar,Pekerja Keluarga Tidak Dibayar,manual_review_required,,Data untuk PHK Dashboard.xlsx,Tahun,Sakernas,provincial,annual,annual,annual,manual_review_required,manual_review_required,+,0.27,,base,,province_std + year,matched,manual_review_required,"direction_risk from levels-based correlation, provisional pending first-difference re-estimation"
pencari_kerja_terdaftar_jumlah,Pencari Kerja Terdaftar - Jumlah,Pencari Kerja Terdaftar - Jumlah,manual_review_required,,Data untuk PHK Dashboard.xlsx,Tahun,Sakernas,provincial,annual,annual,annual,manual_review_required,count (persons/units),+,0.5,,base,,province_std + year,matched,manual_review_required,"direction_risk from levels-based correlation, provisional pending first-difference re-estimation"
penduduk_bekerja_setengah_penganggur,Penduduk Bekerja Setengah Penganggur,Penduduk Bekerja Setengah Penganggur,manual_review_required,,Data untuk PHK Dashboard.xlsx,Tahun,Sakernas,provincial,annual,annual,annual,manual_review_required,count (persons/units),+,0.42,,base,,province_std + year,matched,manual_review_required,"direction_risk from levels-based correlation, provisional pending first-difference re-estimation"
penempatan_pemenuhan_tenaga_kerja_jumlah,Penempatan/Pemenuhan Tenaga Kerja - Jumlah,Penempatan/Pemenuhan Tenaga Kerja - Jumlah,manual_review_required,,Data untuk PHK Dashboard.xlsx,Tahun,Sakernas,provincial,annual,annual,annual,manual_review_required,count (persons/units),+,0.58,,base,,province_std + year,matched,manual_review_required,"direction_risk from levels-based correlation, provisional pending first-difference re-estimation"
perubahan_harga_konsumen,Perubahan harga konsumen (%),Perubahan harga konsumen (%),manual_review_required,,Data untuk PHK Dashboard.xlsx,Tahun,BPS,national,annual,annual,annual,manual_review_required,percent,manual_review_required,,Daya beli ↓ → permintaan ↓ → PHK ↑,base,,province_std + year,matched,manual_review_required,"national flag data-derived, confirm manually"
perubahan_harga_produsen,Perubahan harga produsen (%),Perubahan harga produsen (%),manual_review_required,,Data untuk PHK Dashboard.xlsx,Tahun,BPS,national,annual,annual,annual,manual_review_required,percent,manual_review_required,,Biaya produksi ↑ → profit turun → PHK ↑,base,,province_std + year,matched,manual_review_required,
proporsi_lapangan_kerja_informal,Proporsi Lapangan Kerja Informal,Proporsi Lapangan Kerja Informal,Informal employment share,Share of employment that is informal,Data untuk PHK Dashboard.xlsx,Tahun,Sakernas,provincial,annual,annual,annual,manual_review_required,percent,-,0.07,,base,,province_std + year,matched,manual_review_required,"direction_risk from levels-based correlation, provisional pending first-difference re-estimation"
proporsi_lapangan_kerja_informal_sektor_non_pertanian,Proporsi Lapangan Kerja Informal Sektor Non-Pertanian,Proporsi Lapangan Kerja Informal Sektor Non-Pertanian,manual_review_required,,Data untuk PHK Dashboard.xlsx,Tahun,Sakernas,provincial,annual,annual,annual,manual_review_required,percent,-,0.02,,base,,province_std + year,matched,manual_review_required,"direction_risk from levels-based correlation, provisional pending first-difference re-estimation"
ump_idr,UMP (IDR),UMP (IDR),Provincial minimum wage (UMP),"Provincial minimum wage, stored in thousand IDR in this sheet",Data untuk PHK Dashboard.xlsx,Tahun,Sakernas,provincial,annual,annual,annual,manual_review_required,thousand IDR,-,0.01,,base,,province_std + year,matched,manual_review_required,"direction_risk from levels-based correlation, provisional pending first-difference re-estimation"
upah_pekerja_lainnya_jumlah_tenaga_kerja_lainnya,Upah Pekerja Lainnya/Jumlah Tenaga Kerja Lainnya,Upah Pekerja Lainnya/Jumlah Tenaga Kerja Lainnya,manual_review_required,,Data untuk PHK Dashboard.xlsx,Tahun,"Survei Industri, diolah",provincial,annual,annual,annual,manual_review_required,IDR (check scale),manual_review_required,,,base,,province_std + year,matched,manual_review_required,
upah_pekerja_produksi_jumlah_tenaga_kerja_produksi,Upah Pekerja Produksi/Jumlah Tenaga Kerja Produksi,Upah Pekerja Produksi/Jumlah Tenaga Kerja Produksi,manual_review_required,,Data untuk PHK Dashboard.xlsx,Tahun,"Survei Industri, diolah",provincial,annual,annual,annual,manual_review_required,IDR (check scale),manual_review_required,,,base,,province_std + year,matched,manual_review_required,
upah_buruh_karyawan_pegawai_idr,Upah buruh/karyawan/pegawai (IDR),Upah buruh/karyawan/pegawai (IDR),manual_review_required,,Data untuk PHK Dashboard.xlsx,Tahun,Sakernas,provincial,annual,annual,annual,manual_review_required,IDR (check scale),+,0.11,,base,,province_std + year,matched,manual_review_required,"direction_risk from levels-based correlation, provisional pending first-difference re-estimation"
pekerja_formal_2019,% Pekerja Formal (2019),% Pekerja Formal (2019),manual_review_required,2019 baseline value,Data untuk PHK Dashboard.xlsx,Tahun,manual_review_required,provincial,annual,annual,annual,manual_review_required,percent,manual_review_required,,,baseline_2019,2019 baseline value,province_std + year,in_sheet_no_metadata,manual_review_required,
pekerja_memiliki_kontrak_tertulis_2019,% Pekerja Memiliki Kontrak Tertulis (2019),% Pekerja Memiliki Kontrak Tertulis (2019),manual_review_required,2019 baseline value,Data untuk PHK Dashboard.xlsx,Tahun,manual_review_required,provincial,annual,annual,annual,manual_review_required,percent,manual_review_required,,,baseline_2019,2019 baseline value,province_std + year,in_sheet_no_metadata,manual_review_required,
pekerja_formal_growth_from_2019_pp,"% Pekerja Formal (Growth from 2019, pp)","% Pekerja Formal (Growth from 2019, pp)",manual_review_required,YoY growth or change of base indicator,Data untuk PHK Dashboard.xlsx,Tahun,manual_review_required,provincial,annual,annual,annual,manual_review_required,percent,manual_review_required,,,growth,YoY growth or change of base indicator,province_std + year,in_sheet_no_metadata,manual_review_required,
pekerja_memiliki_kontrak_tertulis_growth_from_2019_pp,"% Pekerja Memiliki Kontrak Tertulis (Growth from 2019, pp)","% Pekerja Memiliki Kontrak Tertulis (Growth from 2019, pp)",manual_review_required,YoY growth or change of base indicator,Data untuk PHK Dashboard.xlsx,Tahun,manual_review_required,provincial,annual,annual,annual,manual_review_required,percent,manual_review_required,,,growth,YoY growth or change of base indicator,province_std + year,in_sheet_no_metadata,manual_review_required,
growth_ump,Growth UMP,Growth UMP,UMP growth,YoY growth or change of base indicator,Data untuk PHK Dashboard.xlsx,Tahun,Sakernas,provincial,annual,annual,annual,manual_review_required,percent,+,0.01,,growth,YoY growth or change of base indicator,province_std + year,matched,manual_review_required,"direction_risk from levels-based correlation, provisional pending first-difference re-estimation"
laju_pertumbuhan_pdb_industri_manufaktur,Laju Pertumbuhan PDB Industri Manufaktur,Laju Pertumbuhan PDB Industri Manufaktur,manual_review_required,YoY growth or change of base indicator,Data untuk PHK Dashboard.xlsx,Tahun,manual_review_required,provincial,annual,annual,annual,manual_review_required,percent,manual_review_required,,,growth,YoY growth or change of base indicator,province_std + year,in_sheet_no_metadata,manual_review_required,
laju_pertumbuhan_pdb_per_tenaga_kerja,Laju Pertumbuhan PDB Per Tenaga Kerja,Laju Pertumbuhan PDB Per Tenaga Kerja,manual_review_required,YoY growth or change of base indicator,Data untuk PHK Dashboard.xlsx,Tahun,BPS,provincial,annual,annual,annual,manual_review_required,percent,manual_review_required,,ILO - Economic factor for wage setting,growth,YoY growth or change of base indicator,province_std + year,matched,manual_review_required,
pertumbuhan_pekerja_formal,Pertumbuhan % Pekerja Formal,Pertumbuhan % Pekerja Formal,manual_review_required,YoY growth or change of base indicator,Data untuk PHK Dashboard.xlsx,Tahun,manual_review_required,provincial,annual,annual,annual,manual_review_required,percent,manual_review_required,,,growth,YoY growth or change of base indicator,province_std + year,in_sheet_no_metadata,manual_review_required,
pertumbuhan_pekerja_memiliki_kontrak_tertulis,Pertumbuhan % Pekerja Memiliki Kontrak Tertulis,Pertumbuhan % Pekerja Memiliki Kontrak Tertulis,manual_review_required,YoY growth or change of base indicator,Data untuk PHK Dashboard.xlsx,Tahun,manual_review_required,no_data,annual,annual,annual,manual_review_required,percent,manual_review_required,,,growth,YoY growth or change of base indicator,province_std + year,in_sheet_no_metadata,manual_review_required,
pertumbuhan_pekerja_paruh_waktu,Pertumbuhan % Pekerja Paruh Waktu,Pertumbuhan % Pekerja Paruh Waktu,manual_review_required,YoY growth or change of base indicator,Data untuk PHK Dashboard.xlsx,Tahun,manual_review_required,provincial,annual,annual,annual,manual_review_required,percent,manual_review_required,,,growth,YoY growth or change of base indicator,province_std + year,in_sheet_no_metadata,manual_review_required,
pertumbuhan_pekerja_penuh_waktu,Pertumbuhan % Pekerja Penuh Waktu,Pertumbuhan % Pekerja Penuh Waktu,manual_review_required,YoY growth or change of base indicator,Data untuk PHK Dashboard.xlsx,Tahun,manual_review_required,provincial,annual,annual,annual,manual_review_required,percent,manual_review_required,,,growth,YoY growth or change of base indicator,province_std + year,in_sheet_no_metadata,manual_review_required,
pertumbuhan_setengah_pengangguran,Pertumbuhan % Setengah Pengangguran,Pertumbuhan % Setengah Pengangguran,manual_review_required,YoY growth or change of base indicator,Data untuk PHK Dashboard.xlsx,Tahun,manual_review_required,provincial,annual,annual,annual,manual_review_required,percent,manual_review_required,,,growth,YoY growth or change of base indicator,province_std + year,in_sheet_no_metadata,manual_review_required,
pertumbuhan_bpjstk_jht_phk,Pertumbuhan BPJSTK - JHT PHK,Pertumbuhan BPJSTK - JHT PHK,manual_review_required,YoY growth or change of base indicator,Data untuk PHK Dashboard.xlsx,Tahun,manual_review_required,provincial,annual,annual,annual,manual_review_required,percent,manual_review_required,,,growth,YoY growth or change of base indicator,province_std + year,in_sheet_no_metadata,manual_review_required,
pertumbuhan_bpjstk_jkp_phk,Pertumbuhan BPJSTK - JKP PHK,Pertumbuhan BPJSTK - JKP PHK,manual_review_required,YoY growth or change of base indicator,Data untuk PHK Dashboard.xlsx,Tahun,manual_review_required,provincial,annual,annual,annual,manual_review_required,percent,manual_review_required,,,growth,YoY growth or change of base indicator,province_std + year,in_sheet_no_metadata,manual_review_required,
pertumbuhan_bpjstk_phk,Pertumbuhan BPJSTK - PHK,Pertumbuhan BPJSTK - PHK,manual_review_required,YoY growth or change of base indicator,Data untuk PHK Dashboard.xlsx,Tahun,manual_review_required,provincial,annual,annual,annual,manual_review_required,percent,manual_review_required,,,growth,YoY growth or change of base indicator,province_std + year,in_sheet_no_metadata,manual_review_required,
pertumbuhan_bpjstk_peserta_aktif_bpu,Pertumbuhan BPJSTK - Peserta Aktif BPU,Pertumbuhan BPJSTK - Peserta Aktif BPU,manual_review_required,YoY growth or change of base indicator,Data untuk PHK Dashboard.xlsx,Tahun,manual_review_required,provincial,annual,annual,annual,manual_review_required,percent,manual_review_required,,,growth,YoY growth or change of base indicator,province_std + year,in_sheet_no_metadata,manual_review_required,
pertumbuhan_bpjstk_peserta_aktif_pu,Pertumbuhan BPJSTK - Peserta Aktif PU,Pertumbuhan BPJSTK - Peserta Aktif PU,manual_review_required,YoY growth or change of base indicator,Data untuk PHK Dashboard.xlsx,Tahun,manual_review_required,provincial,annual,annual,annual,manual_review_required,percent,manual_review_required,,,growth,YoY growth or change of base indicator,province_std + year,in_sheet_no_metadata,manual_review_required,
pertumbuhan_bekerja,Pertumbuhan Bekerja,Pertumbuhan Bekerja,manual_review_required,YoY growth or change of base indicator,Data untuk PHK Dashboard.xlsx,Tahun,manual_review_required,provincial,annual,annual,annual,manual_review_required,percent,manual_review_required,,,growth,YoY growth or change of base indicator,province_std + year,in_sheet_no_metadata,manual_review_required,
pertumbuhan_biaya_input,Pertumbuhan Biaya Input,Pertumbuhan Biaya Input,manual_review_required,YoY growth or change of base indicator,Data untuk PHK Dashboard.xlsx,Tahun,"Survei Industri, diolah perubahan tahunan",provincial,annual,annual,annual,manual_review_required,IDR (check scale),manual_review_required,,,growth,YoY growth or change of base indicator,province_std + year,matched,manual_review_required,
pertumbuhan_buruh_karyawan_pegawai,Pertumbuhan Buruh/Karyawan/Pegawai,Pertumbuhan Buruh/Karyawan/Pegawai,manual_review_required,YoY growth or change of base indicator,Data untuk PHK Dashboard.xlsx,Tahun,manual_review_required,provincial,annual,annual,annual,manual_review_required,percent,manual_review_required,,,growth,YoY growth or change of base indicator,province_std + year,in_sheet_no_metadata,manual_review_required,
pertumbuhan_jam_kerja,Pertumbuhan Jam Kerja,Pertumbuhan Jam Kerja,manual_review_required,YoY growth or change of base indicator,Data untuk PHK Dashboard.xlsx,Tahun,manual_review_required,provincial,annual,annual,annual,manual_review_required,percent,manual_review_required,,,growth,YoY growth or change of base indicator,province_std + year,in_sheet_no_metadata,manual_review_required,
pertumbuhan_jumlah_perusahaan,Pertumbuhan Jumlah Perusahaan,Pertumbuhan Jumlah Perusahaan,manual_review_required,YoY growth or change of base indicator,Data untuk PHK Dashboard.xlsx,Tahun,"Survei Industri, diolah perubahan tahunan",provincial,annual,annual,annual,manual_review_required,percent,manual_review_required,,,growth,YoY growth or change of base indicator,province_std + year,matched,manual_review_required,
pertumbuhan_nilai_output,Pertumbuhan Nilai Output,Pertumbuhan Nilai Output,manual_review_required,YoY growth or change of base indicator,Data untuk PHK Dashboard.xlsx,Tahun,"Survei Industri, diolah perubahan tahunan",provincial,annual,annual,annual,manual_review_required,IDR (check scale),manual_review_required,,,growth,YoY growth or change of base indicator,province_std + year,matched,manual_review_required,
pertumbuhan_nilai_tambah_pasar,Pertumbuhan Nilai Tambah Pasar,Pertumbuhan Nilai Tambah Pasar,manual_review_required,YoY growth or change of base indicator,Data untuk PHK Dashboard.xlsx,Tahun,manual_review_required,provincial,annual,annual,annual,manual_review_required,IDR (check scale),manual_review_required,,,growth,YoY growth or change of base indicator,province_std + year,in_sheet_no_metadata,manual_review_required,
pertumbuhan_nilai_tambah_produksi,Pertumbuhan Nilai Tambah Produksi,Pertumbuhan Nilai Tambah Produksi,manual_review_required,YoY growth or change of base indicator,Data untuk PHK Dashboard.xlsx,Tahun,manual_review_required,provincial,annual,annual,annual,manual_review_required,IDR (check scale),manual_review_required,,,growth,YoY growth or change of base indicator,province_std + year,in_sheet_no_metadata,manual_review_required,
pertumbuhan_pekerja_keluarga_tidak_dibayar,Pertumbuhan Pekerja Keluarga Tidak Dibayar,Pertumbuhan Pekerja Keluarga Tidak Dibayar,manual_review_required,YoY growth or change of base indicator,Data untuk PHK Dashboard.xlsx,Tahun,manual_review_required,provincial,annual,annual,annual,manual_review_required,percent,manual_review_required,,,growth,YoY growth or change of base indicator,province_std + year,in_sheet_no_metadata,manual_review_required,
pertumbuhan_pengeluaran_tenaga_kerja,Pertumbuhan Pengeluaran Tenaga Kerja,Pertumbuhan Pengeluaran Tenaga Kerja,manual_review_required,YoY growth or change of base indicator,Data untuk PHK Dashboard.xlsx,Tahun,"Survei Industri, diolah perubahan tahunan",provincial,annual,annual,annual,manual_review_required,IDR (check scale),manual_review_required,,,growth,YoY growth or change of base indicator,province_std + year,matched,manual_review_required,
pertumbuhan_produktivitas_nilai_tambah_pasar_tenaga_kerja,Pertumbuhan Produktivitas (Nilai Tambah Pasar) Tenaga Kerja,Pertumbuhan Produktivitas (Nilai Tambah Pasar) Tenaga Kerja,manual_review_required,YoY growth or change of base indicator,Data untuk PHK Dashboard.xlsx,Tahun,manual_review_required,provincial,annual,annual,annual,manual_review_required,IDR (check scale),manual_review_required,,,growth,YoY growth or change of base indicator,province_std + year,in_sheet_no_metadata,manual_review_required,
pertumbuhan_produktivitas_nilai_tambah_produksi_tenaga_kerja,Pertumbuhan Produktivitas (Nilai Tambah Produksi) Tenaga Kerja,Pertumbuhan Produktivitas (Nilai Tambah Produksi) Tenaga Kerja,manual_review_required,YoY growth or change of base indicator,Data untuk PHK Dashboard.xlsx,Tahun,manual_review_required,provincial,annual,annual,annual,manual_review_required,IDR (check scale),manual_review_required,,,growth,YoY growth or change of base indicator,province_std + year,in_sheet_no_metadata,manual_review_required,
pertumbuhan_tpak,Pertumbuhan TPAK,Pertumbuhan TPAK,manual_review_required,YoY growth or change of base indicator,Data untuk PHK Dashboard.xlsx,Tahun,manual_review_required,provincial,annual,annual,annual,manual_review_required,percent,manual_review_required,,,growth,YoY growth or change of base indicator,province_std + year,in_sheet_no_metadata,manual_review_required,
pertumbuhan_tpak_laki_laki,Pertumbuhan TPAK Laki-laki,Pertumbuhan TPAK Laki-laki,manual_review_required,YoY growth or change of base indicator,Data untuk PHK Dashboard.xlsx,Tahun,manual_review_required,provincial,annual,annual,annual,manual_review_required,percent,manual_review_required,,,growth,YoY growth or change of base indicator,province_std + year,in_sheet_no_metadata,manual_review_required,
pertumbuhan_tpak_perempuan,Pertumbuhan TPAK Perempuan,Pertumbuhan TPAK Perempuan,manual_review_required,YoY growth or change of base indicator,Data untuk PHK Dashboard.xlsx,Tahun,manual_review_required,provincial,annual,annual,annual,manual_review_required,percent,manual_review_required,,,growth,YoY growth or change of base indicator,province_std + year,in_sheet_no_metadata,manual_review_required,
pertumbuhan_tpt,Pertumbuhan TPT,Pertumbuhan TPT,manual_review_required,YoY growth or change of base indicator,Data untuk PHK Dashboard.xlsx,Tahun,manual_review_required,provincial,annual,annual,annual,manual_review_required,percent,manual_review_required,,,growth,YoY growth or change of base indicator,province_std + year,in_sheet_no_metadata,manual_review_required,
pertumbuhan_tpt_laki_laki,Pertumbuhan TPT Laki-laki,Pertumbuhan TPT Laki-laki,manual_review_required,YoY growth or change of base indicator,Data untuk PHK Dashboard.xlsx,Tahun,manual_review_required,provincial,annual,annual,annual,manual_review_required,percent,manual_review_required,,,growth,YoY growth or change of base indicator,province_std + year,in_sheet_no_metadata,manual_review_required,
pertumbuhan_tpt_perempuan,Pertumbuhan TPT Perempuan,Pertumbuhan TPT Perempuan,manual_review_required,YoY growth or change of base indicator,Data untuk PHK Dashboard.xlsx,Tahun,manual_review_required,provincial,annual,annual,annual,manual_review_required,percent,manual_review_required,,,growth,YoY growth or change of base indicator,province_std + year,in_sheet_no_metadata,manual_review_required,
pertumbuhan_tenaga_kerja,Pertumbuhan Tenaga Kerja,Pertumbuhan Tenaga Kerja,manual_review_required,YoY growth or change of base indicator,Data untuk PHK Dashboard.xlsx,Tahun,"Survei Industri, diolah perubahan tahunan",provincial,annual,annual,annual,manual_review_required,percent,manual_review_required,,,growth,YoY growth or change of base indicator,province_std + year,matched,manual_review_required,
pertumbuhan_upah,Pertumbuhan Upah,Pertumbuhan Upah,manual_review_required,YoY growth or change of base indicator,Data untuk PHK Dashboard.xlsx,Tahun,manual_review_required,provincial,annual,annual,annual,manual_review_required,IDR (check scale),manual_review_required,,,growth,YoY growth or change of base indicator,province_std + year,in_sheet_no_metadata,manual_review_required,
selisih_pertumbuhan_biaya_input_dan_pertumbuhan_nilai_output,Selisih Pertumbuhan Biaya Input dan Pertumbuhan Nilai Output,Selisih Pertumbuhan Biaya Input dan Pertumbuhan Nilai Output,manual_review_required,YoY growth or change of base indicator,Data untuk PHK Dashboard.xlsx,Tahun,"Survei Industri, diolah perubahan tahunan",provincial,annual,annual,annual,manual_review_required,IDR (check scale),manual_review_required,,Nilai tinggi menunjukkan biaya naik lebih cepat daripada output,growth,YoY growth or change of base indicator,province_std + year,matched,manual_review_required,
selisih_pertumbuhan_biaya_pekerja_dan_nilai_output,Selisih Pertumbuhan Biaya Pekerja dan Nilai Output,Selisih Pertumbuhan Biaya Pekerja dan Nilai Output,manual_review_required,YoY growth or change of base indicator,Data untuk PHK Dashboard.xlsx,Tahun,"Survei Industri, diolah perubahan tahunan",provincial,annual,annual,annual,manual_review_required,IDR (check scale),manual_review_required,,Nilai tinggi menunjukkan biaya pekerja meningkat lebih cepat daripada produksi,growth,YoY growth or change of base indicator,province_std + year,matched,manual_review_required,
biaya_input,Biaya Input,Biaya Input,manual_review_required,BPS Industri Besar Sedang survey block,Data untuk PHK Dashboard.xlsx,Tahun,Survei Industri,provincial,annual,annual,annual,manual_review_required,IDR (check scale),+,0.55,,ibs_survey,BPS Industri Besar Sedang survey block,province_std + year,matched,manual_review_required,"direction_risk from levels-based correlation, provisional pending first-difference re-estimation"
biaya_input_nilai_output,Biaya Input/Nilai Output,Biaya Input/Nilai Output,manual_review_required,BPS Industri Besar Sedang survey block,Data untuk PHK Dashboard.xlsx,Tahun,"Survei Industri, diolah",provincial,annual,annual,annual,manual_review_required,IDR (check scale),manual_review_required,,Proporsi nilai output yang terserap oleh biaya input - Nilai tinggi menunjukkan biaya input menyerap bagian besar dari output,ibs_survey,BPS Industri Besar Sedang survey block,province_std + year,matched,manual_review_required,
biaya_pekerja_lainnya_total_biaya_pekerja,Biaya Pekerja Lainnya/Total Biaya Pekerja,Biaya Pekerja Lainnya/Total Biaya Pekerja,manual_review_required,BPS Industri Besar Sedang survey block,Data untuk PHK Dashboard.xlsx,Tahun,"Survei Industri, diolah",provincial,annual,annual,annual,manual_review_required,IDR (check scale),manual_review_required,,Menggambarkan struktur biaya tenaga kerja nonproduksi,ibs_survey,BPS Industri Besar Sedang survey block,province_std + year,matched,manual_review_required,
biaya_pekerja_produksi_total_biaya_pekerja,Biaya Pekerja Produksi/Total Biaya Pekerja,Biaya Pekerja Produksi/Total Biaya Pekerja,manual_review_required,BPS Industri Besar Sedang survey block,Data untuk PHK Dashboard.xlsx,Tahun,"Survei Industri, diolah",provincial,annual,annual,annual,manual_review_required,IDR (check scale),manual_review_required,,Menunjukkan apakah biaya tenaga kerja terutama berasal dari pekerja produksi,ibs_survey,BPS Industri Besar Sedang survey block,province_std + year,matched,manual_review_required,
biaya_pekerja_biaya_input,Biaya Pekerja/Biaya Input,Biaya Pekerja/Biaya Input,manual_review_required,BPS Industri Besar Sedang survey block,Data untuk PHK Dashboard.xlsx,Tahun,"Survei Industri, diolah",provincial,annual,annual,annual,manual_review_required,IDR (check scale),manual_review_required,,Mengukur beban biaya tenaga kerja terhadap biaya input yang dikeluarkan perusahaan,ibs_survey,BPS Industri Besar Sedang survey block,province_std + year,matched,manual_review_required,
biaya_pekerja_nilai_output,Biaya Pekerja/Nilai Output,Biaya Pekerja/Nilai Output,manual_review_required,BPS Industri Besar Sedang survey block,Data untuk PHK Dashboard.xlsx,Tahun,"Survei Industri, diolah",provincial,annual,annual,annual,manual_review_required,IDR (check scale),manual_review_required,,Mengukur beban biaya tenaga kerja terhadap nilai produksi,ibs_survey,BPS Industri Besar Sedang survey block,province_std + year,matched,manual_review_required,
biaya_pekerja_nilai_tambah_pasar,Biaya Pekerja/Nilai Tambah Pasar,Biaya Pekerja/Nilai Tambah Pasar,manual_review_required,BPS Industri Besar Sedang survey block,Data untuk PHK Dashboard.xlsx,Tahun,"Survei Industri, diolah",provincial,annual,annual,annual,manual_review_required,IDR (check scale),manual_review_required,,Mengukur seberapa besar bagian nilai tambah yang digunakan untuk membayar pekerja,ibs_survey,BPS Industri Besar Sedang survey block,province_std + year,matched,manual_review_required,
biaya_pekerja_nilai_tambah_produksi,Biaya Pekerja/Nilai Tambah Produksi,Biaya Pekerja/Nilai Tambah Produksi,manual_review_required,BPS Industri Besar Sedang survey block,Data untuk PHK Dashboard.xlsx,Tahun,"Survei Industri, diolah",provincial,annual,annual,annual,manual_review_required,IDR (check scale),manual_review_required,,Mengukur seberapa besar bagian nilai tambah yang digunakan untuk membayar pekerja,ibs_survey,BPS Industri Besar Sedang survey block,province_std + year,matched,manual_review_required,
biaya_pekerja_tenaga_kerja,Biaya Pekerja/Tenaga Kerja,Biaya Pekerja/Tenaga Kerja,manual_review_required,BPS Industri Besar Sedang survey block,Data untuk PHK Dashboard.xlsx,Tahun,"Survei Industri, diolah",provincial,annual,annual,annual,manual_review_required,IDR (check scale),manual_review_required,,Menggambarkan biaya pekerja rata-rata yang ditanggung perusahaan,ibs_survey,BPS Industri Besar Sedang survey block,province_std + year,matched,manual_review_required,
jumlah_pengeluaran_untuk_pekerja_lainnya,Jumlah Pengeluaran untuk Pekerja Lainnya,Jumlah Pengeluaran untuk Pekerja Lainnya,manual_review_required,BPS Industri Besar Sedang survey block,Data untuk PHK Dashboard.xlsx,Tahun,Survei Industri,provincial,annual,annual,annual,manual_review_required,IDR (check scale),+,0.69,,ibs_survey,BPS Industri Besar Sedang survey block,province_std + year,matched,manual_review_required,"direction_risk from levels-based correlation, provisional pending first-difference re-estimation"
jumlah_pengeluaran_untuk_pekerja_produksi,Jumlah Pengeluaran untuk Pekerja Produksi,Jumlah Pengeluaran untuk Pekerja Produksi,manual_review_required,BPS Industri Besar Sedang survey block,Data untuk PHK Dashboard.xlsx,Tahun,Survei Industri,provincial,annual,annual,annual,manual_review_required,IDR (check scale),+,0.56,,ibs_survey,BPS Industri Besar Sedang survey block,province_std + year,matched,manual_review_required,"direction_risk from levels-based correlation, provisional pending first-difference re-estimation"
jumlah_perusahaan_pma,Jumlah Perusahaan PMA,Jumlah Perusahaan PMA,manual_review_required,BPS Industri Besar Sedang survey block,Data untuk PHK Dashboard.xlsx,Tahun,Survei Industri,provincial,annual,annual,annual,manual_review_required,count (persons/units),+,0.64,,ibs_survey,BPS Industri Besar Sedang survey block,province_std + year,matched,manual_review_required,"direction_risk from levels-based correlation, provisional pending first-difference re-estimation"
jumlah_perusahaan_pmdn,Jumlah Perusahaan PMDN,Jumlah Perusahaan PMDN,manual_review_required,BPS Industri Besar Sedang survey block,Data untuk PHK Dashboard.xlsx,Tahun,Survei Industri,provincial,annual,annual,annual,manual_review_required,count (persons/units),+,0.47,,ibs_survey,BPS Industri Besar Sedang survey block,province_std + year,matched,manual_review_required,"direction_risk from levels-based correlation, provisional pending first-difference re-estimation"
jumlah_tenaga_kerja_biaya_input,Jumlah Tenaga Kerja/Biaya Input,Jumlah Tenaga Kerja/Biaya Input,manual_review_required,BPS Industri Besar Sedang survey block,Data untuk PHK Dashboard.xlsx,Tahun,"Survei Industri, diolah",provincial,annual,annual,annual,manual_review_required,IDR (check scale),manual_review_required,,Tenaga Kerja per Biaya Input,ibs_survey,BPS Industri Besar Sedang survey block,province_std + year,matched,manual_review_required,
jumlah_tenaga_kerja_nilai_output,Jumlah Tenaga Kerja/Nilai Output,Jumlah Tenaga Kerja/Nilai Output,manual_review_required,BPS Industri Besar Sedang survey block,Data untuk PHK Dashboard.xlsx,Tahun,"Survei Industri, diolah",provincial,annual,annual,annual,manual_review_required,IDR (check scale),manual_review_required,,"Tenaga Kerja per Nilai Output- Labor intensity. Semakin tinggi, semakin labor-intensive kegiatan produksi",ibs_survey,BPS Industri Besar Sedang survey block,province_std + year,matched,manual_review_required,
jumlah_tenaga_kerja_nilai_tambah_biaya_faktor_produksi,Jumlah Tenaga Kerja/Nilai Tambah (biaya faktor produksi),Jumlah Tenaga Kerja/Nilai Tambah (biaya faktor produksi),manual_review_required,BPS Industri Besar Sedang survey block,Data untuk PHK Dashboard.xlsx,Tahun,manual_review_required,provincial,annual,annual,annual,manual_review_required,IDR (check scale),manual_review_required,,,ibs_survey,BPS Industri Besar Sedang survey block,province_std + year,in_sheet_no_metadata,manual_review_required,
jumlah_tenaga_kerja_nilai_tambah_harga_pasar,Jumlah Tenaga Kerja/Nilai Tambah (harga pasar),Jumlah Tenaga Kerja/Nilai Tambah (harga pasar),manual_review_required,BPS Industri Besar Sedang survey block,Data untuk PHK Dashboard.xlsx,Tahun,manual_review_required,provincial,annual,annual,annual,manual_review_required,IDR (check scale),manual_review_required,,,ibs_survey,BPS Industri Besar Sedang survey block,province_std + year,in_sheet_no_metadata,manual_review_required,
nilai_output,Nilai Output,Nilai Output,manual_review_required,BPS Industri Besar Sedang survey block,Data untuk PHK Dashboard.xlsx,Tahun,Survei Industri,provincial,annual,annual,annual,manual_review_required,IDR (check scale),+,0.59,,ibs_survey,BPS Industri Besar Sedang survey block,province_std + year,matched,manual_review_required,"direction_risk from levels-based correlation, provisional pending first-difference re-estimation"
nilai_output_tenaga_kerja,Nilai Output/Tenaga Kerja,Nilai Output/Tenaga Kerja,manual_review_required,BPS Industri Besar Sedang survey block,Data untuk PHK Dashboard.xlsx,Tahun,"Survei Industri, diolah",provincial,annual,annual,annual,manual_review_required,IDR (check scale),-,0.01,Produktivitas,ibs_survey,BPS Industri Besar Sedang survey block,province_std + year,matched,manual_review_required,"direction_risk from levels-based correlation, provisional pending first-difference re-estimation"
nilai_tambah_biaya_faktor_produksi,Nilai Tambah (biaya faktor produksi),Nilai Tambah (biaya faktor produksi),manual_review_required,BPS Industri Besar Sedang survey block,Data untuk PHK Dashboard.xlsx,Tahun,Survei Industri,provincial,annual,annual,annual,manual_review_required,IDR (check scale),+,0.62,,ibs_survey,BPS Industri Besar Sedang survey block,province_std + year,matched,manual_review_required,"direction_risk from levels-based correlation, provisional pending first-difference re-estimation"
nilai_tambah_harga_pasar,Nilai Tambah (harga pasar),Nilai Tambah (harga pasar),manual_review_required,BPS Industri Besar Sedang survey block,Data untuk PHK Dashboard.xlsx,Tahun,Survei Industri,provincial,annual,annual,annual,manual_review_required,IDR (check scale),+,0.62,,ibs_survey,BPS Industri Besar Sedang survey block,province_std + year,matched,manual_review_required,"direction_risk from levels-based correlation, provisional pending first-difference re-estimation"
nilai_tambah_pasar_nilai_output,Nilai Tambah Pasar/Nilai Output,Nilai Tambah Pasar/Nilai Output,manual_review_required,BPS Industri Besar Sedang survey block,Data untuk PHK Dashboard.xlsx,Tahun,manual_review_required,provincial,annual,annual,annual,manual_review_required,IDR (check scale),manual_review_required,,,ibs_survey,BPS Industri Besar Sedang survey block,province_std + year,in_sheet_no_metadata,manual_review_required,
nilai_tambah_pasar_tenaga_kerja,Nilai Tambah Pasar/Tenaga Kerja,Nilai Tambah Pasar/Tenaga Kerja,manual_review_required,BPS Industri Besar Sedang survey block,Data untuk PHK Dashboard.xlsx,Tahun,"Survei Industri, diolah",provincial,annual,annual,annual,manual_review_required,IDR (check scale),-,0.01,Produktivitas,ibs_survey,BPS Industri Besar Sedang survey block,province_std + year,matched,manual_review_required,"direction_risk from levels-based correlation, provisional pending first-difference re-estimation"
nilai_tambah_produksi_nilai_output,Nilai Tambah Produksi/Nilai Output,Nilai Tambah Produksi/Nilai Output,manual_review_required,BPS Industri Besar Sedang survey block,Data untuk PHK Dashboard.xlsx,Tahun,manual_review_required,provincial,annual,annual,annual,manual_review_required,IDR (check scale),manual_review_required,,,ibs_survey,BPS Industri Besar Sedang survey block,province_std + year,in_sheet_no_metadata,manual_review_required,
nilai_tambah_produksi_tenaga_kerja,Nilai Tambah Produksi/Tenaga Kerja,Nilai Tambah Produksi/Tenaga Kerja,manual_review_required,BPS Industri Besar Sedang survey block,Data untuk PHK Dashboard.xlsx,Tahun,"Survei Industri, diolah",provincial,annual,annual,annual,manual_review_required,IDR (check scale),-,0.01,Produktivitas,ibs_survey,BPS Industri Besar Sedang survey block,province_std + year,matched,manual_review_required,"direction_risk from levels-based correlation, provisional pending first-difference re-estimation"
pengeluaran_untuk_pekerja_lainnya_lainnya,Pengeluaran untuk Pekerja Lainnya Lainnya,Pengeluaran untuk Pekerja Lainnya Lainnya,manual_review_required,BPS Industri Besar Sedang survey block,Data untuk PHK Dashboard.xlsx,Tahun,Survei Industri,provincial,annual,annual,annual,manual_review_required,IDR (check scale),+,0.74,,ibs_survey,BPS Industri Besar Sedang survey block,province_std + year,matched,manual_review_required,"direction_risk from levels-based correlation, provisional pending first-difference re-estimation"
pengeluaran_untuk_pekerja_lainnya_upah_gaji_upah_lembur_tunj,"Pengeluaran untuk Pekerja Lainnya Upah/Gaji, Upah Lembur, Tunjangan","Pengeluaran untuk Pekerja Lainnya Upah/Gaji, Upah Lembur, Tunjangan",manual_review_required,BPS Industri Besar Sedang survey block,Data untuk PHK Dashboard.xlsx,Tahun,Survei Industri,provincial,annual,annual,annual,manual_review_required,IDR (check scale),+,0.68,,ibs_survey,BPS Industri Besar Sedang survey block,province_std + year,matched,manual_review_required,"direction_risk from levels-based correlation, provisional pending first-difference re-estimation"
pengeluaran_untuk_pekerja_produksi_lainnya,Pengeluaran untuk Pekerja Produksi Lainnya,Pengeluaran untuk Pekerja Produksi Lainnya,manual_review_required,BPS Industri Besar Sedang survey block,Data untuk PHK Dashboard.xlsx,Tahun,Survei Industri,provincial,annual,annual,annual,manual_review_required,IDR (check scale),+,0.6,,ibs_survey,BPS Industri Besar Sedang survey block,province_std + year,matched,manual_review_required,"direction_risk from levels-based correlation, provisional pending first-difference re-estimation"
pengeluaran_untuk_pekerja_produksi_upah_gaji_upah_lembur_tun,"Pengeluaran untuk Pekerja Produksi Upah/Gaji, Upah Lembur, Tunjangan","Pengeluaran untuk Pekerja Produksi Upah/Gaji, Upah Lembur, Tunjangan",manual_review_required,BPS Industri Besar Sedang survey block,Data untuk PHK Dashboard.xlsx,Tahun,Survei Industri,provincial,annual,annual,annual,manual_review_required,IDR (check scale),+,0.63,,ibs_survey,BPS Industri Besar Sedang survey block,province_std + year,matched,manual_review_required,"direction_risk from levels-based correlation, provisional pending first-difference re-estimation"
perusahaan_industri_besar,Perusahaan Industri Besar,Perusahaan Industri Besar,manual_review_required,BPS Industri Besar Sedang survey block,Data untuk PHK Dashboard.xlsx,Tahun,Survei Industri,provincial,annual,annual,annual,manual_review_required,count (persons/units),+,0.65,,ibs_survey,BPS Industri Besar Sedang survey block,province_std + year,matched,manual_review_required,"direction_risk from levels-based correlation, provisional pending first-difference re-estimation"
perusahaan_industri_sedang,Perusahaan Industri Sedang,Perusahaan Industri Sedang,manual_review_required,BPS Industri Besar Sedang survey block,Data untuk PHK Dashboard.xlsx,Tahun,Survei Industri,provincial,annual,annual,annual,manual_review_required,count (persons/units),+,0.61,,ibs_survey,BPS Industri Besar Sedang survey block,province_std + year,matched,manual_review_required,"direction_risk from levels-based correlation, provisional pending first-difference re-estimation"
proporsi_perusahaan_pma,Proporsi Perusahaan PMA,Proporsi Perusahaan PMA,manual_review_required,BPS Industri Besar Sedang survey block,Data untuk PHK Dashboard.xlsx,Tahun,"Survei Industri, diolah",provincial,annual,annual,annual,manual_review_required,percent,manual_review_required,,Share PMDN,ibs_survey,BPS Industri Besar Sedang survey block,province_std + year,matched,manual_review_required,
proporsi_perusahaan_pmdn,Proporsi Perusahaan PMDN,Proporsi Perusahaan PMDN,manual_review_required,BPS Industri Besar Sedang survey block,Data untuk PHK Dashboard.xlsx,Tahun,"Survei Industri, diolah",provincial,annual,annual,annual,manual_review_required,percent,manual_review_required,,Share PMA,ibs_survey,BPS Industri Besar Sedang survey block,province_std + year,matched,manual_review_required,
tenaga_kerja_industri_besar,Tenaga Kerja Industri Besar,Tenaga Kerja Industri Besar,manual_review_required,BPS Industri Besar Sedang survey block,Data untuk PHK Dashboard.xlsx,Tahun,Survei Industri,provincial,annual,annual,annual,manual_review_required,manual_review_required,+,0.54,,ibs_survey,BPS Industri Besar Sedang survey block,province_std + year,matched,manual_review_required,"direction_risk from levels-based correlation, provisional pending first-difference re-estimation"
tenaga_kerja_industri_sedang,Tenaga Kerja Industri Sedang,Tenaga Kerja Industri Sedang,manual_review_required,BPS Industri Besar Sedang survey block,Data untuk PHK Dashboard.xlsx,Tahun,Survei Industri,provincial,annual,annual,annual,manual_review_required,manual_review_required,+,0.66,,ibs_survey,BPS Industri Besar Sedang survey block,province_std + year,matched,manual_review_required,"direction_risk from levels-based correlation, provisional pending first-difference re-estimation"
lag1_pekerja_formal,Lag_1 % Pekerja Formal,Lag_1 % Pekerja Formal,manual_review_required,1-year lag of base indicator,Data untuk PHK Dashboard.xlsx,Tahun,manual_review_required,provincial,annual,annual,annual,manual_review_required,manual_review_required,manual_review_required,,,lagged,1-year lag of base indicator,province_std + year,in_sheet_no_metadata,manual_review_required,
lag1_pekerja_memiliki_kontrak_tertulis,Lag_1 % Pekerja Memiliki Kontrak Tertulis,Lag_1 % Pekerja Memiliki Kontrak Tertulis,manual_review_required,1-year lag of base indicator,Data untuk PHK Dashboard.xlsx,Tahun,manual_review_required,no_data,annual,annual,annual,manual_review_required,manual_review_required,manual_review_required,,,lagged,1-year lag of base indicator,province_std + year,in_sheet_no_metadata,manual_review_required,
lag1_bpjstk_jht_phk,Lag_1 BPJSTK - JHT PHK,Lag_1 BPJSTK - JHT PHK,manual_review_required,1-year lag of base indicator,Data untuk PHK Dashboard.xlsx,Tahun,manual_review_required,provincial,annual,annual,annual,manual_review_required,count (persons/units),manual_review_required,,,lagged,1-year lag of base indicator,province_std + year,in_sheet_no_metadata,manual_review_required,
lag1_bpjstk_jkp_phk,Lag_1 BPJSTK - JKP PHK,Lag_1 BPJSTK - JKP PHK,manual_review_required,1-year lag of base indicator,Data untuk PHK Dashboard.xlsx,Tahun,manual_review_required,provincial,annual,annual,annual,manual_review_required,count (persons/units),manual_review_required,,,lagged,1-year lag of base indicator,province_std + year,in_sheet_no_metadata,manual_review_required,
lag1_bpjstk_phk,Lag_1 BPJSTK - PHK,Lag_1 BPJSTK - PHK,manual_review_required,1-year lag of base indicator,Data untuk PHK Dashboard.xlsx,Tahun,manual_review_required,provincial,annual,annual,annual,manual_review_required,count (persons/units),manual_review_required,,,lagged,1-year lag of base indicator,province_std + year,in_sheet_no_metadata,manual_review_required,
lag1_bpjstk_peserta_aktif_bpu,Lag_1 BPJSTK - Peserta Aktif BPU,Lag_1 BPJSTK - Peserta Aktif BPU,manual_review_required,1-year lag of base indicator,Data untuk PHK Dashboard.xlsx,Tahun,manual_review_required,provincial,annual,annual,annual,manual_review_required,count (persons/units),manual_review_required,,,lagged,1-year lag of base indicator,province_std + year,in_sheet_no_metadata,manual_review_required,
lag1_bpjstk_peserta_aktif_pu,Lag_1 BPJSTK - Peserta Aktif PU,Lag_1 BPJSTK - Peserta Aktif PU,manual_review_required,1-year lag of base indicator,Data untuk PHK Dashboard.xlsx,Tahun,manual_review_required,provincial,annual,annual,annual,manual_review_required,count (persons/units),manual_review_required,,,lagged,1-year lag of base indicator,province_std + year,in_sheet_no_metadata,manual_review_required,
lag1_growth_ump,Lag_1 Growth UMP,Lag_1 Growth UMP,manual_review_required,1-year lag of base indicator,Data untuk PHK Dashboard.xlsx,Tahun,manual_review_required,provincial,annual,annual,annual,manual_review_required,IDR (check scale),manual_review_required,,,lagged,1-year lag of base indicator,province_std + year,in_sheet_no_metadata,manual_review_required,
lag1_phk,Lag_1 PHK,Lag_1 PHK,manual_review_required,1-year lag of base indicator,Data untuk PHK Dashboard.xlsx,Tahun,manual_review_required,provincial,annual,annual,annual,manual_review_required,count (persons/units),manual_review_required,,,lagged,1-year lag of base indicator,province_std + year,in_sheet_no_metadata,manual_review_required,
tenaga_kerja_administrasi_pemerintahan_pertahanan_dan_jamina,"Tenaga Kerja - Administrasi Pemerintahan, Pertahanan dan Jaminan Sosial Wajib","Tenaga Kerja - Administrasi Pemerintahan, Pertahanan dan Jaminan Sosial Wajib",manual_review_required,employment count in the sector,Data untuk PHK Dashboard.xlsx,Tahun,manual_review_required,provincial,annual,annual,annual,manual_review_required,count (persons/units),manual_review_required,,,sector_emp_count,employment count in the sector,province_std + year,in_sheet_no_metadata,manual_review_required,
tenaga_kerja_industri_pengolahan,Tenaga Kerja - Industri Pengolahan,Tenaga Kerja - Industri Pengolahan,manual_review_required,employment count in the sector,Data untuk PHK Dashboard.xlsx,Tahun,manual_review_required,provincial,annual,annual,annual,manual_review_required,count (persons/units),manual_review_required,,,sector_emp_count,employment count in the sector,province_std + year,in_sheet_no_metadata,manual_review_required,
tenaga_kerja_informasi_dan_komunikasi,Tenaga Kerja - Informasi dan Komunikasi,Tenaga Kerja - Informasi dan Komunikasi,manual_review_required,employment count in the sector,Data untuk PHK Dashboard.xlsx,Tahun,manual_review_required,provincial,annual,annual,annual,manual_review_required,count (persons/units),manual_review_required,,,sector_emp_count,employment count in the sector,province_std + year,in_sheet_no_metadata,manual_review_required,
tenaga_kerja_jasa_kesehatan_dan_kegiatan_sosial,Tenaga Kerja - Jasa Kesehatan dan Kegiatan Sosial,Tenaga Kerja - Jasa Kesehatan dan Kegiatan Sosial,manual_review_required,employment count in the sector,Data untuk PHK Dashboard.xlsx,Tahun,manual_review_required,provincial,annual,annual,annual,manual_review_required,count (persons/units),manual_review_required,,,sector_emp_count,employment count in the sector,province_std + year,in_sheet_no_metadata,manual_review_required,
tenaga_kerja_jasa_keuangan_dan_asuransi,Tenaga Kerja - Jasa Keuangan dan Asuransi,Tenaga Kerja - Jasa Keuangan dan Asuransi,manual_review_required,employment count in the sector,Data untuk PHK Dashboard.xlsx,Tahun,manual_review_required,provincial,annual,annual,annual,manual_review_required,count (persons/units),manual_review_required,,,sector_emp_count,employment count in the sector,province_std + year,in_sheet_no_metadata,manual_review_required,
tenaga_kerja_jasa_lainnya,Tenaga Kerja - Jasa Lainnya,Tenaga Kerja - Jasa Lainnya,manual_review_required,employment count in the sector,Data untuk PHK Dashboard.xlsx,Tahun,manual_review_required,provincial,annual,annual,annual,manual_review_required,count (persons/units),manual_review_required,,,sector_emp_count,employment count in the sector,province_std + year,in_sheet_no_metadata,manual_review_required,
tenaga_kerja_jasa_pendidikan,Tenaga Kerja - Jasa Pendidikan,Tenaga Kerja - Jasa Pendidikan,manual_review_required,employment count in the sector,Data untuk PHK Dashboard.xlsx,Tahun,manual_review_required,provincial,annual,annual,annual,manual_review_required,count (persons/units),manual_review_required,,,sector_emp_count,employment count in the sector,province_std + year,in_sheet_no_metadata,manual_review_required,
tenaga_kerja_jasa_perusahaan,Tenaga Kerja - Jasa Perusahaan,Tenaga Kerja - Jasa Perusahaan,manual_review_required,employment count in the sector,Data untuk PHK Dashboard.xlsx,Tahun,manual_review_required,provincial,annual,annual,annual,manual_review_required,count (persons/units),manual_review_required,,,sector_emp_count,employment count in the sector,province_std + year,in_sheet_no_metadata,manual_review_required,
tenaga_kerja_konstruksi,Tenaga Kerja - Konstruksi,Tenaga Kerja - Konstruksi,manual_review_required,employment count in the sector,Data untuk PHK Dashboard.xlsx,Tahun,manual_review_required,provincial,annual,annual,annual,manual_review_required,count (persons/units),manual_review_required,,,sector_emp_count,employment count in the sector,province_std + year,in_sheet_no_metadata,manual_review_required,
tenaga_kerja_pengadaan_air_pengelolaan_sampah_limbah_dan_dau,"Tenaga Kerja - Pengadaan Air, Pengelolaan Sampah, Limbah dan Daur Ulang","Tenaga Kerja - Pengadaan Air, Pengelolaan Sampah, Limbah dan Daur Ulang",manual_review_required,employment count in the sector,Data untuk PHK Dashboard.xlsx,Tahun,manual_review_required,provincial,annual,annual,annual,manual_review_required,count (persons/units),manual_review_required,,,sector_emp_count,employment count in the sector,province_std + year,in_sheet_no_metadata,manual_review_required,
tenaga_kerja_pengadaan_listrik_dan_gas,Tenaga Kerja - Pengadaan Listrik dan Gas,Tenaga Kerja - Pengadaan Listrik dan Gas,manual_review_required,employment count in the sector,Data untuk PHK Dashboard.xlsx,Tahun,manual_review_required,provincial,annual,annual,annual,manual_review_required,count (persons/units),manual_review_required,,,sector_emp_count,employment count in the sector,province_std + year,in_sheet_no_metadata,manual_review_required,
tenaga_kerja_penyediaan_akomodasi_dan_makan_minum,Tenaga Kerja - Penyediaan Akomodasi dan Makan Minum,Tenaga Kerja - Penyediaan Akomodasi dan Makan Minum,manual_review_required,employment count in the sector,Data untuk PHK Dashboard.xlsx,Tahun,manual_review_required,provincial,annual,annual,annual,manual_review_required,count (persons/units),manual_review_required,,,sector_emp_count,employment count in the sector,province_std + year,in_sheet_no_metadata,manual_review_required,
tenaga_kerja_perdagangan_besar_dan_eceran_reparasi_mobil_dan,"Tenaga Kerja - Perdagangan Besar dan Eceran, Reparasi Mobil dan Sepeda Motor","Tenaga Kerja - Perdagangan Besar dan Eceran, Reparasi Mobil dan Sepeda Motor",manual_review_required,employment count in the sector,Data untuk PHK Dashboard.xlsx,Tahun,manual_review_required,provincial,annual,annual,annual,manual_review_required,count (persons/units),manual_review_required,,,sector_emp_count,employment count in the sector,province_std + year,in_sheet_no_metadata,manual_review_required,
tenaga_kerja_pertambangan_dan_penggalian,Tenaga Kerja - Pertambangan dan Penggalian,Tenaga Kerja - Pertambangan dan Penggalian,manual_review_required,employment count in the sector,Data untuk PHK Dashboard.xlsx,Tahun,manual_review_required,provincial,annual,annual,annual,manual_review_required,count (persons/units),manual_review_required,,,sector_emp_count,employment count in the sector,province_std + year,in_sheet_no_metadata,manual_review_required,
tenaga_kerja_pertanian_kehutanan_dan_perikanan,"Tenaga Kerja - Pertanian, Kehutanan dan Perikanan","Tenaga Kerja - Pertanian, Kehutanan dan Perikanan",manual_review_required,employment count in the sector,Data untuk PHK Dashboard.xlsx,Tahun,manual_review_required,provincial,annual,annual,annual,manual_review_required,count (persons/units),manual_review_required,,,sector_emp_count,employment count in the sector,province_std + year,in_sheet_no_metadata,manual_review_required,
tenaga_kerja_real_estate,Tenaga Kerja - Real Estate,Tenaga Kerja - Real Estate,manual_review_required,employment count in the sector,Data untuk PHK Dashboard.xlsx,Tahun,manual_review_required,provincial,annual,annual,annual,manual_review_required,count (persons/units),manual_review_required,,,sector_emp_count,employment count in the sector,province_std + year,in_sheet_no_metadata,manual_review_required,
tenaga_kerja_transportasi_dan_pergudangan,Tenaga Kerja - Transportasi dan Pergudangan,Tenaga Kerja - Transportasi dan Pergudangan,manual_review_required,employment count in the sector,Data untuk PHK Dashboard.xlsx,Tahun,manual_review_required,provincial,annual,annual,annual,manual_review_required,count (persons/units),manual_review_required,,,sector_emp_count,employment count in the sector,province_std + year,in_sheet_no_metadata,manual_review_required,
share_tenaga_kerja_administrasi_pemerintahan_pertahanan_dan_,"% Share Tenaga Kerja - Administrasi Pemerintahan, Pertahanan dan Jaminan Sosial Wajib","% Share Tenaga Kerja - Administrasi Pemerintahan, Pertahanan dan Jaminan Sosial Wajib",manual_review_required,"employment share of the sector (stored as fraction, verify)",Data untuk PHK Dashboard.xlsx,Tahun,manual_review_required,provincial,annual,annual,annual,manual_review_required,percent,manual_review_required,,,sector_emp_share,"employment share of the sector (stored as fraction, verify)",province_std + year,in_sheet_no_metadata,manual_review_required,
share_tenaga_kerja_industri_pengolahan,% Share Tenaga Kerja - Industri Pengolahan,% Share Tenaga Kerja - Industri Pengolahan,manual_review_required,"employment share of the sector (stored as fraction, verify)",Data untuk PHK Dashboard.xlsx,Tahun,manual_review_required,provincial,annual,annual,annual,manual_review_required,percent,manual_review_required,,,sector_emp_share,"employment share of the sector (stored as fraction, verify)",province_std + year,in_sheet_no_metadata,manual_review_required,
share_tenaga_kerja_informasi_dan_komunikasi,% Share Tenaga Kerja - Informasi dan Komunikasi,% Share Tenaga Kerja - Informasi dan Komunikasi,manual_review_required,"employment share of the sector (stored as fraction, verify)",Data untuk PHK Dashboard.xlsx,Tahun,manual_review_required,provincial,annual,annual,annual,manual_review_required,percent,manual_review_required,,,sector_emp_share,"employment share of the sector (stored as fraction, verify)",province_std + year,in_sheet_no_metadata,manual_review_required,
share_tenaga_kerja_jasa_kesehatan_dan_kegiatan_sosial,% Share Tenaga Kerja - Jasa Kesehatan dan Kegiatan Sosial,% Share Tenaga Kerja - Jasa Kesehatan dan Kegiatan Sosial,manual_review_required,"employment share of the sector (stored as fraction, verify)",Data untuk PHK Dashboard.xlsx,Tahun,manual_review_required,provincial,annual,annual,annual,manual_review_required,percent,manual_review_required,,,sector_emp_share,"employment share of the sector (stored as fraction, verify)",province_std + year,in_sheet_no_metadata,manual_review_required,
share_tenaga_kerja_jasa_keuangan_dan_asuransi,% Share Tenaga Kerja - Jasa Keuangan dan Asuransi,% Share Tenaga Kerja - Jasa Keuangan dan Asuransi,manual_review_required,"employment share of the sector (stored as fraction, verify)",Data untuk PHK Dashboard.xlsx,Tahun,manual_review_required,provincial,annual,annual,annual,manual_review_required,percent,manual_review_required,,,sector_emp_share,"employment share of the sector (stored as fraction, verify)",province_std + year,in_sheet_no_metadata,manual_review_required,
share_tenaga_kerja_jasa_lainnya,% Share Tenaga Kerja - Jasa Lainnya,% Share Tenaga Kerja - Jasa Lainnya,manual_review_required,"employment share of the sector (stored as fraction, verify)",Data untuk PHK Dashboard.xlsx,Tahun,manual_review_required,provincial,annual,annual,annual,manual_review_required,percent,manual_review_required,,,sector_emp_share,"employment share of the sector (stored as fraction, verify)",province_std + year,in_sheet_no_metadata,manual_review_required,
share_tenaga_kerja_jasa_pendidikan,% Share Tenaga Kerja - Jasa Pendidikan,% Share Tenaga Kerja - Jasa Pendidikan,manual_review_required,"employment share of the sector (stored as fraction, verify)",Data untuk PHK Dashboard.xlsx,Tahun,manual_review_required,provincial,annual,annual,annual,manual_review_required,percent,manual_review_required,,,sector_emp_share,"employment share of the sector (stored as fraction, verify)",province_std + year,in_sheet_no_metadata,manual_review_required,
share_tenaga_kerja_jasa_perusahaan,% Share Tenaga Kerja - Jasa Perusahaan,% Share Tenaga Kerja - Jasa Perusahaan,manual_review_required,"employment share of the sector (stored as fraction, verify)",Data untuk PHK Dashboard.xlsx,Tahun,manual_review_required,provincial,annual,annual,annual,manual_review_required,percent,manual_review_required,,,sector_emp_share,"employment share of the sector (stored as fraction, verify)",province_std + year,in_sheet_no_metadata,manual_review_required,
share_tenaga_kerja_konstruksi,% Share Tenaga Kerja - Konstruksi,% Share Tenaga Kerja - Konstruksi,manual_review_required,"employment share of the sector (stored as fraction, verify)",Data untuk PHK Dashboard.xlsx,Tahun,manual_review_required,provincial,annual,annual,annual,manual_review_required,percent,manual_review_required,,,sector_emp_share,"employment share of the sector (stored as fraction, verify)",province_std + year,in_sheet_no_metadata,manual_review_required,
share_tenaga_kerja_pengadaan_air_pengelolaan_sampah_limbah_d,"% Share Tenaga Kerja - Pengadaan Air, Pengelolaan Sampah, Limbah dan Daur Ulang","% Share Tenaga Kerja - Pengadaan Air, Pengelolaan Sampah, Limbah dan Daur Ulang",manual_review_required,"employment share of the sector (stored as fraction, verify)",Data untuk PHK Dashboard.xlsx,Tahun,manual_review_required,provincial,annual,annual,annual,manual_review_required,percent,manual_review_required,,,sector_emp_share,"employment share of the sector (stored as fraction, verify)",province_std + year,in_sheet_no_metadata,manual_review_required,
share_tenaga_kerja_pengadaan_listrik_dan_gas,% Share Tenaga Kerja - Pengadaan Listrik dan Gas,% Share Tenaga Kerja - Pengadaan Listrik dan Gas,manual_review_required,"employment share of the sector (stored as fraction, verify)",Data untuk PHK Dashboard.xlsx,Tahun,manual_review_required,provincial,annual,annual,annual,manual_review_required,percent,manual_review_required,,,sector_emp_share,"employment share of the sector (stored as fraction, verify)",province_std + year,in_sheet_no_metadata,manual_review_required,
share_tenaga_kerja_penyediaan_akomodasi_dan_makan_minum,% Share Tenaga Kerja - Penyediaan Akomodasi dan Makan Minum,% Share Tenaga Kerja - Penyediaan Akomodasi dan Makan Minum,manual_review_required,"employment share of the sector (stored as fraction, verify)",Data untuk PHK Dashboard.xlsx,Tahun,manual_review_required,provincial,annual,annual,annual,manual_review_required,percent,manual_review_required,,,sector_emp_share,"employment share of the sector (stored as fraction, verify)",province_std + year,in_sheet_no_metadata,manual_review_required,
share_tenaga_kerja_perdagangan_besar_dan_eceran_reparasi_mob,"% Share Tenaga Kerja - Perdagangan Besar dan Eceran, Reparasi Mobil dan Sepeda Motor","% Share Tenaga Kerja - Perdagangan Besar dan Eceran, Reparasi Mobil dan Sepeda Motor",manual_review_required,"employment share of the sector (stored as fraction, verify)",Data untuk PHK Dashboard.xlsx,Tahun,manual_review_required,provincial,annual,annual,annual,manual_review_required,percent,manual_review_required,,,sector_emp_share,"employment share of the sector (stored as fraction, verify)",province_std + year,in_sheet_no_metadata,manual_review_required,
share_tenaga_kerja_pertambangan_dan_penggalian,% Share Tenaga Kerja - Pertambangan dan Penggalian,% Share Tenaga Kerja - Pertambangan dan Penggalian,manual_review_required,"employment share of the sector (stored as fraction, verify)",Data untuk PHK Dashboard.xlsx,Tahun,manual_review_required,provincial,annual,annual,annual,manual_review_required,percent,manual_review_required,,,sector_emp_share,"employment share of the sector (stored as fraction, verify)",province_std + year,in_sheet_no_metadata,manual_review_required,
share_tenaga_kerja_pertanian_kehutanan_dan_perikanan,"% Share Tenaga Kerja - Pertanian, Kehutanan dan Perikanan","% Share Tenaga Kerja - Pertanian, Kehutanan dan Perikanan",manual_review_required,"employment share of the sector (stored as fraction, verify)",Data untuk PHK Dashboard.xlsx,Tahun,manual_review_required,provincial,annual,annual,annual,manual_review_required,percent,manual_review_required,,,sector_emp_share,"employment share of the sector (stored as fraction, verify)",province_std + year,in_sheet_no_metadata,manual_review_required,
share_tenaga_kerja_real_estate,% Share Tenaga Kerja - Real Estate,% Share Tenaga Kerja - Real Estate,manual_review_required,"employment share of the sector (stored as fraction, verify)",Data untuk PHK Dashboard.xlsx,Tahun,manual_review_required,provincial,annual,annual,annual,manual_review_required,percent,manual_review_required,,,sector_emp_share,"employment share of the sector (stored as fraction, verify)",province_std + year,in_sheet_no_metadata,manual_review_required,
share_tenaga_kerja_transportasi_dan_pergudangan,% Share Tenaga Kerja - Transportasi dan Pergudangan,% Share Tenaga Kerja - Transportasi dan Pergudangan,manual_review_required,"employment share of the sector (stored as fraction, verify)",Data untuk PHK Dashboard.xlsx,Tahun,manual_review_required,provincial,annual,annual,annual,manual_review_required,percent,manual_review_required,,,sector_emp_share,"employment share of the sector (stored as fraction, verify)",province_std + year,in_sheet_no_metadata,manual_review_required,
bi_rate,BI Rate,BI Rate,BI policy rate,"Bank Indonesia policy interest rate, national",Data untuk PHK Dashboard.xlsx,"Bulan, Triwulan",BI,national,monthly,"monthly, quarterly",monthly,manual_review_required,percent,manual_review_required,,Suku bunga ↑ → investasi ↓ → PHK ↑,base,,province_std + year + quarter,matched,manual_review_required,
harga_minyak_brent_usd_barrel,Harga Minyak Brent (USD/barrel),Harga Minyak Brent (USD/barrel),Brent crude price,"Brent crude oil price, national reference",Data untuk PHK Dashboard.xlsx,Bulan,manual_review_required,national,monthly,monthly,monthly,manual_review_required,USD/barrel,manual_review_required,,,base,,province_std + year + month,in_sheet_no_metadata,manual_review_required,
ihk_2010100,IHK (2010=100),IHK (2010=100),Consumer Price Index (CPI),"Consumer price index, base 2010=100",Data untuk PHK Dashboard.xlsx,"Bulan, Tahun, Triwulan",BPS,provincial,monthly,"annual, monthly, quarterly",monthly,manual_review_required,index,manual_review_required,,Inflasi ↑ → konsumsi melemah → PHK ↑,base,,province_std + year,matched,manual_review_required,
ihpb,IHPB,IHPB,Wholesale Price Index,"Wholesale price index (Indeks Harga Perdagangan Besar), national",Data untuk PHK Dashboard.xlsx,Bulan,manual_review_required,national,monthly,monthly,monthly,manual_review_required,index,manual_review_required,,,base,,province_std + year + month,in_sheet_no_metadata,manual_review_required,
inflasi_bulanan_m_to_m,Inflasi Bulanan (M-to-M),Inflasi Bulanan (M-to-M),"Inflation, month-on-month",Month-on-month change in the consumer price index,Data untuk PHK Dashboard.xlsx,Bulan,manual_review_required,provincial,monthly,monthly,monthly,manual_review_required,percent,manual_review_required,,,base,,province_std + year + month,in_sheet_no_metadata,manual_review_required,
inflasi_tahunan_y_on_y,Inflasi Tahunan (Y-on-Y),Inflasi Tahunan (Y-on-Y),"Inflation, year-on-year",Year-on-year change in the consumer price index,Data untuk PHK Dashboard.xlsx,Bulan,BPS,provincial,monthly,monthly,monthly,manual_review_required,percent,manual_review_required,,Inflasi ↑ → daya beli/profit turun → PHK ↑,base,,province_std + year + month,matched,manual_review_required,
kurs,Kurs,Kurs,Exchange rate,"IDR per USD, national",Data untuk PHK Dashboard.xlsx,"Bulan, Tahun, Triwulan",BI,national,monthly,"annual, monthly, quarterly",monthly,manual_review_required,IDR per USD,manual_review_required,,Depresiasi ↑ → biaya impor & ketidakpastian ↑ → PHK ↑,base,,province_std + year,matched,manual_review_required,
npl_idr_miliar,NPL (IDR miliar),NPL (IDR miliar),Non-performing loans,Value of non-performing loans,Data untuk PHK Dashboard.xlsx,Bulan,manual_review_required,provincial,monthly,monthly,monthly,manual_review_required,IDR billion,manual_review_required,,,base,,province_std + year + month,in_sheet_no_metadata,manual_review_required,
neraca_perdagangan,Neraca Perdagangan,Neraca Perdagangan,Trade balance,Exports minus imports,Data untuk PHK Dashboard.xlsx,"Bulan, Tahun",BPS,provincial,monthly,"annual, monthly",monthly,manual_review_required,USD million,manual_review_required,,Surplus perdagangan ↑ → produksi ↑ → tenaga kerja ↑ → PHK ↓,base,,province_std + year,matched,manual_review_required,
nilai_ekspor,Nilai Ekspor,Nilai Ekspor,Export value,Value of provincial exports,Data untuk PHK Dashboard.xlsx,"Bulan, Tahun",BPS,provincial,monthly,"annual, monthly",monthly,manual_review_required,USD million,manual_review_required,,,base,,province_std + year,matched,manual_review_required,
nilai_impor,Nilai Impor,Nilai Impor,Import value,Value of provincial imports,Data untuk PHK Dashboard.xlsx,"Bulan, Tahun",BPS,provincial,monthly,"annual, monthly",monthly,manual_review_required,USD million,manual_review_required,,Impor bahan baku ↑ → produksi ↑ → PHK ↓,base,,province_std + year,matched,manual_review_required,
phk_flow,PHK (Flow),PHK (Flow),"Layoffs, period flow",New reported layoffs during the period,Data untuk PHK Dashboard.xlsx,"Bulan, Triwulan",manual_review_required,provincial,monthly,"monthly, quarterly",monthly,manual_review_required,count (persons),manual_review_required,,,base,,province_std + year + quarter,in_sheet_no_metadata,manual_review_required,
phk_stock,PHK (Stock),PHK (Stock),"Layoffs, cumulative stock",Cumulative reported layoffs to date in the period,Data untuk PHK Dashboard.xlsx,"Bulan, Triwulan",manual_review_required,provincial,monthly,"monthly, quarterly",monthly,manual_review_required,count (persons),manual_review_required,,,base,,province_std + year + quarter,in_sheet_no_metadata,manual_review_required,
pmi_manufaktur_sp,PMI Manufaktur S&P,PMI Manufaktur S&P,Manufacturing PMI (S&P Global),"Purchasing Managers Index for manufacturing, national, above 50 signals expansion",Data untuk PHK Dashboard.xlsx,Bulan,manual_review_required,national,monthly,monthly,monthly,manual_review_required,index,manual_review_required,,,base,,province_std + year + month,in_sheet_no_metadata,manual_review_required,
perubahan_harga_konsumen,Perubahan Harga Konsumen,Perubahan Harga Konsumen,manual_review_required,manual_review_required,Data untuk PHK Dashboard.xlsx,"Bulan, Triwulan",manual_review_required,provincial,monthly,"monthly, quarterly",monthly,manual_review_required,percent,manual_review_required,,,base,,province_std + year + quarter,in_sheet_no_metadata,manual_review_required,
agriculture_share_pdrb,Agriculture Share (% PDRB),Agriculture Share (% PDRB),manual_review_required,manual_review_required,Data untuk PHK Dashboard.xlsx,Triwulan,manual_review_required,provincial,quarterly,quarterly,quarterly,manual_review_required,IDR (check scale),manual_review_required,,,base,,province_std + year + quarter,in_sheet_no_metadata,manual_review_required,
fdi_idr_mn,FDI (IDR mn),FDI (IDR mn),manual_review_required,manual_review_required,Data untuk PHK Dashboard.xlsx,Triwulan,manual_review_required,provincial,quarterly,quarterly,quarterly,manual_review_required,IDR (check scale),manual_review_required,,,base,,province_std + year + quarter,in_sheet_no_metadata,manual_review_required,
fdi_usd_mn,FDI (USD mn),FDI (USD mn),manual_review_required,manual_review_required,Data untuk PHK Dashboard.xlsx,Triwulan,manual_review_required,provincial,quarterly,quarterly,quarterly,manual_review_required,USD million,manual_review_required,,,base,,province_std + year + quarter,in_sheet_no_metadata,manual_review_required,
ihp_2016100,IHP (2016=100),IHP (2016=100),manual_review_required,,Data untuk PHK Dashboard.xlsx,"Tahun, Triwulan",BPS,national,quarterly,"annual, quarterly",quarterly,manual_review_required,index,manual_review_required,,Harga produsen ↑ → biaya produksi ↑ → PHK ↑,base,,province_std + year,matched,manual_review_required,"national flag data-derived, confirm manually"
ikk,IKK,IKK,Consumer Confidence Index,Index of consumer confidence (empty in current data),Data untuk PHK Dashboard.xlsx,"Tahun, Triwulan",BI,no_data,quarterly,"annual, quarterly",quarterly,manual_review_required,index,manual_review_required,,Keyakinan konsumsi ↑ → permintaan ↑ → PHK ↓,base,,province_std + year,matched,manual_review_required,
jumlah_penduduk_bekerja,Jumlah Penduduk Bekerja,Jumlah Penduduk Bekerja,Number of employed persons,Count of working population,Data untuk PHK Dashboard.xlsx,"Tahun, Triwulan",Sakernas,provincial,quarterly,"annual, quarterly",quarterly,manual_review_required,count (persons),+,0.44,,base,,province_std + year,matched,manual_review_required,"direction_risk from levels-based correlation, provisional pending first-difference re-estimation"
manufacturing_share_pdrb,Manufacturing Share (% PDRB),Manufacturing Share (% PDRB),manual_review_required,manual_review_required,Data untuk PHK Dashboard.xlsx,Triwulan,manual_review_required,provincial,quarterly,quarterly,quarterly,manual_review_required,IDR (check scale),manual_review_required,,,base,,province_std + year + quarter,in_sheet_no_metadata,manual_review_required,
npl_end_of_quarter_idr_miliar,"NPL, End of Quarter (IDR miliar)","NPL, End of Quarter (IDR miliar)",manual_review_required,manual_review_required,Data untuk PHK Dashboard.xlsx,Triwulan,manual_review_required,provincial,quarterly,quarterly,quarterly,manual_review_required,IDR (check scale),manual_review_required,,,base,,province_std + year + quarter,in_sheet_no_metadata,manual_review_required,
neraca_perdagangan,Neraca Perdagangan*,Neraca Perdagangan*,manual_review_required,manual_review_required,Data untuk PHK Dashboard.xlsx,Triwulan,manual_review_required,provincial,quarterly,quarterly,quarterly,manual_review_required,manual_review_required,manual_review_required,,,base,,province_std + year + quarter,in_sheet_no_metadata,manual_review_required,
nilai_ekspor_usd_juta,Nilai Ekspor (USD juta),Nilai Ekspor (USD juta),manual_review_required,manual_review_required,Data untuk PHK Dashboard.xlsx,Triwulan,manual_review_required,provincial,quarterly,quarterly,quarterly,manual_review_required,USD million,manual_review_required,,,base,,province_std + year + quarter,in_sheet_no_metadata,manual_review_required,
nilai_impor_usd_juta,Nilai Impor (USD juta),Nilai Impor (USD juta),manual_review_required,manual_review_required,Data untuk PHK Dashboard.xlsx,Triwulan,manual_review_required,provincial,quarterly,quarterly,quarterly,manual_review_required,USD million,manual_review_required,,,base,,province_std + year + quarter,in_sheet_no_metadata,manual_review_required,
pdrb_idr_mn,PDRB (IDR mn),PDRB (IDR mn),Gross Regional Domestic Product,Provincial GRDP,Data untuk PHK Dashboard.xlsx,Triwulan,manual_review_required,provincial,quarterly,quarterly,quarterly,manual_review_required,IDR million,manual_review_required,,,base,,province_std + year + quarter,in_sheet_no_metadata,manual_review_required,
pdrb_agrikultur_idr_mn,PDRB Agrikultur (IDR mn),PDRB Agrikultur (IDR mn),manual_review_required,manual_review_required,Data untuk PHK Dashboard.xlsx,Triwulan,manual_review_required,provincial,quarterly,quarterly,quarterly,manual_review_required,IDR (check scale),manual_review_required,,,base,,province_std + year + quarter,in_sheet_no_metadata,manual_review_required,
pdrb_jasa,PDRB Jasa,PDRB Jasa,manual_review_required,manual_review_required,Data untuk PHK Dashboard.xlsx,Triwulan,manual_review_required,provincial,quarterly,quarterly,quarterly,manual_review_required,IDR (check scale),manual_review_required,,,base,,province_std + year + quarter,in_sheet_no_metadata,manual_review_required,
pdrb_manufaktur_idr_mn,PDRB Manufaktur (IDR mn),PDRB Manufaktur (IDR mn),manual_review_required,manual_review_required,Data untuk PHK Dashboard.xlsx,Triwulan,manual_review_required,provincial,quarterly,quarterly,quarterly,manual_review_required,IDR (check scale),manual_review_required,,,base,,province_std + year + quarter,in_sheet_no_metadata,manual_review_required,
pmi_manufaktur,PMI Manufaktur,PMI Manufaktur,manual_review_required,manual_review_required,Data untuk PHK Dashboard.xlsx,"Tahun, Triwulan",manual_review_required,national,quarterly,"annual, quarterly",quarterly,manual_review_required,index,manual_review_required,,,base,,province_std + year,in_sheet_no_metadata,manual_review_required,
perubahan_harga_produsen_ceic,Perubahan Harga Produsen (CEIC),Perubahan Harga Produsen (CEIC),manual_review_required,manual_review_required,Data untuk PHK Dashboard.xlsx,Triwulan,manual_review_required,national,quarterly,quarterly,quarterly,manual_review_required,percent,manual_review_required,,,base,,province_std + year + quarter,in_sheet_no_metadata,manual_review_required,
perubahan_harga_produsen,Perubahan Harga Produsen**,Perubahan Harga Produsen**,manual_review_required,manual_review_required,Data untuk PHK Dashboard.xlsx,Triwulan,manual_review_required,national,quarterly,quarterly,quarterly,manual_review_required,percent,manual_review_required,,,base,,province_std + year + quarter,in_sheet_no_metadata,manual_review_required,
services_share_pdrb,Services Share (% PDRB),Services Share (% PDRB),manual_review_required,manual_review_required,Data untuk PHK Dashboard.xlsx,Triwulan,manual_review_required,provincial,quarterly,quarterly,quarterly,manual_review_required,IDR (check scale),manual_review_required,,,base,,province_std + year + quarter,in_sheet_no_metadata,manual_review_required,
