period,oilgas,coal,cpo,rubber,copper,nickel
1960M01,1.6,,233,,715,1631
1960M02,1.6,,229,,728,1631
1960M03,1.6,,225,,685,1631
1960M04,1.6,,225,,723,1631
1960M05,1.6,,225,,685,1631
1960M06,1.6,,219,,692,1631
1960M07,1.6,,221,,702,1631
1960M08,1.6,,225,,676,1631
1960M09,1.6,,224,,647,1631
1960M10,1.6,,222,,613,1631
1960M11,1.6,,222,,642,1631
1960M12,1.6,,223,,637,1631
1961M01,1.6,,223,,607,1711
1961M02,1.6,,228,,617,1711
1961M03,1.6,,231,,621,1711
1961M04,1.6,,233,,632,1711
1961M05,1.6,,234,,668,1711
1961M06,1.6,,233,,652,1711
1961M07,1.6,,229,,633,1711
1961M08,1.6,,226,,636,1711
1961M09,1.6,,226,,633,1711
1961M10,1.6,,226,,630,1711
1961M11,1.6,,226,,632,1711
1961M12,1.6,,226,,635,1711
1962M01,1.5,,236,,635,1761
1962M02,1.5,,237,,648,1761
1962M03,1.5,,223,,648,1761
1962M04,1.5,,220,,646,1761
1962M05,1.5,,219,,646,1761
1962M06,1.5,,216,,646,1761
1962M07,1.5,,213,,646,1761
1962M08,1.5,,209,,646,1761
1962M09,1.5,,205,,646,1761
1962M10,1.5,,197,,646,1761
1962M11,1.5,,208,,646,1761
1962M12,1.5,,211,,646,1761
1963M01,1.5,,218,,646,1741
1963M02,1.5,,218,,646,1742
1963M03,1.5,,218,,646,1742
1963M04,1.5,,218,,646,1741
1963M05,1.5,,218,,646,1742
1963M06,1.5,,220,,646,1742
1963M07,1.5,,222,,646,1741
1963M08,1.5,,225,,646,1742
1963M09,1.5,,225,,646,1742
1963M10,1.5,,227,,646,1741
1963M11,1.5,,230,,646,1742
1963M12,1.5,,232,,650,1742
1964M01,1.5,,233,,656,1741
1964M02,1.5,,233,,694,1742
1964M03,1.5,,233,,745,1742
1964M04,1.5,,233,,862,1741
1964M05,1.5,,233,,828,1742
1964M06,1.5,,234,,808,1742
1964M07,1.5,,235,,855,1741
1964M08,1.5,,236,,999,1742
1964M09,1.5,,238,,1162,1742
1964M10,1.5,,251,,1358,1741
1964M11,1.5,,255,,1400,1742
1964M12,1.5,,261,,1269,1742
1965M01,1.4,,266,,1001,1735
1965M02,1.4,,283,,1180,1735
1965M03,1.4,,292,,1237,1735
1965M04,1.4,,298,,1348,1735
1965M05,1.4,,303,,1379,1735
1965M06,1.4,,295,,1309,1735
1965M07,1.4,,280,,1134,1735
1965M08,1.4,,258,,1210,1735
1965M09,1.4,,247,,1328,1735
1965M10,1.4,,250,,1402,1735
1965M11,1.4,,250,,1469,1735
1965M12,1.4,,249,,1518,1735
1966M01,1.4,,247,,1679,1739
1966M02,1.4,,248,,1874,1739
1966M03,1.4,,245,,1875,1739
1966M04,1.4,,234,,1907,1739
1966M05,1.4,,226,,1664,1739
1966M06,1.4,,225,,1696,1739
1966M07,1.4,,235,,1568,1739
1966M08,1.4,,240,,1195,1739
1966M09,1.4,,240,,1128,1739
1966M10,1.4,,231,,1275,1739
1966M11,1.4,,226,,1302,1739
1966M12,1.4,,231,,1215,1739
1967M01,1.3,,234,,1244,1936
1967M02,1.3,,231,,1220,1936
1967M03,1.3,,223,,1098,1936
1967M04,1.3,,223,,995,1936
1967M05,1.3,,224,,1036,1936
1967M06,1.3,,229,,1015,1936
1967M07,1.3,,229,,997,1936
1967M08,1.3,,229,,1045,1936
1967M09,1.3,,225,,1060,1936
1967M10,1.3,,222,,1138,1936
1967M11,1.3,,218,,1444,1936
1967M12,1.3,,195,,1324,1936
1968M01,1.3,,191,,1409,2075
1968M02,1.3,,191,,1720,2075
1968M03,1.3,,191,,1701,2075
1968M04,1.3,,189,,1255,2075
1968M05,1.3,,186,,1097,2075
1968M06,1.3,,175,,1137,2075
1968M07,1.3,,172,,1054,2075
1968M08,1.3,,150,,1056,2075
1968M09,1.3,,142,,1110,2075
1968M10,1.3,,142,,1080,2075
1968M11,1.3,,143,,1100,2075
1968M12,1.3,,153,,1185,2075
1969M01,1.3,,158,,1256,2363
1969M02,1.3,,158,,1285,2363
1969M03,1.3,,180,,1278,2363
1969M04,1.3,,170,,1388,2363
1969M05,1.3,,166,,1392,2363
1969M06,1.3,,165,,1483,2363
1969M07,1.3,,162,,1454,2363
1969M08,1.3,,171,,1607,2363
1969M09,1.3,,181,,1579,2363
1969M10,1.3,,203,,1554,2363
1969M11,1.3,,203,,1631,2363
1969M12,1.3,,255,,1700,2363
1970M01,1.2,7.8,255,,1626,2846
1970M02,1.2,7.8,256,,1657,2846
1970M03,1.2,7.8,259,,1754,2846
1970M04,1.2,7.8,268,,1742,2846
1970M05,1.2,7.8,279,,1598,2846
1970M06,1.2,7.8,277,,1458,2846
1970M07,1.2,7.8,261,,1367,2846
1970M08,1.2,7.8,240,,1267,2846
1970M09,1.2,7.8,226,,1247,2846
1970M10,1.2,7.8,257,,1142,2846
1970M11,1.2,7.8,270,,1085,2846
1970M12,1.2,7.8,272,,1046,2846
1971M01,1.6,8.7,273,,1010,2932
1971M02,1.6,8.7,273,,1020,2932
1971M03,1.6,8.7,278,,1144,2932
1971M04,1.6,8.7,269,,1252,2932
1971M05,1.6,8.7,243,,1114,2932
1971M06,1.6,8.7,241,,1074,2932
1971M07,1.7,8.7,263,,1115,2932
1971M08,1.7,8.7,283,,1098,2932
1971M09,1.7,8.7,272,,1056,2932
1971M10,1.7,8.7,254,,1041,2932
1971M11,1.7,8.7,248,,1014,2932
1971M12,1.7,8.7,234,,1038,2932
1972M01,1.8,9.6,218,,1078,3080
1972M02,1.8,9.6,185,,1112,3080
1972M03,1.8,9.6,217,,1108,3080
1972M04,1.8,9.6,227,,1133,3080
1972M05,1.8,9.6,228,,1106,3080
1972M06,1.8,9.6,216,,1063,3080
1972M07,1.9,9.6,215,,1035,3080
1972M08,1.9,9.6,221,,1047,3080
1972M09,1.9,9.6,225,,1061,3080
1972M10,1.9,9.6,224,,918,3080
1972M11,1.9,9.6,219,,1007,3080
1972M12,1.9,9.6,213,,1024,3080
1973M01,2.1,11.5,212,,1119,3373
1973M02,2.1,11.5,259,,1244,3373
1973M03,2.1,11.5,280,,1510,3373
1973M04,2.4,11.5,290,,1588,3373
1973M05,2.4,11.5,324,,1552,3373
1973M06,2.4,11.5,371,,1749,3373
1973M07,2.7,11.5,473,,2021,3373
1973M08,2.7,11.5,536,,2123,3373
1973M09,2.7,11.5,424,,1936,3373
1973M10,4.1,11.5,435,,2065,3373
1973M11,4.1,11.5,429,,2273,3373
1973M12,4.1,11.5,497,,2244,3373
1974M01,13.0,16.9,579,,2032,3572
1974M02,13.0,16.9,667,,2292,3572
1974M03,13.0,16.9,633,,2743,3572
1974M04,10.6,16.9,614,,3032,3572
1974M05,10.6,16.9,592,,2876,3572
1974M06,10.6,16.9,603,,2440,3572
1974M07,10.0,16.9,610,,1919,4079
1974M08,10.0,16.9,728,,1803,4079
1974M09,10.0,16.9,707,,1461,4079
1974M10,10.3,16.9,840,,1399,4079
1974M11,10.3,16.9,768,,1417,4079
1974M12,10.3,16.9,689,,1289,4079
1975M01,10.4,26.8,589,,1211,4431
1975M02,10.4,26.8,498,,1267,4431
1975M03,10.4,26.8,478,,1344,4431
1975M04,10.4,26.8,451,,1329,4431
1975M05,10.4,26.8,392,,1254,4431
1975M06,10.4,26.8,356,,1193,4431
1975M07,10.4,26.8,402,,1222,4431
1975M08,10.4,26.8,473,,1277,4431
1975M09,10.4,26.8,412,,1210,4852
1975M10,10.5,26.8,412,,1179,4852
1975M11,10.5,26.8,379,,1180,4852
1975M12,10.5,26.8,368,,1151,4852
1976M01,11.5,27.2,354,,1193,4850
1976M02,11.5,27.2,366,,1219,4850
1976M03,11.5,27.2,376,,1329,4850
1976M04,11.5,27.2,348,,1510,4850
1976M05,11.5,27.2,345,,1512,4850
1976M06,11.5,27.2,395,,1550,4850
1976M07,11.6,27.2,451,,1647,4850
1976M08,11.6,27.2,431,,1539,4850
1976M09,11.6,27.2,457,,1459,4938
1976M10,11.9,27.2,444,,1285,5313
1976M11,11.9,27.2,457,,1279,5313
1976M12,11.9,27.2,457,,1287,5313
1977M01,12.5,28.7,462,,1396,5313
1977M02,12.5,28.7,507,,1426,5313
1977M03,12.5,28.7,598,,1515,5313
1977M04,12.4,28.7,647,,1429,5187
1977M05,12.4,28.7,659,,1371,5282
1977M06,12.4,28.7,619,,1312,5313
1977M07,12.6,28.7,520,,1248,5313
1977M08,12.6,28.7,493,,1160,5313
1977M09,12.6,28.7,460,,1195,5313
1977M10,12.7,28.7,450,,1210,4586
1977M11,12.7,28.7,445,,1182,4586
1977M12,12.7,28.7,501,,1261,4586
1978M01,12.7,27.9,514,,1261,4586
1978M02,12.7,27.1,558,,1217,4586
1978M03,12.7,27.1,598,,1254,4586
1978M04,12.7,27.1,603,,1285,4696
1978M05,12.7,28.6,624,,1303,4696
1978M06,12.7,30.2,654,,1333,4645
1978M07,12.8,30.2,622,,1337,4586
1978M08,12.8,30.2,585,,1426,4586
1978M09,12.8,30.2,615,,1442,4586
1978M10,12.9,30.2,623,,1506,4586
1978M11,13.2,30.2,604,,1481,4586
1978M12,14.5,30.2,604,,1533,4586
1979M01,17.5,30.2,636,,1659,4586
1979M02,20.8,30.2,694,,1944,4546
1979M03,22.0,30.2,688,,2050,4819
1979M04,22.4,30.2,666,,2100,5379
1979M05,33.5,30.2,665,,1926,5968
1979M06,34.7,30.2,675,,1878,6519
1979M07,33.5,30.2,678,,1814,6614
1979M08,34.0,31.3,652,,1976,6614
1979M09,35.5,31.3,640,,2096,6614
1979M10,37.3,32.4,602,,2076,6614
1979M11,40.8,32.4,620,,2090,6614
1979M12,39.8,32.4,630,,2214,6945
1980M01,39.0,32.4,662,,2601,6585
1980M02,37.3,32.4,672,,2918,6979
1980M03,37.0,32.4,637,,2306,6734
1980M04,36.6,39.5,611,,2070,6233
1980M05,37.0,40.1,584,,2037,6001
1980M06,37.0,40.7,555,,2006,6295
1980M07,35.4,40.7,545,,2176,6622
1980M08,32.9,44.2,518,,2082,6585
1980M09,32.8,44.6,509,,2060,6655
1980M10,37.4,44.6,507,,2040,6692
1980M11,40.3,45.0,585,,2010,6453
1980M12,39.8,45.0,619,,1879,6391
1981M01,39.8,45.0,625,,1869,6404
1981M02,37.9,45.0,640,,1801,6371
1981M03,37.6,45.0,620,,1818,6292
1981M04,36.4,56.5,588,,1821,6307
1981M05,34.3,56.5,599,,1742,6352
1981M06,32.7,56.5,640,,1700,6169
1981M07,33.5,56.5,600,,1682,6150
1981M08,34.0,56.5,531,,1787,5999
1981M09,34.0,56.5,509,,1710,5579
1981M10,34.6,56.5,513,,1666,5217
1981M11,35.7,56.5,500,,1651,5100
1981M12,35.4,56.5,483,,1655,5496
1982M01,35.0,55.6,502,,1611,5629
1982M02,32.3,55.6,528,,1598,5717
1982M03,30.2,55.6,507,,1510,5653
1982M04,31.6,55.6,509,,1522,5394
1982M05,33.0,55.6,511,,1528,5212
1982M06,32.8,55.6,494,,1300,5187
1982M07,32.9,55.6,421,,1441,5069
1982M08,32.4,55.6,396,,1452,4953
1982M09,33.5,55.6,380,,1427,4310
1982M10,33.8,55.6,355,,1461,3917
1982M11,32.8,55.6,362,,1444,3434
1982M12,31.5,45.5,376,,1473,3576
1983M01,30.7,43.0,372,,1572,3797
1983M02,29.1,43.0,367,,1647,4228
1983M03,28.3,43.0,378,,1598,4832
1983M04,29.7,43.0,419,,1675,4818
1983M05,29.4,43.0,432,,1766,5032
1983M06,30.0,43.0,394,,1701,4883
1983M07,30.5,34.8,425,,1704,4804
1983M08,30.7,34.8,559,,1640,4853
1983M09,30.1,34.8,645,,1561,4911
1983M10,29.6,34.8,671,,1435,4674
1983M11,29.2,32.0,661,,1389,4585
1983M12,28.8,29.3,695,,1415,4657
1984M01,29.0,29.3,875,,1376,4671
1984M02,29.2,29.3,875,,1430,4640
1984M03,29.5,29.3,845,,1501,4781
1984M04,29.6,29.3,841,,1533,4912
1984M05,29.5,29.3,951,,1421,4811
1984M06,29.1,31.8,783,,1367,4773
1984M07,28.0,31.8,580,,1331,4640
1984M08,28.2,31.8,562,,1338,4736
1984M09,28.4,31.8,611,,1294,4706
1984M10,27.9,31.8,615,,1273,4750
1984M11,27.7,32.8,616,,1345,4748
1984M12,26.8,33.8,592,,1321,4859
1985M01,26.6,33.8,583,,1359,4947
1985M02,27.6,33.8,595,,1389,5051
1985M03,27.9,33.8,651,,1390,5212
1985M04,27.8,33.8,653,,1502,5490
1985M05,26.7,33.8,610,,1531,5604
1985M06,26.4,33.8,556,,1432,5553
1985M07,26.4,33.8,487,,1475,5091
1985M08,27.0,33.8,404,,1420,4908
1985M09,27.0,33.8,360,,1366,4570
1985M10,27.8,33.8,356,,1385,4240
1985M11,28.6,33.8,362,,1370,4035
1985M12,26.5,33.8,390,,1391,4090
1986M01,24.7,33.8,342,,1418,4035
1986M02,15.9,33.8,283,,1406,3988
1986M03,12.7,30.8,243,,1445,4123
1986M04,11.9,30.8,242,,1435,3999
1986M05,13.7,30.8,238,,1419,4043
1986M06,11.9,30.8,243,,1413,4087
1986M07,9.6,30.8,221,,1344,3911
1986M08,13.7,30.8,197,,1303,3807
1986M09,14.1,30.8,207,,1347,3724
1986M10,14.0,30.8,272,,1317,3644
1986M11,14.5,30.8,303,,1303,3642
1986M12,15.7,29.3,293,,1336,3572
1987M01,18.1,29.3,350,,1346,3525
1987M02,17.3,29.3,330,,1380,3717
1987M03,17.8,29.3,313,,1466,3772
1987M04,17.9,24.8,339,,1484,3898
1987M05,18.4,24.8,341,,1520,4436
1987M06,18.7,24.8,342,,1572,4436
1987M07,19.6,27.0,300,,1695,4753
1987M08,18.8,27.0,308,,1756,5307
1987M09,18.3,27.0,335,,1811,5333
1987M10,18.6,27.0,353,,1967,5692
1987M11,17.8,29.0,368,,2524,5937
1987M12,16.6,31.0,432,,2869,7661
1988M01,16.5,31.0,486,,2663,8073
1988M02,15.9,31.0,403,,2330,8667
1988M03,14.8,33.0,381,,2359,15497
1988M04,16.5,33.0,403,,2286,18012
1988M05,16.2,33.0,422,,2448,17025
1988M06,15.3,36.0,496,,2540,15590
1988M07,14.5,36.0,517,,2214,14591
1988M08,14.6,36.0,450,,2201,14187
1988M09,13.1,37.0,428,,2436,11878
1988M10,12.2,37.0,431,,2940,11558
1988M11,12.5,37.5,418,,3305,13342
1988M12,14.7,38.0,411,,3499,16920
1989M01,16.5,38.0,383,,3394,17725
1989M02,16.4,38.0,401,,3097,18524
1989M03,18.0,38.0,399,,3264,17157
1989M04,19.2,38.0,391,,3118,15261
1989M05,18.0,38.0,406,,2739,13454
1989M06,17.6,38.0,373,,2546,12143
1989M07,17.7,38.0,331,,2505,12275
1989M08,16.9,38.0,309,,2762,12910
1989M09,17.7,38.0,323,,2884,11222
1989M10,18.4,38.0,321,,2861,10425
1989M11,18.4,38.0,301,,2591,9793
1989M12,19.4,38.0,267,,2419,8809
1990M01,20.4,38.0,279,,2367,7056
1990M02,19.6,38.0,271,,2360,6977
1990M03,18.2,38.0,286,,2626,9267
1990M04,16.6,38.0,267,,2686,8940
1990M05,16.6,40.5,281,,2742,8698
1990M06,15.3,40.5,272,,2585,8422
1990M07,17.2,40.5,279,,2769,9318
1990M08,26.4,40.5,291,,2957,10957
1990M09,32.7,40.5,284,,3031,10844
1990M10,34.5,40.5,290,,2744,9145
1990M11,31.1,40.5,331,,2586,8587
1990M12,26.1,40.5,346,,2485,8158
1991M01,22.6,40.5,349,,2449,8569
1991M02,18.1,40.5,338,,2449,8672
1991M03,18.1,39.5,348,,2410,8701
1991M04,18.5,39.5,319,,2472,9021
1991M05,18.8,39.5,318,,2306,8452
1991M06,17.9,39.5,311,,2219,8280
1991M07,19.1,39.5,341,,2236,8541
1991M08,19.4,39.5,338,,2233,8145
1991M09,20.1,39.5,323,,2325,7681
1991M10,21.5,39.5,345,,2364,7443
1991M11,20.8,39.5,362,,2380,7245
1991M12,17.8,39.5,376,,2223,7118
1992M01,17.4,39.5,383,,2139,7517
1992M02,17.6,39.5,382,,2206,7862
1992M03,17.5,39.5,396,,2227,7418
1992M04,18.6,39.5,402,,2215,7421
1992M05,19.5,39.5,390,,2217,7327
1992M06,20.8,39.5,404,,2299,7193
1992M07,20.2,39.5,382,,2520,7498
1992M08,19.6,39.5,382,,2522,7268
1992M09,20.2,39.5,391,,2414,6918
1992M10,20.1,37.3,396,,2249,6305
1992M11,18.9,35.0,413,,2158,5565
1992M12,17.9,35.0,401,,2207,5724
1993M01,17.2,35.0,410,,2257,5931
1993M02,18.2,31.0,425,,2213,6039
1993M03,18.5,31.0,408,,2153,5971
1993M04,18.4,31.0,392,,1950,5972
1993M05,18.2,31.0,371,,1795,5763
1993M06,17.5,31.0,356,,1853,5532
1993M07,16.3,31.0,362,,1927,5036
1993M08,16.5,31.0,356,,1947,4722
1993M09,15.9,31.0,352,,1862,4353
1993M10,16.5,31.0,333,,1646,4449
1993M11,15.2,31.0,357,,1630,4634
1993M12,13.8,31.0,411,,1724,5119
1994M01,14.1,31.0,404,,1805,5578
1994M02,13.8,31.0,387,,1866,5825
1994M03,13.6,29.5,395,,1915,5588
1994M04,15.1,29.5,434,,1882,5408
1994M05,16.3,31.4,488,,2151,6087
1994M06,17.2,33.6,508,,2364,6282
1994M07,17.9,33.1,494,,2458,6227
1994M08,17.0,33.1,575,,2406,5860
1994M09,16.2,33.1,614,,2506,6365
1994M10,16.5,33.1,616,,2548,6748
1994M11,17.1,33.1,707,,2802,7556
1994M12,15.9,36.1,719,,2985,8556
1995M01,16.9,37.1,655,,3009,9593
1995M02,17.4,37.6,661,,2878,8505
1995M03,17.3,38.4,687,,2924,7532
1995M04,18.6,37.1,625,,2904,7398
1995M05,18.4,38.8,611,,2773,7232
1995M06,17.4,40.8,631,,2995,7872
1995M07,16.1,41.1,655,,3076,8597
1995M08,16.5,40.9,616,,3037,8945
1995M09,16.8,40.9,586,,2916,8405
1995M10,16.1,41.0,615,,2814,8062
1995M11,16.7,39.6,607,,2977,8506
1995M12,17.9,39.4,590,,2926,8091
1996M01,17.8,39.4,535,,2616,7862
1996M02,17.7,39.3,518,,2538,8216
1996M03,19.4,39.0,519,,2561,8022
1996M04,20.7,39.3,562,,2596,8043
1996M05,19.1,38.2,552,,2658,8027
1996M06,18.5,38.2,508,,2173,7709
1996M07,19.6,38.4,476,,1986,7204
1996M08,20.4,38.4,513,,2009,7054
1996M09,22.3,38.1,545,,1941,7318
1996M10,23.6,37.6,532,,1961,7031
1996M11,22.4,35.7,550,,2231,6943
1996M12,23.6,35.4,561,,2268,6581
1997M01,23.2,35.2,567,,2435,7072
1997M02,20.4,34.6,580,,2406,7735
1997M03,19.3,34.5,559,,2421,7896
1997M04,17.9,35.4,562,,2391,7316
1997M05,19.4,35.7,553,,2514,7483
1997M06,17.9,34.5,533,,2613,7062
1997M07,18.3,35.0,498,,2450,6836
1997M08,18.7,36.9,504,,2251,6761
1997M09,18.7,37.2,525,,2107,6504
1997M10,20.0,37.2,547,,2052,6380
1997M11,19.1,33.6,556,,1917,6140
1997M12,17.1,31.4,566,,1762,5945
1998M01,15.0,31.4,621,,1688,5492
1998M02,14.1,33.4,659,,1665,5387
1998M03,13.1,31.9,671,,1748,5396
1998M04,13.5,31.2,688,,1801,5394
1998M05,14.0,30.3,705,,1733,5020
1998M06,12.5,30.0,633,,1661,4476
1998M07,12.7,30.0,661,,1651,4325
1998M08,12.5,26.2,674,,1621,4081
1998M09,13.8,27.1,703,,1648,4102
1998M10,13.3,27.1,694,,1586,3872
1998M11,11.9,26.1,681,,1574,4132
1998M12,10.4,26.1,663,,1474,3878
1999M01,11.4,26.1,632,0.6,1431,4269
1999M02,10.8,26.1,561,0.56,1411,4626
1999M03,13.2,26.1,497,0.52,1378,5011
1999M04,15.9,26.1,509,0.52,1466,5103
1999M05,16.1,26.1,475,0.55,1511,5399
1999M06,16.4,26.1,392,0.55,1422,5195
1999M07,19.0,26.1,319,0.51,1640,5700
1999M08,20.3,26.1,354,0.54,1648,6449
1999M09,22.7,26.1,388,0.6,1750,7028
1999M10,22.0,25.6,381,0.68,1724,7321
1999M11,24.2,25.1,370,0.76,1728,7950
1999M12,25.1,25.1,354,0.7,1765,8083
2000M01,25.3,25.1,348,0.71,1844,8310
2000M02,27.2,25.1,332,0.73,1801,9653
2000M03,27.5,25.1,349,0.66,1739,10280
2000M04,23.5,25.1,372,0.64,1679,9728
2000M05,27.2,25.6,324,0.62,1786,10130
2000M06,29.6,25.6,315,0.6,1753,8411
2000M07,28.2,25.6,312,0.58,1799,8164
2000M08,29.3,25.6,306,0.61,1856,8007
2000M09,32.1,27.2,288,0.6,1960,8638
2000M10,31.4,27.2,255,0.61,1899,7678
2000M11,32.3,27.2,257,0.6,1795,7340
2000M12,25.2,30.8,265,0.6,1851,7314
2001M01,26.0,32.1,254,0.6,1788,6995
2001M02,27.2,32.1,240,0.57,1766,6524
2001M03,25.0,32.6,254,0.52,1739,6134
2001M04,25.7,33.5,251,0.51,1664,6330
2001M05,27.5,33.8,234,0.51,1682,7061
2001M06,27.0,33.9,255,0.51,1608,6641
2001M07,24.8,34.0,330,0.5,1525,5937
2001M08,25.8,33.8,362,0.53,1464,5521
2001M09,25.2,32.8,310,0.49,1426,5027
2001M10,20.7,32.4,277,0.48,1377,4825
2001M11,18.7,29.4,323,0.47,1428,5078
2001M12,18.5,27.4,360,0.48,1472,5264
2002M01,19.2,27.4,374,0.54,1504,6043
2002M02,20.0,28.1,353,0.58,1562,6029
2002M03,23.6,27.8,359,0.68,1605,6538
2002M04,25.4,27.1,360,0.64,1590,6958
2002M05,25.7,26.9,385,0.68,1596,6761
2002M06,24.5,24.9,426,0.83,1648,7120
2002M07,25.8,23.2,422,0.81,1589,7143
2002M08,26.8,22.3,446,0.83,1480,6717
2002M09,28.3,22.7,425,0.9,1479,6640
2002M10,27.5,24.5,427,0.83,1484,6804
2002M11,24.5,24.5,465,0.84,1582,7314
2002M12,27.9,24.5,489,0.85,1596,7193
2003M01,30.8,24.9,486,0.9,1648,8026
2003M02,32.9,25.2,477,0.94,1684,8623
2003M03,30.4,24.4,454,0.95,1659,8379
2003M04,25.6,23.5,443,0.88,1587,7910
2003M05,26.1,23.3,454,0.84,1648,8331
2003M06,27.9,24.1,466,0.84,1687,8875
2003M07,28.6,24.4,458,0.88,1710,8797
2003M08,29.7,25.3,439,0.95,1760,9351
2003M09,26.9,26.7,441,1.09,1790,9965
2003M10,29.0,27.5,515,1.29,1921,11047
2003M11,29.1,29.9,548,1.26,2055,12087
2003M12,30.0,34.0,540,1.24,2201,14163
2004M01,31.4,37.8,527,1.21,2424,15327
2004M02,31.3,41.8,564,1.25,2760,15145
2004M03,33.7,48.9,584,1.27,3009,13715
2004M04,33.7,53.3,575,1.27,2949,12848
2004M05,37.6,56.4,537,1.24,2734,11118
2004M06,35.5,59.6,471,1.2,2687,13534
2004M07,37.9,61.4,455,1.15,2808,15023
2004M08,42.1,59.3,458,1.14,2846,13680
2004M09,41.6,55.4,468,1.15,2895,13271
2004M10,46.9,56.6,451,1.21,3012,14404
2004M11,42.1,52.8,455,1.22,3123,14045
2004M12,39.0,52.3,446,1.19,3145,13769
2005M01,43.0,53.0,419,1.19,3170,14505
2005M02,44.8,49.9,423,1.22,3254,15350
2005M03,50.9,50.9,458,1.22,3379,16191
2005M04,50.6,51.3,458,1.21,3394,16142
2005M05,47.8,51.3,450,1.21,3249,16932
2005M06,53.9,51.0,452,1.27,3524,16160
2005M07,56.4,50.9,455,1.45,3614,14581
2005M08,61.9,49.1,448,1.44,3798,14893
2005M09,61.7,45.3,454,1.59,3858,14228
2005M10,58.2,42.5,468,1.63,4060,12403
2005M11,55.0,38.1,467,1.58,4269,12116
2005M12,56.4,38.2,457,1.63,4577,13429
2006M01,62.5,43.2,459,1.76,4734,14555
2006M02,59.7,47.7,474,1.93,4982,14979
2006M03,60.9,49.8,473,1.91,5103,14897
2006M04,68.0,52.9,476,1.94,6388,17942
2006M05,68.7,52.6,484,2.15,8046,21077
2006M06,68.3,52.4,478,2.35,7198,20755
2006M07,72.5,52.8,499,2.31,7712,26586
2006M08,71.8,50.9,534,2.14,7696,30744
2006M09,62.1,47.1,511,1.81,7602,30131
2006M10,57.9,44.1,514,1.79,7500,32703
2006M11,58.1,46.0,572,1.62,7029,32114
2006M12,61.0,49.8,626,1.65,6675,34570
2007M01,53.5,51.3,638,1.94,5670,36811
2007M02,57.6,52.9,645,2.12,5676,41184
2007M03,60.6,55.4,661,2.05,6452,46325
2007M04,65.1,56.1,743,2.17,7766,50267
2007M05,65.2,56.0,816,2.22,7681,52179
2007M06,68.2,61.6,833,2.11,7474,41719
2007M07,73.6,67.3,855,2.04,7973,33426
2007M08,70.1,69.4,831,2.07,7514,27652
2007M09,76.8,68.4,852,2.11,7649,29538
2007M10,82.0,74.8,926,2.26,8008,31055
2007M11,91.3,84.6,999,2.37,6967,30610
2007M12,89.5,91.0,1002,2.41,6588,25992
2008M01,90.7,91.8,1122,2.53,7061,27690
2008M02,93.4,132.0,1269,2.72,7888,27955
2008M03,101.8,118.3,1377,2.7,8439,31225
2008M04,108.8,123.0,1320,2.7,8685,28763
2008M05,122.6,133.2,1326,2.96,8383,25735
2008M06,131.5,159.8,1293,3.17,8261,22549
2008M07,132.8,180.0,1213,3.2,8414,20160
2008M08,114.6,158.4,964,2.91,7635,18928
2008M09,99.7,150.0,826,2.81,6991,17795
2008M10,72.7,108.0,636,1.86,4926,12140
2008M11,54.0,92.3,581,1.62,3717,10702
2008M12,41.3,78.7,587,1.18,3072,9686
2009M01,43.9,79.4,659,1.41,3221,11307
2009M02,41.8,75.4,656,1.3,3315,10409
2009M03,46.6,61.0,660,1.28,3750,9696
2009M04,50.3,63.6,800,1.48,4407,11166
2009M05,58.2,64.5,873,1.56,4569,12635
2009M06,69.1,71.4,789,1.53,5014,14960
2009M07,64.7,73.8,698,1.6,5216,15985
2009M08,71.6,72.5,746,1.84,6165,19642
2009M09,68.3,67.6,704,2.07,6196,17473
2009M10,74.1,71.1,725,2.26,6288,18525
2009M11,77.6,78.8,763,2.49,6676,16991
2009M12,74.9,83.1,822,2.79,6982,17066
2010M01,77.1,97.0,831,3.04,7386,18439
2010M02,74.8,94.2,830,3.08,6848,18976
2010M03,79.3,94.4,863,3.18,7463,22461
2010M04,84.2,100.2,863,3.28,7745,26031
2010M05,75.6,100.1,855,2.89,6838,22008
2010M06,74.7,98.2,826,2.9,6499,19389
2010M07,74.6,96.0,844,2.93,6735,19518
2010M08,75.8,89.8,944,3.14,7284,21413
2010M09,76.1,94.9,949,3.36,7709,22643
2010M10,81.7,97.5,1026,3.85,8292,23807
2010M11,84.5,107.2,1131,4.24,8470,22909
2010M12,90.0,118.3,1235,4.69,9147,24111
2011M01,92.7,132.5,1304,5.33,9556,25646
2011M02,97.9,128.4,1327,5.58,9868,28252
2011M03,108.6,126.1,1242,4.84,9503,26710
2011M04,116.2,122.5,1220,4.97,9493,26408
2011M05,108.1,119.1,1230,4.52,8960,24237
2011M06,105.8,120.1,1192,4.52,9067,22421
2011M07,107.9,120.8,1183,4.56,9650,23848
2011M08,100.5,120.1,1205,4.62,9001,21845
2011M09,100.8,123.1,1137,4.52,8300,20378
2011M10,99.8,119.4,1045,4.08,7394,19039
2011M11,105.4,113.8,1113,3.33,7581,17873
2011M12,104.2,111.6,1122,3.35,7565,18267
2012M01,107.1,116.5,1124,3.5,8040,19855
2012M02,112.7,117.0,1146,3.78,8441,20394
2012M03,117.8,107.5,1195,3.78,8471,18661
2012M04,113.7,103.6,1234,3.66,8289,17940
2012M05,104.1,95.8,1125,3.38,7956,17068
2012M06,90.7,87.2,1028,2.86,7423,16549
2012M07,96.8,88.2,1053,2.89,7584,16128
2012M08,105.3,91.0,1022,2.6,7516,15735
2012M09,106.3,89.0,1001,2.76,8088,17288
2012M10,103.4,81.9,886,2.95,8062,17169
2012M11,101.2,85.9,863,2.8,7711,16335
2012M12,101.2,92.9,844,2.9,7966,17449
2013M01,105.1,92.8,885,3.04,8047,17473
2013M02,107.6,94.9,920,3.04,8061,17690
2013M03,102.5,91.0,892,2.8,7646,16725
2013M04,98.9,87.8,874,2.5,7234,15673
2013M05,99.4,87.7,879,2.51,7249,14948
2013M06,99.7,82.8,877,2.33,7000,14280
2013M07,105.3,77.3,827,2.24,6907,13750
2013M08,108.2,77.0,819,2.38,7193,14315
2013M09,108.8,77.6,826,2.42,7159,13801
2013M10,105.4,79.4,860,2.32,7203,14118
2013M11,102.6,82.3,904,2.3,7071,13684
2013M12,105.5,84.3,886,2.31,7215,13925
2014M01,102.1,81.6,863,2.14,7291,14101
2014M02,104.8,76.3,904,1.9,7149,14204
2014M03,104.0,73.3,954,1.93,6650,15678
2014M04,104.9,72.8,927,1.78,6674,17374
2014M05,105.7,73.7,898,1.69,6891,19401
2014M06,108.4,71.5,862,1.71,6821,18629
2014M07,105.2,68.8,854,1.7,7113,19118
2014M08,100.1,68.9,779,1.67,7002,18600
2014M09,95.9,65.9,761,1.53,6872,18035
2014M10,86.1,63.7,764,1.51,6737,15812
2014M11,77.0,62.6,765,1.54,6713,15807
2014M12,60.7,62.4,720,1.47,6446,15962
2015M01,47.1,61.4,720,1.42,5831,14849
2015M02,54.8,69.1,723,1.43,5729,14574
2015M03,52.8,64.8,699,1.43,5940,13756
2015M04,57.5,56.2,683,1.41,6042,12831
2015M05,62.5,61.2,697,1.55,6295,13511
2015M06,61.3,59.0,706,1.58,5833,12825
2015M07,54.3,59.9,680,1.45,5457,11413
2015M08,45.7,59.1,601,1.31,5127,10386
2015M09,46.3,57.7,600,1.24,5217,9938
2015M10,47.0,54.3,637,1.24,5216,10317
2015M11,43.1,52.5,608,1.16,4800,9244
2015M12,36.6,52.2,607,1.16,4639,8708
2016M01,29.8,49.0,612,1.08,4472,8507
2016M02,31.0,50.3,679,1.1,4599,8299
2016M03,37.3,52.2,716,1.28,4954,8717
2016M04,40.8,50.7,775,1.49,4873,8879
2016M05,45.9,51.3,753,1.36,4695,8660
2016M06,47.7,52.9,718,1.26,4642,8928
2016M07,44.1,61.2,678,1.28,4865,10263
2016M08,44.9,67.4,771,1.3,4752,10336
2016M09,45.0,72.7,798,1.36,4722,10192
2016M10,49.3,94.2,750,1.48,4731,10260
2016M11,45.3,103.4,767,1.66,5451,11129
2016M12,52.6,88.2,811,1.93,5660,10972
2017M01,53.6,83.7,825,2.16,5755,9971
2017M02,54.4,80.0,809,2.23,5941,10643
2017M03,50.9,80.9,779,1.97,5825,10205
2017M04,52.2,83.7,752,1.65,5684,9609
2017M05,49.9,74.4,763,1.53,5600,9155
2017M06,46.2,81.1,735,1.44,5720,8932
2017M07,47.7,87.5,720,1.52,5985,9491
2017M08,49.9,98.6,718,1.55,6486,10890
2017M09,53.0,97.8,754,1.61,6577,11216
2017M10,54.9,97.1,747,1.46,6808,11336
2017M11,59.9,96.6,729,1.43,6827,11972
2017M12,61.2,100.8,679,1.46,6834,11495
2018M01,66.2,106.5,703,1.5,7066,12865
2018M02,63.5,106.0,709,1.46,7007,13596
2018M03,64.2,96.7,706,1.44,6799,13393
2018M04,68.8,93.7,701,1.39,6852,13938
2018M05,73.4,105.3,687,1.44,6825,14366
2018M06,72.0,114.3,657,1.38,6966,15106
2018M07,72.7,119.6,616,1.31,6251,13794
2018M08,71.1,117.3,615,1.34,6051,13411
2018M09,75.4,114.2,605,1.33,6051,12510
2018M10,76.7,108.7,590,1.32,6220,12315
2018M11,62.3,100.7,539,1.23,6196,11240
2018M12,54.0,101.4,535,1.26,6075,10835
2019M01,56.6,98.6,585,1.36,5939,11523
2019M02,61.1,95.4,603,1.4,6300,12685
2019M03,63.8,93.1,573,1.47,6439,13026
2019M04,68.6,86.8,588,1.5,6438,12773
2019M05,66.8,82.3,564,1.5,6018,12016
2019M06,59.8,72.5,552,1.5,5882,11944
2019M07,61.5,72.1,544,1.41,5941,13546
2019M08,57.7,65.6,586,1.31,5709,15749
2019M09,60.0,66.0,580,1.34,5759,17657
2019M10,57.3,69.2,591,1.3,5757,17046
2019M11,60.4,67.0,685,1.39,5860,15172
2019M12,63.4,66.2,764,1.46,6077,13829
2020M01,61.6,69.7,810,1.47,6031,13507
2020M02,53.3,67.6,729,1.34,5688,12716
2020M03,32.2,66.7,636,1.21,5183,11846
2020M04,21.0,58.6,609,1.11,5058,11804
2020M05,30.4,52.5,577,1.12,5240,12180
2020M06,39.5,52.2,656,1.17,5755,12727
2020M07,42.1,51.6,694,1.2,6372,13402
2020M08,43.4,50.1,760,1.32,6499,14538
2020M09,40.6,54.6,796,1.37,6705,14857
2020M10,39.9,58.4,819,1.53,6714,15239
2020M11,42.3,64.4,918,1.56,7069,15808
2020M12,48.7,83.0,1016,1.57,7772,16823
2021M01,53.6,86.8,990,1.59,7972,17863
2021M02,60.5,86.7,1020,1.68,8471,18584
2021M03,63.8,94.9,1030,1.74,8988,16407
2021M04,63.0,92.2,1078,1.64,9325,16521
2021M05,66.4,107.0,1136,1.69,10162,17577
2021M06,71.8,130.0,1004,1.64,9632,17980
2021M07,73.3,152.0,1063,1.63,9451,18819
2021M08,68.9,169.6,1142,1.71,9370,19141
2021M09,72.8,185.7,1181,1.63,9325,19377
2021M10,82.1,224.5,1310,1.73,9829,19362
2021M11,79.9,157.5,1341,1.74,9729,19933
2021M12,72.9,169.7,1270,1.72,9551,20016
2022M01,83.9,197.0,1345,1.78,9782,22355
2022M02,93.5,219.8,1522,1.79,9943,24016
2022M03,112.4,314.0,1777,1.75,10231,33924
2022M04,103.4,310.9,1683,1.7,10161,33133
2022M05,110.1,371.9,1717,1.62,9377,28063
2022M06,116.8,374.1,1501,1.64,9024,25659
2022M07,105.1,402.2,1057,1.56,7545,21482
2022M08,96.0,407.0,1026,1.46,7982,22057
2022M09,88.2,430.8,909,1.32,7746,22774
2022M10,90.3,389.8,889,1.29,7651,22033
2022M11,87.4,342.2,946,1.27,8050,25563
2022M12,78.1,379.2,940,1.35,8375,28947
2023M01,80.4,318.0,942,1.41,9038,28195
2023M02,80.3,207.5,950,1.4,8937,26728
2023M03,76.5,187.2,972,1.36,8856,23289
2023M04,82.5,194.3,1005,1.36,8809,23895
2023M05,74.1,160.5,934,1.35,8217,21970
2023M06,73.3,139.4,817,1.32,8397,21233
2023M07,79.0,140.6,879,1.3,8477,21091
2023M08,84.7,152.6,861,1.29,8349,20439
2023M09,92.2,162.5,830,1.42,8277,19645
2023M10,89.1,142.1,804,1.45,7937,18281
2023M11,81.4,126.8,830,1.48,8190,17027
2023M12,75.7,141.8,814,1.46,8400,16461
2024M01,77.7,124.9,845,1.53,8339,16104
2024M02,80.5,124.2,857,1.56,8305,16338
2024M03,83.5,131.5,943,1.65,8689,17439
2024M04,88.0,135.0,936,1.63,9464,18164
2024M05,81.4,142.0,859,1.69,10139,19587
2024M06,81.2,135.1,874,1.75,9648,17498
2024M07,83.3,137.6,896,1.65,9385,16335
2024M08,78.1,145.8,933,1.74,8972,16292
2024M09,72.4,139.2,983,1.91,9237,16077
2024M10,74.0,146.6,1077,2.01,9534,16766
2024M11,72.3,142.1,1169,1.93,9076,15723
2024M12,72.3,129.8,1190,1.99,8916,15445
2025M01,78.2,118.6,1070,1.93,8991,15394
2025M02,73.8,106.9,1067,2.01,9331,15288
2025M03,70.7,104.0,1068,1.98,9740,16066
2025M04,65.9,98.6,994,1.71,9177,15113
2025M05,62.7,104.4,908,1.7,9533,15346
2025M06,69.1,109.0,935,1.61,9835,15003
2025M07,69.2,112.9,976,1.68,9771,15034
2025M08,66.7,112.2,1026,1.71,9670,14949
2025M09,66.5,106.3,1037,1.74,9984,15106
2025M10,63.0,107.5,1038,1.71,10740,15092
2025M11,62.3,112.6,983,1.71,10812,14671
2025M12,60.9,107.7,980,1.74,11785,14884
2026M01,63.7,109.8,1005,1.84,13012,17769
2026M02,68.0,118.4,1039,1.93,12951,17173
2026M03,95.6,138.6,1109,1.95,12529,17076
2026M04,103.9,130.9,1146,2.06,12951,17962
2026M05,100.4,136.9,1136,2.21,13543,18806
2026M06,81.7,138.5,1104,2.25,13552,17588
2026M07,79.8,131.9,1101,2.14,13543,16651
2026M08,84.4,135.2,1117,2.24,14326,16751
