"province","year","model","model_key","domain","score_0_100","score_pc1"
"Kepulauan Riau",2022,"Economic Model 1 (13-var)","E1","econ",100,4.6068
"Kalimantan Timur",2022,"Economic Model 1 (13-var)","E1","econ",96.3,4.3075
"Maluku Utara",2022,"Economic Model 1 (13-var)","E1","econ",86.1,3.4852
"Sulawesi Tengah",2022,"Economic Model 1 (13-var)","E1","econ",76.3,2.6899
"Riau",2022,"Economic Model 1 (13-var)","E1","econ",69.8,2.1704
"Kalimantan Tengah",2022,"Economic Model 1 (13-var)","E1","econ",62.6,1.5856
"Kalimantan Selatan",2022,"Economic Model 1 (13-var)","E1","econ",58.8,1.2761
"Banten",2022,"Economic Model 1 (13-var)","E1","econ",57.3,1.1549
"Papua Barat",2022,"Economic Model 1 (13-var)","E1","econ",53.2,0.8259
"DKI Jakarta",2022,"Economic Model 1 (13-var)","E1","econ",50.7,0.6268
"Jawa Barat",2022,"Economic Model 1 (13-var)","E1","econ",48.2,0.4215
"Sulawesi Tenggara",2022,"Economic Model 1 (13-var)","E1","econ",46.7,0.2994
"Sumatera Selatan",2022,"Economic Model 1 (13-var)","E1","econ",46.2,0.261
"Jawa Timur",2022,"Economic Model 1 (13-var)","E1","econ",46.1,0.2531
"Jambi",2022,"Economic Model 1 (13-var)","E1","econ",45.2,0.1801
"Bangka Belitung",2022,"Economic Model 1 (13-var)","E1","econ",43.5,0.0459
"Jawa Tengah",2022,"Economic Model 1 (13-var)","E1","econ",42.9,-0.0072
"Papua",2022,"Economic Model 1 (13-var)","E1","econ",39.9,-0.2454
"Sumatera Utara",2022,"Economic Model 1 (13-var)","E1","econ",39.5,-0.2777
"Sulawesi Utara",2022,"Economic Model 1 (13-var)","E1","econ",36.5,-0.5259
"Kalimantan Barat",2022,"Economic Model 1 (13-var)","E1","econ",36.2,-0.5502
"Sulawesi Selatan",2022,"Economic Model 1 (13-var)","E1","econ",35,-0.6417
"Lampung",2022,"Economic Model 1 (13-var)","E1","econ",31.3,-0.9458
"Sumatera Barat",2022,"Economic Model 1 (13-var)","E1","econ",29.1,-1.117
"Nusa Tenggara Barat",2022,"Economic Model 1 (13-var)","E1","econ",27.8,-1.226
"Bali",2022,"Economic Model 1 (13-var)","E1","econ",26.3,-1.3478
"Bengkulu",2022,"Economic Model 1 (13-var)","E1","econ",21.5,-1.7327
"DI Yogyakarta",2022,"Economic Model 1 (13-var)","E1","econ",20.1,-1.8433
"Sulawesi Barat",2022,"Economic Model 1 (13-var)","E1","econ",19.7,-1.876
"Aceh",2022,"Economic Model 1 (13-var)","E1","econ",16.6,-2.1323
"Gorontalo",2022,"Economic Model 1 (13-var)","E1","econ",8.2,-2.8082
"Nusa Tenggara Timur",2022,"Economic Model 1 (13-var)","E1","econ",0.4,-3.442
"Maluku",2022,"Economic Model 1 (13-var)","E1","econ",0,-3.471
"Kepulauan Riau",2023,"Economic Model 1 (13-var)","E1","econ",100,4.6856
"Maluku Utara",2023,"Economic Model 1 (13-var)","E1","econ",92.1,4.0714
"Kalimantan Timur",2023,"Economic Model 1 (13-var)","E1","econ",89.4,3.8629
"Sulawesi Tengah",2023,"Economic Model 1 (13-var)","E1","econ",84.1,3.4461
"Riau",2023,"Economic Model 1 (13-var)","E1","econ",63.8,1.8625
"Papua Barat",2023,"Economic Model 1 (13-var)","E1","econ",55.8,1.2411
"Banten",2023,"Economic Model 1 (13-var)","E1","econ",54.7,1.1518
"Kalimantan Selatan",2023,"Economic Model 1 (13-var)","E1","econ",52.2,0.962
"DKI Jakarta",2023,"Economic Model 1 (13-var)","E1","econ",50.4,0.8154
"Kalimantan Tengah",2023,"Economic Model 1 (13-var)","E1","econ",45.9,0.4666
"Jawa Barat",2023,"Economic Model 1 (13-var)","E1","econ",44.4,0.3466
"Jawa Timur",2023,"Economic Model 1 (13-var)","E1","econ",41.4,0.1125
"Sulawesi Tenggara",2023,"Economic Model 1 (13-var)","E1","econ",41.1,0.0943
"Sumatera Selatan",2023,"Economic Model 1 (13-var)","E1","econ",40.1,0.0144
"Jambi",2023,"Economic Model 1 (13-var)","E1","econ",38.7,-0.0943
"Jawa Tengah",2023,"Economic Model 1 (13-var)","E1","econ",38.5,-0.1096
"Bangka Belitung",2023,"Economic Model 1 (13-var)","E1","econ",38.4,-0.1184
"Sumatera Utara",2023,"Economic Model 1 (13-var)","E1","econ",34.4,-0.4288
"Sulawesi Utara",2023,"Economic Model 1 (13-var)","E1","econ",31.1,-0.6838
"Kalimantan Barat",2023,"Economic Model 1 (13-var)","E1","econ",30.9,-0.6991
"Sulawesi Selatan",2023,"Economic Model 1 (13-var)","E1","econ",30.5,-0.731
"Papua",2023,"Economic Model 1 (13-var)","E1","econ",28.8,-0.8668
"Lampung",2023,"Economic Model 1 (13-var)","E1","econ",26.6,-1.0401
"Sumatera Barat",2023,"Economic Model 1 (13-var)","E1","econ",25.5,-1.1236
"Nusa Tenggara Barat",2023,"Economic Model 1 (13-var)","E1","econ",23.6,-1.2698
"Bali",2023,"Economic Model 1 (13-var)","E1","econ",22.5,-1.3602
"Sulawesi Barat",2023,"Economic Model 1 (13-var)","E1","econ",17.4,-1.7515
"DI Yogyakarta",2023,"Economic Model 1 (13-var)","E1","econ",17.1,-1.7756
"Aceh",2023,"Economic Model 1 (13-var)","E1","econ",13.4,-2.0673
"Gorontalo",2023,"Economic Model 1 (13-var)","E1","econ",3.6,-2.8337
"Maluku",2023,"Economic Model 1 (13-var)","E1","econ",0.6,-3.0675
"Nusa Tenggara Timur",2023,"Economic Model 1 (13-var)","E1","econ",0,-3.1119
"Kalimantan Timur",2024,"Economic Model 1 (13-var)","E1","econ",100,4.2164
"Maluku Utara",2024,"Economic Model 1 (13-var)","E1","econ",99,4.1426
"Kepulauan Riau",2024,"Economic Model 1 (13-var)","E1","econ",95.8,3.8951
"Sulawesi Tengah",2024,"Economic Model 1 (13-var)","E1","econ",92.5,3.6471
"Papua Barat",2024,"Economic Model 1 (13-var)","E1","econ",81.6,2.8164
"Riau",2024,"Economic Model 1 (13-var)","E1","econ",71.4,2.0485
"Kalimantan Selatan",2024,"Economic Model 1 (13-var)","E1","econ",60.9,1.2522
"Banten",2024,"Economic Model 1 (13-var)","E1","econ",56.3,0.9021
"DKI Jakarta",2024,"Economic Model 1 (13-var)","E1","econ",51.6,0.5416
"Kalimantan Tengah",2024,"Economic Model 1 (13-var)","E1","econ",51,0.498
"Jambi",2024,"Economic Model 1 (13-var)","E1","econ",50.4,0.4546
"Jawa Barat",2024,"Economic Model 1 (13-var)","E1","econ",49.9,0.4136
"Sumatera Selatan",2024,"Economic Model 1 (13-var)","E1","econ",48.9,0.3363
"Jawa Timur",2024,"Economic Model 1 (13-var)","E1","econ",47.5,0.2319
"Sulawesi Tenggara",2024,"Economic Model 1 (13-var)","E1","econ",46,0.1202
"Bangka Belitung",2024,"Economic Model 1 (13-var)","E1","econ",44.5,0.0043
"Jawa Tengah",2024,"Economic Model 1 (13-var)","E1","econ",42.2,-0.1724
"Sumatera Utara",2024,"Economic Model 1 (13-var)","E1","econ",39.1,-0.4095
"Kalimantan Barat",2024,"Economic Model 1 (13-var)","E1","econ",36.5,-0.6009
"Sulawesi Utara",2024,"Economic Model 1 (13-var)","E1","econ",34.8,-0.7297
"Sulawesi Selatan",2024,"Economic Model 1 (13-var)","E1","econ",33.7,-0.8146
"Nusa Tenggara Barat",2024,"Economic Model 1 (13-var)","E1","econ",31.9,-0.955
"Lampung",2024,"Economic Model 1 (13-var)","E1","econ",31.8,-0.9572
"Sumatera Barat",2024,"Economic Model 1 (13-var)","E1","econ",31.4,-0.9901
"Bali",2024,"Economic Model 1 (13-var)","E1","econ",28.2,-1.233
"Bengkulu",2024,"Economic Model 1 (13-var)","E1","econ",25.5,-1.4394
"Sulawesi Barat",2024,"Economic Model 1 (13-var)","E1","econ",24.4,-1.5237
"DI Yogyakarta",2024,"Economic Model 1 (13-var)","E1","econ",20.1,-1.8494
"Aceh",2024,"Economic Model 1 (13-var)","E1","econ",19.3,-1.9087
"Gorontalo",2024,"Economic Model 1 (13-var)","E1","econ",8.8,-2.7042
"Papua",2024,"Economic Model 1 (13-var)","E1","econ",6.1,-2.9132
"Maluku",2024,"Economic Model 1 (13-var)","E1","econ",5.6,-2.9465
"Nusa Tenggara Timur",2024,"Economic Model 1 (13-var)","E1","econ",0,-3.3734
"Maluku Utara",2025,"Economic Model 1 (13-var)","E1","econ",100,5.1772
"Kepulauan Riau",2025,"Economic Model 1 (13-var)","E1","econ",89,4.2349
"Kalimantan Timur",2025,"Economic Model 1 (13-var)","E1","econ",83.4,3.7579
"Sulawesi Tengah",2025,"Economic Model 1 (13-var)","E1","econ",81.1,3.564
"Papua Barat",2025,"Economic Model 1 (13-var)","E1","econ",67.4,2.3896
"Riau",2025,"Economic Model 1 (13-var)","E1","econ",61.6,1.8913
"Kalimantan Utara",2025,"Economic Model 1 (13-var)","E1","econ",58.7,1.6483
"Kalimantan Selatan",2025,"Economic Model 1 (13-var)","E1","econ",49.8,0.8898
"Banten",2025,"Economic Model 1 (13-var)","E1","econ",47.4,0.684
"DKI Jakarta",2025,"Economic Model 1 (13-var)","E1","econ",43.2,0.3172
"Kalimantan Tengah",2025,"Economic Model 1 (13-var)","E1","econ",43.1,0.3145
"Jambi",2025,"Economic Model 1 (13-var)","E1","econ",42.5,0.2597
"Jawa Barat",2025,"Economic Model 1 (13-var)","E1","econ",42.4,0.2505
"Sumatera Selatan",2025,"Economic Model 1 (13-var)","E1","econ",41.5,0.1719
"Jawa Timur",2025,"Economic Model 1 (13-var)","E1","econ",40.6,0.0981
"Bangka Belitung",2025,"Economic Model 1 (13-var)","E1","econ",39.4,-0.0074
"Sulawesi Tenggara",2025,"Economic Model 1 (13-var)","E1","econ",39.3,-0.0158
"Jawa Tengah",2025,"Economic Model 1 (13-var)","E1","econ",36.4,-0.2633
"Sumatera Utara",2025,"Economic Model 1 (13-var)","E1","econ",33.2,-0.5334
"Kalimantan Barat",2025,"Economic Model 1 (13-var)","E1","econ",31.7,-0.6608
"Sulawesi Utara",2025,"Economic Model 1 (13-var)","E1","econ",29.8,-0.8261
"Sulawesi Selatan",2025,"Economic Model 1 (13-var)","E1","econ",28.7,-0.9208
"Lampung",2025,"Economic Model 1 (13-var)","E1","econ",27.6,-1.011
"Sumatera Barat",2025,"Economic Model 1 (13-var)","E1","econ",26.7,-1.088
"Nusa Tenggara Barat",2025,"Economic Model 1 (13-var)","E1","econ",24.4,-1.2891
"Bali",2025,"Economic Model 1 (13-var)","E1","econ",23.8,-1.339
"Sulawesi Barat",2025,"Economic Model 1 (13-var)","E1","econ",22,-1.4934
"DI Yogyakarta",2025,"Economic Model 1 (13-var)","E1","econ",17,-1.916
"Aceh",2025,"Economic Model 1 (13-var)","E1","econ",16.5,-1.9621
"Gorontalo",2025,"Economic Model 1 (13-var)","E1","econ",8,-2.689
"Maluku",2025,"Economic Model 1 (13-var)","E1","econ",4,-3.0332
"Papua",2025,"Economic Model 1 (13-var)","E1","econ",1.7,-3.2289
"Nusa Tenggara Timur",2025,"Economic Model 1 (13-var)","E1","econ",0,-3.3718
"Kepulauan Riau",2022,"Economic Structure (5-var, clean)","E5","econ",100,4.1533
"Maluku Utara",2022,"Economic Structure (5-var, clean)","E5","econ",88.4,3.3842
"Banten",2022,"Economic Structure (5-var, clean)","E5","econ",68.8,2.085
"Jawa Barat",2022,"Economic Structure (5-var, clean)","E5","econ",63.4,1.7298
"Sulawesi Tengah",2022,"Economic Structure (5-var, clean)","E5","econ",62.6,1.6735
"Kalimantan Timur",2022,"Economic Structure (5-var, clean)","E5","econ",58.9,1.4309
"Jawa Timur",2022,"Economic Structure (5-var, clean)","E5","econ",56.1,1.2475
"Kalimantan Tengah",2022,"Economic Structure (5-var, clean)","E5","econ",53.6,1.081
"Jawa Tengah",2022,"Economic Structure (5-var, clean)","E5","econ",52.3,0.9907
"DKI Jakarta",2022,"Economic Structure (5-var, clean)","E5","econ",51.6,0.9462
"Kalimantan Selatan",2022,"Economic Structure (5-var, clean)","E5","econ",50.4,0.866
"Riau",2022,"Economic Structure (5-var, clean)","E5","econ",46.6,0.6151
"Papua Barat",2022,"Economic Structure (5-var, clean)","E5","econ",44,0.4421
"Bangka Belitung",2022,"Economic Structure (5-var, clean)","E5","econ",39,0.1117
"Sumatera Selatan",2022,"Economic Structure (5-var, clean)","E5","econ",38.8,0.0964
"Kalimantan Utara",2022,"Economic Structure (5-var, clean)","E5","econ",34.1,-0.2125
"Sumatera Utara",2022,"Economic Structure (5-var, clean)","E5","econ",33.2,-0.2726
"Sulawesi Tenggara",2022,"Economic Structure (5-var, clean)","E5","econ",32.3,-0.3301
"DI Yogyakarta",2022,"Economic Structure (5-var, clean)","E5","econ",29.2,-0.5392
"Lampung",2022,"Economic Structure (5-var, clean)","E5","econ",28.9,-0.5576
"Sulawesi Selatan",2022,"Economic Structure (5-var, clean)","E5","econ",27.9,-0.6214
"Kalimantan Barat",2022,"Economic Structure (5-var, clean)","E5","econ",27.6,-0.6419
"Bali",2022,"Economic Structure (5-var, clean)","E5","econ",24.9,-0.8193
"Sulawesi Utara",2022,"Economic Structure (5-var, clean)","E5","econ",24.5,-0.8514
"Bengkulu",2022,"Economic Structure (5-var, clean)","E5","econ",24.1,-0.8722
"Papua",2022,"Economic Structure (5-var, clean)","E5","econ",23.6,-0.9077
"Sumatera Barat",2022,"Economic Structure (5-var, clean)","E5","econ",23.6,-0.9053
"Jambi",2022,"Economic Structure (5-var, clean)","E5","econ",23.4,-0.9206
"Nusa Tenggara Barat",2022,"Economic Structure (5-var, clean)","E5","econ",19.5,-1.1775
"Aceh",2022,"Economic Structure (5-var, clean)","E5","econ",7,-2.0045
"Sulawesi Barat",2022,"Economic Structure (5-var, clean)","E5","econ",6.5,-2.0436
"Maluku",2022,"Economic Structure (5-var, clean)","E5","econ",3.1,-2.2639
"Nusa Tenggara Timur",2022,"Economic Structure (5-var, clean)","E5","econ",0.5,-2.4407
"Gorontalo",2022,"Economic Structure (5-var, clean)","E5","econ",0,-2.4716
"Kepulauan Riau",2023,"Economic Structure (5-var, clean)","E5","econ",100,4.487
"Maluku Utara",2023,"Economic Structure (5-var, clean)","E5","econ",88.5,3.7041
"Sulawesi Tengah",2023,"Economic Structure (5-var, clean)","E5","econ",73.6,2.6883
"Banten",2023,"Economic Structure (5-var, clean)","E5","econ",63.8,2.0233
"Jawa Barat",2023,"Economic Structure (5-var, clean)","E5","econ",57.3,1.5829
"DKI Jakarta",2023,"Economic Structure (5-var, clean)","E5","econ",50.9,1.1461
"Jawa Timur",2023,"Economic Structure (5-var, clean)","E5","econ",50.7,1.1353
"Kalimantan Timur",2023,"Economic Structure (5-var, clean)","E5","econ",49.5,1.0501
"Jawa Tengah",2023,"Economic Structure (5-var, clean)","E5","econ",47.9,0.9465
"Papua Barat",2023,"Economic Structure (5-var, clean)","E5","econ",43.6,0.6498
"Kalimantan Selatan",2023,"Economic Structure (5-var, clean)","E5","econ",42.7,0.5874
"Riau",2023,"Economic Structure (5-var, clean)","E5","econ",40,0.4064
"Sumatera Selatan",2023,"Economic Structure (5-var, clean)","E5","econ",33.9,-0.0079
"Bangka Belitung",2023,"Economic Structure (5-var, clean)","E5","econ",32.7,-0.0896
"Kalimantan Utara",2023,"Economic Structure (5-var, clean)","E5","econ",30.3,-0.2571
"Sumatera Utara",2023,"Economic Structure (5-var, clean)","E5","econ",29.1,-0.3368
"Kalimantan Tengah",2023,"Economic Structure (5-var, clean)","E5","econ",27.8,-0.4212
"Sulawesi Tenggara",2023,"Economic Structure (5-var, clean)","E5","econ",27.2,-0.4643
"DI Yogyakarta",2023,"Economic Structure (5-var, clean)","E5","econ",26.2,-0.5312
"Lampung",2023,"Economic Structure (5-var, clean)","E5","econ",25.4,-0.5858
"Sulawesi Selatan",2023,"Economic Structure (5-var, clean)","E5","econ",24.9,-0.6188
"Kalimantan Barat",2023,"Economic Structure (5-var, clean)","E5","econ",23.6,-0.7067
"Bali",2023,"Economic Structure (5-var, clean)","E5","econ",22.5,-0.7879
"Sulawesi Utara",2023,"Economic Structure (5-var, clean)","E5","econ",21.5,-0.8499
"Sumatera Barat",2023,"Economic Structure (5-var, clean)","E5","econ",20.6,-0.9164
"Jambi",2023,"Economic Structure (5-var, clean)","E5","econ",18.9,-1.0308
"Nusa Tenggara Barat",2023,"Economic Structure (5-var, clean)","E5","econ",17.1,-1.1523
"Papua",2023,"Economic Structure (5-var, clean)","E5","econ",13.1,-1.4265
"Maluku",2023,"Economic Structure (5-var, clean)","E5","econ",6.6,-1.8628
"Sulawesi Barat",2023,"Economic Structure (5-var, clean)","E5","econ",6.1,-1.8973
"Aceh",2023,"Economic Structure (5-var, clean)","E5","econ",5.9,-1.9125
"Nusa Tenggara Timur",2023,"Economic Structure (5-var, clean)","E5","econ",1.2,-2.2366
"Gorontalo",2023,"Economic Structure (5-var, clean)","E5","econ",0,-2.315
"Kepulauan Riau",2024,"Economic Structure (5-var, clean)","E5","econ",100,4.3696
"Maluku Utara",2024,"Economic Structure (5-var, clean)","E5","econ",95.7,4.0876
"Sulawesi Tengah",2024,"Economic Structure (5-var, clean)","E5","econ",78.5,2.947
"Banten",2024,"Economic Structure (5-var, clean)","E5","econ",62.2,1.8729
"Papua Barat",2024,"Economic Structure (5-var, clean)","E5","econ",58.1,1.602
"Jawa Barat",2024,"Economic Structure (5-var, clean)","E5","econ",56.3,1.4797
"DKI Jakarta",2024,"Economic Structure (5-var, clean)","E5","econ",51.9,1.1915
"Jawa Timur",2024,"Economic Structure (5-var, clean)","E5","econ",51.2,1.1484
"Jawa Tengah",2024,"Economic Structure (5-var, clean)","E5","econ",47.7,0.9133
"Kalimantan Timur",2024,"Economic Structure (5-var, clean)","E5","econ",47.1,0.8746
"Kalimantan Selatan",2024,"Economic Structure (5-var, clean)","E5","econ",42.2,0.5505
"Riau",2024,"Economic Structure (5-var, clean)","E5","econ",39.1,0.3475
"Papua Tengah",2024,"Economic Structure (5-var, clean)","E5","econ",36.4,0.169
"Sumatera Selatan",2024,"Economic Structure (5-var, clean)","E5","econ",34.6,0.0495
"Kalimantan Utara",2024,"Economic Structure (5-var, clean)","E5","econ",30.4,-0.2269
"Bangka Belitung",2024,"Economic Structure (5-var, clean)","E5","econ",30.3,-0.2318
"Sumatera Utara",2024,"Economic Structure (5-var, clean)","E5","econ",29.1,-0.3168
"Lampung",2024,"Economic Structure (5-var, clean)","E5","econ",26.4,-0.4913
"Sulawesi Tenggara",2024,"Economic Structure (5-var, clean)","E5","econ",26.2,-0.5028
"DI Yogyakarta",2024,"Economic Structure (5-var, clean)","E5","econ",26,-0.5195
"Kalimantan Tengah",2024,"Economic Structure (5-var, clean)","E5","econ",25.7,-0.5378
"Sulawesi Selatan",2024,"Economic Structure (5-var, clean)","E5","econ",24.6,-0.61
"Kalimantan Barat",2024,"Economic Structure (5-var, clean)","E5","econ",24,-0.6531
"Papua Barat Daya",2024,"Economic Structure (5-var, clean)","E5","econ",23.6,-0.6746
"Bengkulu",2024,"Economic Structure (5-var, clean)","E5","econ",23.5,-0.6824
"Bali",2024,"Economic Structure (5-var, clean)","E5","econ",22.7,-0.7337
"Sulawesi Utara",2024,"Economic Structure (5-var, clean)","E5","econ",21.3,-0.8286
"Sumatera Barat",2024,"Economic Structure (5-var, clean)","E5","econ",20.7,-0.8708
"Nusa Tenggara Barat",2024,"Economic Structure (5-var, clean)","E5","econ",19.5,-0.951
"Jambi",2024,"Economic Structure (5-var, clean)","E5","econ",18.9,-0.9892
"Maluku",2024,"Economic Structure (5-var, clean)","E5","econ",8.2,-1.694
"Aceh",2024,"Economic Structure (5-var, clean)","E5","econ",6.5,-1.8062
"Sulawesi Barat",2024,"Economic Structure (5-var, clean)","E5","econ",4.8,-1.9226
"Papua",2024,"Economic Structure (5-var, clean)","E5","econ",4.5,-1.9414
"Nusa Tenggara Timur",2024,"Economic Structure (5-var, clean)","E5","econ",0.8,-2.1821
"Gorontalo",2024,"Economic Structure (5-var, clean)","E5","econ",0,-2.2366
"Maluku Utara",2025,"Economic Structure (5-var, clean)","E5","econ",100,4.9232
"Kepulauan Riau",2025,"Economic Structure (5-var, clean)","E5","econ",96.2,4.6546
"Sulawesi Tengah",2025,"Economic Structure (5-var, clean)","E5","econ",71.8,2.9212
"Banten",2025,"Economic Structure (5-var, clean)","E5","econ",53.1,1.5886
"Papua Barat",2025,"Economic Structure (5-var, clean)","E5","econ",51.8,1.4964
"Jawa Barat",2025,"Economic Structure (5-var, clean)","E5","econ",49,1.2955
"Jawa Timur",2025,"Economic Structure (5-var, clean)","E5","econ",45.1,1.02
"DKI Jakarta",2025,"Economic Structure (5-var, clean)","E5","econ",43.1,0.8779
"Kalimantan Timur",2025,"Economic Structure (5-var, clean)","E5","econ",41.9,0.7952
"Jawa Tengah",2025,"Economic Structure (5-var, clean)","E5","econ",41.4,0.757
"Riau",2025,"Economic Structure (5-var, clean)","E5","econ",36.8,0.4318
"Kalimantan Selatan",2025,"Economic Structure (5-var, clean)","E5","econ",35.4,0.3331
"Papua Tengah",2025,"Economic Structure (5-var, clean)","E5","econ",32.2,0.102
"Sumatera Selatan",2025,"Economic Structure (5-var, clean)","E5","econ",29.7,-0.0744
"Bangka Belitung",2025,"Economic Structure (5-var, clean)","E5","econ",29.1,-0.117
"Kalimantan Utara",2025,"Economic Structure (5-var, clean)","E5","econ",27,-0.2692
"Sumatera Utara",2025,"Economic Structure (5-var, clean)","E5","econ",26.6,-0.2988
"Sulawesi Tenggara",2025,"Economic Structure (5-var, clean)","E5","econ",23.4,-0.5266
"Kalimantan Tengah",2025,"Economic Structure (5-var, clean)","E5","econ",23.3,-0.5283
"Lampung",2025,"Economic Structure (5-var, clean)","E5","econ",23.2,-0.54
"DI Yogyakarta",2025,"Economic Structure (5-var, clean)","E5","econ",22.2,-0.6092
"Sulawesi Selatan",2025,"Economic Structure (5-var, clean)","E5","econ",21.6,-0.6512
"Kalimantan Barat",2025,"Economic Structure (5-var, clean)","E5","econ",21.3,-0.6709
"Bali",2025,"Economic Structure (5-var, clean)","E5","econ",20,-0.7664
"Papua Barat Daya",2025,"Economic Structure (5-var, clean)","E5","econ",19.6,-0.7926
"Sulawesi Utara",2025,"Economic Structure (5-var, clean)","E5","econ",19.5,-0.8005
"Sumatera Barat",2025,"Economic Structure (5-var, clean)","E5","econ",18.4,-0.8789
"Jambi",2025,"Economic Structure (5-var, clean)","E5","econ",17.5,-0.9451
"Nusa Tenggara Barat",2025,"Economic Structure (5-var, clean)","E5","econ",15.3,-1.1007
"Sulawesi Barat",2025,"Economic Structure (5-var, clean)","E5","econ",6.3,-1.7408
"Maluku",2025,"Economic Structure (5-var, clean)","E5","econ",6.1,-1.7514
"Aceh",2025,"Economic Structure (5-var, clean)","E5","econ",6,-1.7619
"Papua",2025,"Economic Structure (5-var, clean)","E5","econ",2.1,-2.0384
"Gorontalo",2025,"Economic Structure (5-var, clean)","E5","econ",0.6,-2.147
"Nusa Tenggara Timur",2025,"Economic Structure (5-var, clean)","E5","econ",0,-2.1872
"Kalimantan Timur",2022,"Economic Structure (8-var)","E8","econ",100,3.9167
"Kepulauan Riau",2022,"Economic Structure (8-var)","E8","econ",97.5,3.7412
"Maluku Utara",2022,"Economic Structure (8-var)","E8","econ",90.1,3.2124
"Sulawesi Tengah",2022,"Economic Structure (8-var)","E8","econ",83.8,2.7674
"Riau",2022,"Economic Structure (8-var)","E8","econ",72.2,1.9469
"Kalimantan Utara",2022,"Economic Structure (8-var)","E8","econ",69.2,1.7333
"Papua Barat",2022,"Economic Structure (8-var)","E8","econ",65.1,1.4409
"Kalimantan Selatan",2022,"Economic Structure (8-var)","E8","econ",64.8,1.4182
"Kalimantan Tengah",2022,"Economic Structure (8-var)","E8","econ",64,1.3625
"Banten",2022,"Economic Structure (8-var)","E8","econ",55.2,0.7418
"Papua",2022,"Economic Structure (8-var)","E8","econ",54.3,0.6754
"Sumatera Selatan",2022,"Economic Structure (8-var)","E8","econ",51.4,0.4704
"Jawa Barat",2022,"Economic Structure (8-var)","E8","econ",51.3,0.4667
"Jambi",2022,"Economic Structure (8-var)","E8","econ",50.5,0.405
"Sulawesi Tenggara",2022,"Economic Structure (8-var)","E8","econ",49,0.2997
"Jawa Timur",2022,"Economic Structure (8-var)","E8","econ",47.6,0.2019
"Jawa Tengah",2022,"Economic Structure (8-var)","E8","econ",45.4,0.0453
"Bangka Belitung",2022,"Economic Structure (8-var)","E8","econ",44.4,-0.0269
"Sumatera Utara",2022,"Economic Structure (8-var)","E8","econ",38.6,-0.4402
"Kalimantan Barat",2022,"Economic Structure (8-var)","E8","econ",35.9,-0.6253
"Lampung",2022,"Economic Structure (8-var)","E8","econ",33.4,-0.8065
"Sulawesi Utara",2022,"Economic Structure (8-var)","E8","econ",32.6,-0.8599
"Nusa Tenggara Barat",2022,"Economic Structure (8-var)","E8","econ",32.4,-0.8752
"Sulawesi Selatan",2022,"Economic Structure (8-var)","E8","econ",31.6,-0.9354
"DKI Jakarta",2022,"Economic Structure (8-var)","E8","econ",26.1,-1.3242
"Sumatera Barat",2022,"Economic Structure (8-var)","E8","econ",25.8,-1.3407
"Bengkulu",2022,"Economic Structure (8-var)","E8","econ",24.4,-1.4402
"Sulawesi Barat",2022,"Economic Structure (8-var)","E8","econ",22.8,-1.5596
"Bali",2022,"Economic Structure (8-var)","E8","econ",19.1,-1.8201
"Aceh",2022,"Economic Structure (8-var)","E8","econ",17.9,-1.9075
"DI Yogyakarta",2022,"Economic Structure (8-var)","E8","econ",16,-2.0358
"Gorontalo",2022,"Economic Structure (8-var)","E8","econ",9.3,-2.5115
"Nusa Tenggara Timur",2022,"Economic Structure (8-var)","E8","econ",0.1,-3.1633
"Maluku",2022,"Economic Structure (8-var)","E8","econ",0,-3.1734
"Maluku Utara",2023,"Economic Structure (8-var)","E8","econ",100,4.1438
"Kepulauan Riau",2023,"Economic Structure (8-var)","E8","econ",98.2,4.0143
"Sulawesi Tengah",2023,"Economic Structure (8-var)","E8","econ",90.4,3.4708
"Kalimantan Timur",2023,"Economic Structure (8-var)","E8","econ",87.3,3.2524
"Papua Barat",2023,"Economic Structure (8-var)","E8","econ",67.9,1.8823
"Riau",2023,"Economic Structure (8-var)","E8","econ",63.9,1.6012
"Kalimantan Utara",2023,"Economic Structure (8-var)","E8","econ",61,1.402
"Kalimantan Selatan",2023,"Economic Structure (8-var)","E8","econ",57,1.1186
"Banten",2023,"Economic Structure (8-var)","E8","econ",52.5,0.8034
"Jawa Barat",2023,"Economic Structure (8-var)","E8","econ",47.5,0.4496
"Sumatera Selatan",2023,"Economic Structure (8-var)","E8","econ",44.9,0.2664
"Kalimantan Tengah",2023,"Economic Structure (8-var)","E8","econ",44.2,0.2186
"Sulawesi Tenggara",2023,"Economic Structure (8-var)","E8","econ",43.3,0.1513
"Jawa Timur",2023,"Economic Structure (8-var)","E8","econ",42.8,0.1198
"Jambi",2023,"Economic Structure (8-var)","E8","econ",41.9,0.0561
"Jawa Tengah",2023,"Economic Structure (8-var)","E8","econ",41.7,0.0425
"Papua",2023,"Economic Structure (8-var)","E8","econ",39.2,-0.1345
"Bangka Belitung",2023,"Economic Structure (8-var)","E8","econ",38.3,-0.1958
"Sumatera Utara",2023,"Economic Structure (8-var)","E8","econ",33.3,-0.5504
"Kalimantan Barat",2023,"Economic Structure (8-var)","E8","econ",29.7,-0.8046
"Lampung",2023,"Economic Structure (8-var)","E8","econ",27.8,-0.9365
"Sulawesi Utara",2023,"Economic Structure (8-var)","E8","econ",27.8,-0.9409
"Sulawesi Selatan",2023,"Economic Structure (8-var)","E8","econ",27.2,-0.9771
"Nusa Tenggara Barat",2023,"Economic Structure (8-var)","E8","econ",26.3,-1.0426
"DKI Jakarta",2023,"Economic Structure (8-var)","E8","econ",26.2,-1.0474
"Sumatera Barat",2023,"Economic Structure (8-var)","E8","econ",22.2,-1.335
"Sulawesi Barat",2023,"Economic Structure (8-var)","E8","econ",20.7,-1.436
"Bali",2023,"Economic Structure (8-var)","E8","econ",15.7,-1.7893
"Aceh",2023,"Economic Structure (8-var)","E8","econ",14.5,-1.8742
"DI Yogyakarta",2023,"Economic Structure (8-var)","E8","econ",13.6,-1.9386
"Gorontalo",2023,"Economic Structure (8-var)","E8","econ",7,-2.399
"Maluku",2023,"Economic Structure (8-var)","E8","econ",2.8,-2.6968
"Nusa Tenggara Timur",2023,"Economic Structure (8-var)","E8","econ",0,-2.8946
"Maluku Utara",2024,"Economic Structure (8-var)","E8","econ",100,3.9258
"Kepulauan Riau",2024,"Economic Structure (8-var)","E8","econ",95.7,3.6376
"Sulawesi Tengah",2024,"Economic Structure (8-var)","E8","econ",92.7,3.4316
"Papua Tengah",2024,"Economic Structure (8-var)","E8","econ",90.9,3.3085
"Kalimantan Timur",2024,"Economic Structure (8-var)","E8","econ",86.5,3.0116
"Papua Barat",2024,"Economic Structure (8-var)","E8","econ",86.1,2.9862
"Riau",2024,"Economic Structure (8-var)","E8","econ",64.6,1.5351
"Kalimantan Utara",2024,"Economic Structure (8-var)","E8","econ",61.8,1.3484
"Kalimantan Selatan",2024,"Economic Structure (8-var)","E8","econ",55.6,0.9245
"Banten",2024,"Economic Structure (8-var)","E8","econ",52.5,0.7184
"Jawa Barat",2024,"Economic Structure (8-var)","E8","econ",47.9,0.4078
"Sumatera Selatan",2024,"Economic Structure (8-var)","E8","econ",45.8,0.2681
"Jawa Timur",2024,"Economic Structure (8-var)","E8","econ",44.7,0.1894
"Jambi",2024,"Economic Structure (8-var)","E8","econ",43.5,0.1117
"Kalimantan Tengah",2024,"Economic Structure (8-var)","E8","econ",43.1,0.0855
"Sulawesi Tenggara",2024,"Economic Structure (8-var)","E8","econ",42.9,0.0697
"Jawa Tengah",2024,"Economic Structure (8-var)","E8","econ",42.6,0.0531
"Bangka Belitung",2024,"Economic Structure (8-var)","E8","econ",37.2,-0.3142
"Sumatera Utara",2024,"Economic Structure (8-var)","E8","econ",35,-0.4641
"Papua Barat Daya",2024,"Economic Structure (8-var)","E8","econ",34.6,-0.4914
"Kalimantan Barat",2024,"Economic Structure (8-var)","E8","econ",31.1,-0.7258
"Nusa Tenggara Barat",2024,"Economic Structure (8-var)","E8","econ",29.6,-0.8278
"Lampung",2024,"Economic Structure (8-var)","E8","econ",29.4,-0.8443
"Sulawesi Utara",2024,"Economic Structure (8-var)","E8","econ",29.1,-0.8648
"Sulawesi Selatan",2024,"Economic Structure (8-var)","E8","econ",28.2,-0.9233
"DKI Jakarta",2024,"Economic Structure (8-var)","E8","econ",27.2,-0.9893
"Sumatera Barat",2024,"Economic Structure (8-var)","E8","econ",23.9,-1.2158
"Bengkulu",2024,"Economic Structure (8-var)","E8","econ",22.1,-1.3369
"Sulawesi Barat",2024,"Economic Structure (8-var)","E8","econ",20.9,-1.4181
"Bali",2024,"Economic Structure (8-var)","E8","econ",18.1,-1.6048
"Aceh",2024,"Economic Structure (8-var)","E8","econ",15.7,-1.7682
"DI Yogyakarta",2024,"Economic Structure (8-var)","E8","econ",14.9,-1.8173
"Gorontalo",2024,"Economic Structure (8-var)","E8","econ",7.4,-2.3245
"Papua",2024,"Economic Structure (8-var)","E8","econ",3.2,-2.6072
"Maluku",2024,"Economic Structure (8-var)","E8","econ",2.6,-2.6489
"Nusa Tenggara Timur",2024,"Economic Structure (8-var)","E8","econ",0,-2.8266
"Maluku Utara",2025,"Economic Structure (8-var)","E8","econ",100,5.0973
"Kepulauan Riau",2025,"Economic Structure (8-var)","E8","econ",86.7,4.0408
"Sulawesi Tengah",2025,"Economic Structure (8-var)","E8","econ",79.6,3.481
"Papua Barat",2025,"Economic Structure (8-var)","E8","econ",71.5,2.837
"Kalimantan Timur",2025,"Economic Structure (8-var)","E8","econ",70.2,2.7279
"Papua Tengah",2025,"Economic Structure (8-var)","E8","econ",69.7,2.6932
"Riau",2025,"Economic Structure (8-var)","E8","econ",54.9,1.519
"Kalimantan Utara",2025,"Economic Structure (8-var)","E8","econ",50.1,1.1345
"Kalimantan Selatan",2025,"Economic Structure (8-var)","E8","econ",44.2,0.6659
"Banten",2025,"Economic Structure (8-var)","E8","econ",43.3,0.5965
"Jawa Barat",2025,"Economic Structure (8-var)","E8","econ",39.8,0.3162
"Jawa Timur",2025,"Economic Structure (8-var)","E8","econ",37.6,0.1399
"Sumatera Selatan",2025,"Economic Structure (8-var)","E8","econ",37.5,0.1318
"Jambi",2025,"Economic Structure (8-var)","E8","econ",36.4,0.0429
"Kalimantan Tengah",2025,"Economic Structure (8-var)","E8","econ",36.1,0.0231
"Sulawesi Tenggara",2025,"Economic Structure (8-var)","E8","econ",35.9,0.0075
"Jawa Tengah",2025,"Economic Structure (8-var)","E8","econ",35.5,-0.0253
"Bangka Belitung",2025,"Economic Structure (8-var)","E8","econ",33.4,-0.1946
"Sumatera Utara",2025,"Economic Structure (8-var)","E8","econ",29.5,-0.4988
"Papua Barat Daya",2025,"Economic Structure (8-var)","E8","econ",28,-0.6239
"Kalimantan Barat",2025,"Economic Structure (8-var)","E8","econ",26.5,-0.738
"Sulawesi Utara",2025,"Economic Structure (8-var)","E8","econ",24.8,-0.8723
"Lampung",2025,"Economic Structure (8-var)","E8","econ",24.7,-0.8837
"Sulawesi Selatan",2025,"Economic Structure (8-var)","E8","econ",23.8,-0.9565
"Nusa Tenggara Barat",2025,"Economic Structure (8-var)","E8","econ",21.8,-1.116
"DKI Jakarta",2025,"Economic Structure (8-var)","E8","econ",21.5,-1.1378
"Sumatera Barat",2025,"Economic Structure (8-var)","E8","econ",20.2,-1.2433
"Sulawesi Barat",2025,"Economic Structure (8-var)","E8","econ",19.5,-1.2931
"Bali",2025,"Economic Structure (8-var)","E8","econ",14.8,-1.6712
"Aceh",2025,"Economic Structure (8-var)","E8","econ",13.1,-1.8038
"DI Yogyakarta",2025,"Economic Structure (8-var)","E8","econ",12.4,-1.8604
"Gorontalo",2025,"Economic Structure (8-var)","E8","econ",6.9,-2.2927
"Maluku",2025,"Economic Structure (8-var)","E8","econ",2,-2.682
"Papua",2025,"Economic Structure (8-var)","E8","econ",1.6,-2.7172
"Nusa Tenggara Timur",2025,"Economic Structure (8-var)","E8","econ",0,-2.844
"DKI Jakarta",2022,"Labour Model 7","L7","labour",100,5.1582
"Kepulauan Riau",2022,"Labour Model 7","L7","labour",84.7,3.8197
"Banten",2022,"Labour Model 7","L7","labour",77.6,3.2028
"Kalimantan Timur",2022,"Labour Model 7","L7","labour",70.8,2.6038
"Bangka Belitung",2022,"Labour Model 7","L7","labour",63.2,1.9429
"Jawa Barat",2022,"Labour Model 7","L7","labour",63,1.93
"Bali",2022,"Labour Model 7","L7","labour",55.6,1.2819
"Kalimantan Utara",2022,"Labour Model 7","L7","labour",54.3,1.1658
"Sulawesi Utara",2022,"Labour Model 7","L7","labour",52.8,1.039
"DI Yogyakarta",2022,"Labour Model 7","L7","labour",51.9,0.9584
"Kalimantan Tengah",2022,"Labour Model 7","L7","labour",51.6,0.9306
"Jawa Tengah",2022,"Labour Model 7","L7","labour",46.6,0.491
"Gorontalo",2022,"Labour Model 7","L7","labour",41.6,0.0561
"Sumatera Utara",2022,"Labour Model 7","L7","labour",41.6,0.0541
"Jawa Timur",2022,"Labour Model 7","L7","labour",40.4,-0.048
"Riau",2022,"Labour Model 7","L7","labour",39.1,-0.1614
"Kalimantan Selatan",2022,"Labour Model 7","L7","labour",38.5,-0.2161
"Sulawesi Selatan",2022,"Labour Model 7","L7","labour",37,-0.3474
"Sulawesi Tenggara",2022,"Labour Model 7","L7","labour",35.6,-0.464
"Sumatera Barat",2022,"Labour Model 7","L7","labour",33,-0.6906
"Kalimantan Barat",2022,"Labour Model 7","L7","labour",32.8,-0.7109
"Maluku Utara",2022,"Labour Model 7","L7","labour",32.1,-0.7758
"Sumatera Selatan",2022,"Labour Model 7","L7","labour",31.6,-0.815
"Sulawesi Tengah",2022,"Labour Model 7","L7","labour",29.9,-0.9624
"Jambi",2022,"Labour Model 7","L7","labour",29.3,-1.0175
"Bengkulu",2022,"Labour Model 7","L7","labour",26.7,-1.2452
"Papua Barat",2022,"Labour Model 7","L7","labour",26.4,-1.2742
"Lampung",2022,"Labour Model 7","L7","labour",25.7,-1.3282
"Aceh",2022,"Labour Model 7","L7","labour",24.5,-1.4399
"Maluku",2022,"Labour Model 7","L7","labour",23.8,-1.4952
"Papua",2022,"Labour Model 7","L7","labour",14.8,-2.2814
"Nusa Tenggara Barat",2022,"Labour Model 7","L7","labour",13.7,-2.3834
"Nusa Tenggara Timur",2022,"Labour Model 7","L7","labour",2,-3.4018
"Sulawesi Barat",2022,"Labour Model 7","L7","labour",0,-3.5757
"DKI Jakarta",2023,"Labour Model 7","L7","labour",100,5.3911
"Kepulauan Riau",2023,"Labour Model 7","L7","labour",86.2,4.1919
"Banten",2023,"Labour Model 7","L7","labour",73.8,3.1113
"Kalimantan Timur",2023,"Labour Model 7","L7","labour",72.5,3.0008
"Bali",2023,"Labour Model 7","L7","labour",62.8,2.1541
"Jawa Barat",2023,"Labour Model 7","L7","labour",57.7,1.719
"Bangka Belitung",2023,"Labour Model 7","L7","labour",53.4,1.3413
"Kalimantan Utara",2023,"Labour Model 7","L7","labour",53.2,1.3209
"Sulawesi Utara",2023,"Labour Model 7","L7","labour",49.1,0.9659
"Kalimantan Tengah",2023,"Labour Model 7","L7","labour",46.6,0.748
"DI Yogyakarta",2023,"Labour Model 7","L7","labour",46,0.6956
"Kalimantan Selatan",2023,"Labour Model 7","L7","labour",39.8,0.1582
"Jawa Tengah",2023,"Labour Model 7","L7","labour",39.3,0.1127
"Papua Barat",2023,"Labour Model 7","L7","labour",38.9,0.0795
"Maluku Utara",2023,"Labour Model 7","L7","labour",37.7,-0.027
"Jawa Timur",2023,"Labour Model 7","L7","labour",36.2,-0.156
"Riau",2023,"Labour Model 7","L7","labour",35.5,-0.2121
"Sumatera Utara",2023,"Labour Model 7","L7","labour",35.3,-0.2333
"Gorontalo",2023,"Labour Model 7","L7","labour",32.2,-0.4996
"Sulawesi Selatan",2023,"Labour Model 7","L7","labour",30.3,-0.6625
"Kalimantan Barat",2023,"Labour Model 7","L7","labour",29.7,-0.7214
"Sulawesi Tenggara",2023,"Labour Model 7","L7","labour",26.8,-0.9674
"Sulawesi Tengah",2023,"Labour Model 7","L7","labour",26.5,-0.9974
"Sumatera Selatan",2023,"Labour Model 7","L7","labour",25.5,-1.0863
"Maluku",2023,"Labour Model 7","L7","labour",25.4,-1.0905
"Sumatera Barat",2023,"Labour Model 7","L7","labour",25.4,-1.0888
"Aceh",2023,"Labour Model 7","L7","labour",20.3,-1.5391
"Jambi",2023,"Labour Model 7","L7","labour",19.8,-1.5823
"Bengkulu",2023,"Labour Model 7","L7","labour",19.2,-1.6288
"Lampung",2023,"Labour Model 7","L7","labour",17.8,-1.7515
"Papua",2023,"Labour Model 7","L7","labour",16.1,-1.899
"Nusa Tenggara Barat",2023,"Labour Model 7","L7","labour",10.7,-2.3675
"Sulawesi Barat",2023,"Labour Model 7","L7","labour",1.4,-3.1807
"Nusa Tenggara Timur",2023,"Labour Model 7","L7","labour",0,-3.2992
"DKI Jakarta",2024,"Labour Model 7","L7","labour",100,4.6633
"Kepulauan Riau",2024,"Labour Model 7","L7","labour",96,4.3248
"Kalimantan Timur",2024,"Labour Model 7","L7","labour",77.8,2.784
"Banten",2024,"Labour Model 7","L7","labour",76.1,2.6463
"Bali",2024,"Labour Model 7","L7","labour",71.3,2.2407
"Jawa Barat",2024,"Labour Model 7","L7","labour",62.9,1.5287
"Kalimantan Tengah",2024,"Labour Model 7","L7","labour",58.8,1.1777
"Kalimantan Utara",2024,"Labour Model 7","L7","labour",58.4,1.1474
"Sulawesi Utara",2024,"Labour Model 7","L7","labour",57.9,1.1062
"DI Yogyakarta",2024,"Labour Model 7","L7","labour",57.7,1.0872
"Bangka Belitung",2024,"Labour Model 7","L7","labour",57.3,1.0532
"Papua",2024,"Labour Model 7","L7","labour",53.7,0.7494
"Kalimantan Selatan",2024,"Labour Model 7","L7","labour",49.7,0.4111
"Jawa Tengah",2024,"Labour Model 7","L7","labour",48.9,0.3389
"Gorontalo",2024,"Labour Model 7","L7","labour",45.7,0.0696
"Riau",2024,"Labour Model 7","L7","labour",44.9,6e-04
"Jawa Timur",2024,"Labour Model 7","L7","labour",44.3,-0.0447
"Sumatera Utara",2024,"Labour Model 7","L7","labour",43.4,-0.12
"Papua Barat Daya",2024,"Labour Model 7","L7","labour",42.8,-0.1775
"Maluku Utara",2024,"Labour Model 7","L7","labour",42.3,-0.2158
"Sulawesi Selatan",2024,"Labour Model 7","L7","labour",40.8,-0.3459
"Jambi",2024,"Labour Model 7","L7","labour",39.8,-0.4272
"Sulawesi Tenggara",2024,"Labour Model 7","L7","labour",39.6,-0.4464
"Sulawesi Tengah",2024,"Labour Model 7","L7","labour",38.4,-0.5475
"Kalimantan Barat",2024,"Labour Model 7","L7","labour",38.3,-0.5562
"Papua Selatan",2024,"Labour Model 7","L7","labour",37.5,-0.6176
"Sumatera Barat",2024,"Labour Model 7","L7","labour",35.5,-0.7906
"Papua Barat",2024,"Labour Model 7","L7","labour",34.8,-0.8516
"Maluku",2024,"Labour Model 7","L7","labour",33.7,-0.9392
"Sumatera Selatan",2024,"Labour Model 7","L7","labour",32.4,-1.0489
"Bengkulu",2024,"Labour Model 7","L7","labour",30,-1.2574
"Lampung",2024,"Labour Model 7","L7","labour",27.8,-1.4455
"Aceh",2024,"Labour Model 7","L7","labour",25.7,-1.6207
"Papua Tengah",2024,"Labour Model 7","L7","labour",22.1,-1.927
"Nusa Tenggara Barat",2024,"Labour Model 7","L7","labour",18.7,-2.2098
"Sulawesi Barat",2024,"Labour Model 7","L7","labour",14.4,-2.5733
"Nusa Tenggara Timur",2024,"Labour Model 7","L7","labour",4.9,-3.3744
"Papua Pegunungan",2024,"Labour Model 7","L7","labour",0,-3.7922
"DKI Jakarta",2025,"Labour Model 7","L7","labour",100,4.8035
"Kepulauan Riau",2025,"Labour Model 7","L7","labour",89.5,3.8459
"Kalimantan Timur",2025,"Labour Model 7","L7","labour",75.3,2.5457
"Banten",2025,"Labour Model 7","L7","labour",73.9,2.4145
"Bali",2025,"Labour Model 7","L7","labour",72.2,2.2639
"Kalimantan Utara",2025,"Labour Model 7","L7","labour",65.8,1.6801
"Jawa Barat",2025,"Labour Model 7","L7","labour",61.8,1.3176
"Papua Barat Daya",2025,"Labour Model 7","L7","labour",59.2,1.0722
"DI Yogyakarta",2025,"Labour Model 7","L7","labour",59,1.0579
"Kalimantan Tengah",2025,"Labour Model 7","L7","labour",58.5,1.0075
"Bangka Belitung",2025,"Labour Model 7","L7","labour",57.7,0.9355
"Papua",2025,"Labour Model 7","L7","labour",57,0.8712
"Sulawesi Utara",2025,"Labour Model 7","L7","labour",57,0.8725
"Kalimantan Selatan",2025,"Labour Model 7","L7","labour",52.3,0.4417
"Gorontalo",2025,"Labour Model 7","L7","labour",52,0.4164
"Jawa Tengah",2025,"Labour Model 7","L7","labour",51.5,0.3725
"Jawa Timur",2025,"Labour Model 7","L7","labour",48.6,0.1079
"Riau",2025,"Labour Model 7","L7","labour",48.6,0.1041
"Papua Selatan",2025,"Labour Model 7","L7","labour",47.3,-0.0118
"Sumatera Utara",2025,"Labour Model 7","L7","labour",46.7,-0.0643
"Sulawesi Tenggara",2025,"Labour Model 7","L7","labour",45.2,-0.2018
"Sulawesi Selatan",2025,"Labour Model 7","L7","labour",43.5,-0.3609
"Kalimantan Barat",2025,"Labour Model 7","L7","labour",41.3,-0.5625
"Jambi",2025,"Labour Model 7","L7","labour",41.2,-0.5666
"Maluku Utara",2025,"Labour Model 7","L7","labour",41.1,-0.5772
"Sulawesi Tengah",2025,"Labour Model 7","L7","labour",40.8,-0.6038
"Sumatera Barat",2025,"Labour Model 7","L7","labour",37.3,-0.9213
"Papua Barat",2025,"Labour Model 7","L7","labour",37,-0.9486
"Sumatera Selatan",2025,"Labour Model 7","L7","labour",37,-0.9528
"Maluku",2025,"Labour Model 7","L7","labour",36.1,-1.031
"Bengkulu",2025,"Labour Model 7","L7","labour",33.2,-1.2981
"Lampung",2025,"Labour Model 7","L7","labour",29.5,-1.6407
"Aceh",2025,"Labour Model 7","L7","labour",28.3,-1.7522
"Nusa Tenggara Barat",2025,"Labour Model 7","L7","labour",26.3,-1.9268
"Nusa Tenggara Timur",2025,"Labour Model 7","L7","labour",22.9,-2.2423
"Sulawesi Barat",2025,"Labour Model 7","L7","labour",21.7,-2.3546
"Papua Pegunungan",2025,"Labour Model 7","L7","labour",6.1,-3.7798
"Papua Tengah",2025,"Labour Model 7","L7","labour",0,-4.3338
"DKI Jakarta",2022,"Labour Model 7 (TPT)","L7t","labour",100,5.4199
"Banten",2022,"Labour Model 7 (TPT)","L7t","labour",82.9,3.9081
"Jawa Barat",2022,"Labour Model 7 (TPT)","L7t","labour",70.4,2.8102
"Kalimantan Timur",2022,"Labour Model 7 (TPT)","L7t","labour",69,2.6855
"Bangka Belitung",2022,"Labour Model 7 (TPT)","L7t","labour",55.7,1.5141
"Sulawesi Utara",2022,"Labour Model 7 (TPT)","L7t","labour",55.7,1.5103
"Kalimantan Utara",2022,"Labour Model 7 (TPT)","L7t","labour",50.1,1.0183
"Bali",2022,"Labour Model 7 (TPT)","L7t","labour",49.2,0.9379
"Kalimantan Tengah",2022,"Labour Model 7 (TPT)","L7t","labour",45.5,0.6118
"DI Yogyakarta",2022,"Labour Model 7 (TPT)","L7t","labour",44.8,0.5468
"Jawa Tengah",2022,"Labour Model 7 (TPT)","L7t","labour",44.7,0.5392
"Sumatera Utara",2022,"Labour Model 7 (TPT)","L7t","labour",43.7,0.4518
"Jawa Timur",2022,"Labour Model 7 (TPT)","L7t","labour",38.5,-0.0036
"Sumatera Barat",2022,"Labour Model 7 (TPT)","L7t","labour",38.5,-0.0078
"Riau",2022,"Labour Model 7 (TPT)","L7t","labour",36.8,-0.1595
"Maluku",2022,"Labour Model 7 (TPT)","L7t","labour",36.6,-0.1721
"Kalimantan Selatan",2022,"Labour Model 7 (TPT)","L7t","labour",36.2,-0.208
"Papua Barat",2022,"Labour Model 7 (TPT)","L7t","labour",35.3,-0.287
"Sulawesi Selatan",2022,"Labour Model 7 (TPT)","L7t","labour",32.7,-0.521
"Aceh",2022,"Labour Model 7 (TPT)","L7t","labour",32.6,-0.5244
"Kalimantan Barat",2022,"Labour Model 7 (TPT)","L7t","labour",31.9,-0.5863
"Maluku Utara",2022,"Labour Model 7 (TPT)","L7t","labour",31.7,-0.6086
"Sulawesi Tenggara",2022,"Labour Model 7 (TPT)","L7t","labour",31.4,-0.6355
"Gorontalo",2022,"Labour Model 7 (TPT)","L7t","labour",31.3,-0.6397
"Sumatera Selatan",2022,"Labour Model 7 (TPT)","L7t","labour",29,-0.8508
"Jambi",2022,"Labour Model 7 (TPT)","L7t","labour",27.2,-1.0016
"Sulawesi Tengah",2022,"Labour Model 7 (TPT)","L7t","labour",23.1,-1.3633
"Bengkulu",2022,"Labour Model 7 (TPT)","L7t","labour",22.3,-1.4421
"Lampung",2022,"Labour Model 7 (TPT)","L7t","labour",22.2,-1.4433
"Nusa Tenggara Barat",2022,"Labour Model 7 (TPT)","L7t","labour",16.4,-1.9567
"Nusa Tenggara Timur",2022,"Labour Model 7 (TPT)","L7t","labour",4.8,-2.9784
"Papua",2022,"Labour Model 7 (TPT)","L7t","labour",2.8,-3.1585
"Sulawesi Barat",2022,"Labour Model 7 (TPT)","L7t","labour",0,-3.4059
"DKI Jakarta",2023,"Labour Model 7 (TPT)","L7t","labour",100,5.6949
"Banten",2023,"Labour Model 7 (TPT)","L7t","labour",78.8,3.7856
"Kalimantan Timur",2023,"Labour Model 7 (TPT)","L7t","labour",68.8,2.8845
"Jawa Barat",2023,"Labour Model 7 (TPT)","L7t","labour",64,2.4503
"Sulawesi Utara",2023,"Labour Model 7 (TPT)","L7t","labour",51,1.2802
"Bangka Belitung",2023,"Labour Model 7 (TPT)","L7t","labour",50.6,1.2436
"Bali",2023,"Labour Model 7 (TPT)","L7t","labour",50.3,1.2195
"Kalimantan Utara",2023,"Labour Model 7 (TPT)","L7t","labour",48.9,1.0882
"Kalimantan Tengah",2023,"Labour Model 7 (TPT)","L7t","labour",43.8,0.6296
"DI Yogyakarta",2023,"Labour Model 7 (TPT)","L7t","labour",41.2,0.3968
"Papua Barat",2023,"Labour Model 7 (TPT)","L7t","labour",39.2,0.216
"Jawa Tengah",2023,"Labour Model 7 (TPT)","L7t","labour",39,0.1988
"Kalimantan Selatan",2023,"Labour Model 7 (TPT)","L7t","labour",37.8,0.0927
"Sumatera Utara",2023,"Labour Model 7 (TPT)","L7t","labour",37.3,0.0425
"Maluku Utara",2023,"Labour Model 7 (TPT)","L7t","labour",37.1,0.0276
"Riau",2023,"Labour Model 7 (TPT)","L7t","labour",36.3,-0.0413
"Maluku",2023,"Labour Model 7 (TPT)","L7t","labour",35.3,-0.1349
"Jawa Timur",2023,"Labour Model 7 (TPT)","L7t","labour",33.7,-0.2795
"Sumatera Barat",2023,"Labour Model 7 (TPT)","L7t","labour",33.2,-0.3255
"Gorontalo",2023,"Labour Model 7 (TPT)","L7t","labour",30.5,-0.5697
"Aceh",2023,"Labour Model 7 (TPT)","L7t","labour",29.4,-0.6684
"Kalimantan Barat",2023,"Labour Model 7 (TPT)","L7t","labour",29.3,-0.6707
"Sulawesi Tenggara",2023,"Labour Model 7 (TPT)","L7t","labour",29.1,-0.6916
"Sulawesi Selatan",2023,"Labour Model 7 (TPT)","L7t","labour",29,-0.7051
"Sumatera Selatan",2023,"Labour Model 7 (TPT)","L7t","labour",26.1,-0.9663
"Jambi",2023,"Labour Model 7 (TPT)","L7t","labour",22.7,-1.2671
"Sulawesi Tengah",2023,"Labour Model 7 (TPT)","L7t","labour",22.7,-1.2656
"Bengkulu",2023,"Labour Model 7 (TPT)","L7t","labour",19.5,-1.5605
"Lampung",2023,"Labour Model 7 (TPT)","L7t","labour",18.2,-1.6726
"Nusa Tenggara Barat",2023,"Labour Model 7 (TPT)","L7t","labour",16.2,-1.8556
"Papua",2023,"Labour Model 7 (TPT)","L7t","labour",13.9,-2.0593
"Nusa Tenggara Timur",2023,"Labour Model 7 (TPT)","L7t","labour",1.2,-3.2025
"Sulawesi Barat",2023,"Labour Model 7 (TPT)","L7t","labour",0,-3.3142
"DKI Jakarta",2024,"Labour Model 7 (TPT)","L7t","labour",100,4.4781
"Kepulauan Riau",2024,"Labour Model 7 (TPT)","L7t","labour",97.4,4.2325
"Banten",2024,"Labour Model 7 (TPT)","L7t","labour",84.8,3.0233
"Kalimantan Timur",2024,"Labour Model 7 (TPT)","L7t","labour",78.8,2.4538
"Jawa Barat",2024,"Labour Model 7 (TPT)","L7t","labour",75.1,2.094
"Papua",2024,"Labour Model 7 (TPT)","L7t","labour",66.7,1.2867
"Sulawesi Utara",2024,"Labour Model 7 (TPT)","L7t","labour",66.6,1.2835
"Papua Barat Daya",2024,"Labour Model 7 (TPT)","L7t","labour",64.3,1.0584
"Bangka Belitung",2024,"Labour Model 7 (TPT)","L7t","labour",63.7,1.0013
"Kalimantan Utara",2024,"Labour Model 7 (TPT)","L7t","labour",61.2,0.7603
"Bali",2024,"Labour Model 7 (TPT)","L7t","labour",60.9,0.7378
"Kalimantan Tengah",2024,"Labour Model 7 (TPT)","L7t","labour",60.8,0.7306
"DI Yogyakarta",2024,"Labour Model 7 (TPT)","L7t","labour",58.6,0.5159
"Jawa Tengah",2024,"Labour Model 7 (TPT)","L7t","labour",57.3,0.3882
"Sumatera Utara",2024,"Labour Model 7 (TPT)","L7t","labour",56.3,0.2955
"Kalimantan Selatan",2024,"Labour Model 7 (TPT)","L7t","labour",56,0.2711
"Maluku",2024,"Labour Model 7 (TPT)","L7t","labour",53.7,0.0431
"Sumatera Barat",2024,"Labour Model 7 (TPT)","L7t","labour",52.9,-0.0291
"Riau",2024,"Labour Model 7 (TPT)","L7t","labour",52.3,-0.0898
"Maluku Utara",2024,"Labour Model 7 (TPT)","L7t","labour",50.9,-0.2208
"Jawa Timur",2024,"Labour Model 7 (TPT)","L7t","labour",50.8,-0.2339
"Gorontalo",2024,"Labour Model 7 (TPT)","L7t","labour",50.6,-0.245
"Jambi",2024,"Labour Model 7 (TPT)","L7t","labour",49.2,-0.3875
"Kalimantan Barat",2024,"Labour Model 7 (TPT)","L7t","labour",48.7,-0.4288
"Sulawesi Selatan",2024,"Labour Model 7 (TPT)","L7t","labour",48.6,-0.4406
"Aceh",2024,"Labour Model 7 (TPT)","L7t","labour",48,-0.5031
"Papua Barat",2024,"Labour Model 7 (TPT)","L7t","labour",46.6,-0.6284
"Sulawesi Tenggara",2024,"Labour Model 7 (TPT)","L7t","labour",45.2,-0.7641
"Sulawesi Tengah",2024,"Labour Model 7 (TPT)","L7t","labour",43.9,-0.8929
"Papua Selatan",2024,"Labour Model 7 (TPT)","L7t","labour",43.5,-0.9313
"Sumatera Selatan",2024,"Labour Model 7 (TPT)","L7t","labour",42.7,-1.0073
"Lampung",2024,"Labour Model 7 (TPT)","L7t","labour",39.6,-1.3019
"Bengkulu",2024,"Labour Model 7 (TPT)","L7t","labour",38.6,-1.3978
"Nusa Tenggara Barat",2024,"Labour Model 7 (TPT)","L7t","labour",34.8,-1.7598
"Sulawesi Barat",2024,"Labour Model 7 (TPT)","L7t","labour",26.7,-2.5361
"Nusa Tenggara Timur",2024,"Labour Model 7 (TPT)","L7t","labour",23.1,-2.8791
"Papua Tengah",2024,"Labour Model 7 (TPT)","L7t","labour",23.1,-2.8845
"Papua Pegunungan",2024,"Labour Model 7 (TPT)","L7t","labour",0,-5.0922
"DKI Jakarta",2025,"Labour Model 7 (TPT)","L7t","labour",100,4.5803
"Kepulauan Riau",2025,"Labour Model 7 (TPT)","L7t","labour",93.6,3.9667
"Banten",2025,"Labour Model 7 (TPT)","L7t","labour",81.7,2.8151
"Kalimantan Timur",2025,"Labour Model 7 (TPT)","L7t","labour",77.3,2.3929
"Jawa Barat",2025,"Labour Model 7 (TPT)","L7t","labour",72.9,1.9694
"Papua",2025,"Labour Model 7 (TPT)","L7t","labour",69.2,1.6142
"Papua Barat Daya",2025,"Labour Model 7 (TPT)","L7t","labour",69.2,1.6085
"Sulawesi Utara",2025,"Labour Model 7 (TPT)","L7t","labour",65.1,1.2182
"Kalimantan Utara",2025,"Labour Model 7 (TPT)","L7t","labour",62.8,0.9924
"Bangka Belitung",2025,"Labour Model 7 (TPT)","L7t","labour",60.8,0.7965
"Bali",2025,"Labour Model 7 (TPT)","L7t","labour",59.6,0.685
"Kalimantan Tengah",2025,"Labour Model 7 (TPT)","L7t","labour",58,0.5344
"DI Yogyakarta",2025,"Labour Model 7 (TPT)","L7t","labour",56.7,0.4044
"Sumatera Utara",2025,"Labour Model 7 (TPT)","L7t","labour",55.2,0.2564
"Kalimantan Selatan",2025,"Labour Model 7 (TPT)","L7t","labour",54.9,0.2323
"Jawa Tengah",2025,"Labour Model 7 (TPT)","L7t","labour",54.8,0.2262
"Riau",2025,"Labour Model 7 (TPT)","L7t","labour",53.6,0.1064
"Gorontalo",2025,"Labour Model 7 (TPT)","L7t","labour",51.5,-0.1002
"Maluku",2025,"Labour Model 7 (TPT)","L7t","labour",51.5,-0.0965
"Maluku Utara",2025,"Labour Model 7 (TPT)","L7t","labour",50.2,-0.2233
"Sumatera Barat",2025,"Labour Model 7 (TPT)","L7t","labour",49.5,-0.2903
"Jawa Timur",2025,"Labour Model 7 (TPT)","L7t","labour",49.2,-0.3181
"Papua Selatan",2025,"Labour Model 7 (TPT)","L7t","labour",48.1,-0.4225
"Kalimantan Barat",2025,"Labour Model 7 (TPT)","L7t","labour",47.6,-0.4751
"Sulawesi Selatan",2025,"Labour Model 7 (TPT)","L7t","labour",47.3,-0.5001
"Jambi",2025,"Labour Model 7 (TPT)","L7t","labour",47.1,-0.5154
"Sulawesi Tenggara",2025,"Labour Model 7 (TPT)","L7t","labour",46.5,-0.5812
"Aceh",2025,"Labour Model 7 (TPT)","L7t","labour",45.5,-0.6706
"Papua Barat",2025,"Labour Model 7 (TPT)","L7t","labour",44.9,-0.7325
"Sulawesi Tengah",2025,"Labour Model 7 (TPT)","L7t","labour",41.2,-1.0898
"Sumatera Selatan",2025,"Labour Model 7 (TPT)","L7t","labour",41.1,-1.1025
"Lampung",2025,"Labour Model 7 (TPT)","L7t","labour",38.8,-1.3169
"Bengkulu",2025,"Labour Model 7 (TPT)","L7t","labour",37.8,-1.4201
"Nusa Tenggara Barat",2025,"Labour Model 7 (TPT)","L7t","labour",36.5,-1.5393
"Nusa Tenggara Timur",2025,"Labour Model 7 (TPT)","L7t","labour",30.3,-2.1386
"Sulawesi Barat",2025,"Labour Model 7 (TPT)","L7t","labour",27.6,-2.4003
"Papua Tengah",2025,"Labour Model 7 (TPT)","L7t","labour",17.2,-3.4053
"Papua Pegunungan",2025,"Labour Model 7 (TPT)","L7t","labour",0,-5.0608
"DKI Jakarta",2022,"Labour Model 9","L9","labour",100,4.4048
"Kepulauan Riau",2022,"Labour Model 9","L9","labour",94,3.9318
"Banten",2022,"Labour Model 9","L9","labour",85.6,3.2764
"Kalimantan Timur",2022,"Labour Model 9","L9","labour",71.7,2.1887
"Jawa Barat",2022,"Labour Model 9","L9","labour",67.7,1.87
"Bangka Belitung",2022,"Labour Model 9","L9","labour",64.6,1.6321
"Bali",2022,"Labour Model 9","L9","labour",58.6,1.1604
"Kalimantan Utara",2022,"Labour Model 9","L9","labour",57.8,1.096
"Kalimantan Tengah",2022,"Labour Model 9","L9","labour",55.2,0.8981
"DI Yogyakarta",2022,"Labour Model 9","L9","labour",54.3,0.8263
"Sulawesi Utara",2022,"Labour Model 9","L9","labour",54.2,0.8192
"Jawa Tengah",2022,"Labour Model 9","L9","labour",53.7,0.7763
"Jawa Timur",2022,"Labour Model 9","L9","labour",45,0.0923
"Sumatera Utara",2022,"Labour Model 9","L9","labour",44.7,0.0702
"Gorontalo",2022,"Labour Model 9","L9","labour",43.8,-0.0012
"Riau",2022,"Labour Model 9","L9","labour",42.3,-0.1196
"Sulawesi Selatan",2022,"Labour Model 9","L9","labour",39.9,-0.3049
"Kalimantan Selatan",2022,"Labour Model 9","L9","labour",38.9,-0.3822
"Kalimantan Barat",2022,"Labour Model 9","L9","labour",37,-0.5331
"Maluku Utara",2022,"Labour Model 9","L9","labour",36.6,-0.5668
"Sulawesi Tenggara",2022,"Labour Model 9","L9","labour",36.1,-0.599
"Sumatera Selatan",2022,"Labour Model 9","L9","labour",35.6,-0.6376
"Sulawesi Tengah",2022,"Labour Model 9","L9","labour",33.7,-0.792
"Sumatera Barat",2022,"Labour Model 9","L9","labour",33.7,-0.7881
"Jambi",2022,"Labour Model 9","L9","labour",32.9,-0.8561
"Bengkulu",2022,"Labour Model 9","L9","labour",29.8,-1.0938
"Lampung",2022,"Labour Model 9","L9","labour",29.4,-1.1263
"Aceh",2022,"Labour Model 9","L9","labour",24.9,-1.4795
"Papua Barat",2022,"Labour Model 9","L9","labour",24.4,-1.5226
"Papua",2022,"Labour Model 9","L9","labour",24,-1.5494
"Maluku",2022,"Labour Model 9","L9","labour",23.2,-1.6155
"Nusa Tenggara Barat",2022,"Labour Model 9","L9","labour",11.1,-2.5598
"Nusa Tenggara Timur",2022,"Labour Model 9","L9","labour",4.4,-3.0841
"Sulawesi Barat",2022,"Labour Model 9","L9","labour",0,-3.4309
"DKI Jakarta",2023,"Labour Model 9","L9","labour",100,4.7032
"Kepulauan Riau",2023,"Labour Model 9","L9","labour",94.8,4.2996
"Banten",2023,"Labour Model 9","L9","labour",79.2,3.0963
"Kalimantan Timur",2023,"Labour Model 9","L9","labour",72.9,2.6024
"Bali",2023,"Labour Model 9","L9","labour",65.7,2.0495
"Jawa Barat",2023,"Labour Model 9","L9","labour",60.2,1.6256
"Kalimantan Utara",2023,"Labour Model 9","L9","labour",55.7,1.2781
"Bangka Belitung",2023,"Labour Model 9","L9","labour",52.7,1.0398
"Sulawesi Utara",2023,"Labour Model 9","L9","labour",48.9,0.7457
"Kalimantan Tengah",2023,"Labour Model 9","L9","labour",47.9,0.6703
"DI Yogyakarta",2023,"Labour Model 9","L9","labour",45,0.4476
"Maluku Utara",2023,"Labour Model 9","L9","labour",44.5,0.4076
"Jawa Tengah",2023,"Labour Model 9","L9","labour",43.2,0.3082
"Jawa Timur",2023,"Labour Model 9","L9","labour",39.6,0.0278
"Kalimantan Selatan",2023,"Labour Model 9","L9","labour",39,-0.0216
"Papua Barat",2023,"Labour Model 9","L9","labour",38.4,-0.0638
"Riau",2023,"Labour Model 9","L9","labour",37.3,-0.1467
"Sumatera Utara",2023,"Labour Model 9","L9","labour",35.9,-0.2609
"Kalimantan Barat",2023,"Labour Model 9","L9","labour",33,-0.4794
"Gorontalo",2023,"Labour Model 9","L9","labour",31,-0.6349
"Sulawesi Selatan",2023,"Labour Model 9","L9","labour",31,-0.6398
"Sulawesi Tengah",2023,"Labour Model 9","L9","labour",28.2,-0.8507
"Sumatera Selatan",2023,"Labour Model 9","L9","labour",27.3,-0.9202
"Papua",2023,"Labour Model 9","L9","labour",25,-1.1023
"Sulawesi Tenggara",2023,"Labour Model 9","L9","labour",24.5,-1.1383
"Maluku",2023,"Labour Model 9","L9","labour",24,-1.1798
"Sumatera Barat",2023,"Labour Model 9","L9","labour",23.7,-1.2019
"Bengkulu",2023,"Labour Model 9","L9","labour",19.8,-1.5077
"Jambi",2023,"Labour Model 9","L9","labour",19.8,-1.508
"Aceh",2023,"Labour Model 9","L9","labour",18.7,-1.5906
"Lampung",2023,"Labour Model 9","L9","labour",18.6,-1.5973
"Nusa Tenggara Barat",2023,"Labour Model 9","L9","labour",7.8,-2.4303
"Nusa Tenggara Timur",2023,"Labour Model 9","L9","labour",0.6,-2.9904
"Sulawesi Barat",2023,"Labour Model 9","L9","labour",0,-3.037
"Kepulauan Riau",2024,"Labour Model 9","L9","labour",100,4.5542
"DKI Jakarta",2024,"Labour Model 9","L9","labour",93.6,4.0614
"Banten",2024,"Labour Model 9","L9","labour",77.8,2.8288
"Kalimantan Timur",2024,"Labour Model 9","L9","labour",71.4,2.3372
"Bali",2024,"Labour Model 9","L9","labour",69.6,2.1969
"Jawa Barat",2024,"Labour Model 9","L9","labour",61,1.5284
"DI Yogyakarta",2024,"Labour Model 9","L9","labour",55.5,1.1043
"Kalimantan Tengah",2024,"Labour Model 9","L9","labour",54.6,1.0345
"Kalimantan Utara",2024,"Labour Model 9","L9","labour",54.4,1.017
"Sulawesi Utara",2024,"Labour Model 9","L9","labour",53,0.9037
"Bangka Belitung",2024,"Labour Model 9","L9","labour",50.6,0.7171
"Jawa Tengah",2024,"Labour Model 9","L9","labour",50.1,0.6807
"Papua",2024,"Labour Model 9","L9","labour",46.8,0.4238
"Maluku Utara",2024,"Labour Model 9","L9","labour",45.7,0.34
"Jawa Timur",2024,"Labour Model 9","L9","labour",43.5,0.1681
"Kalimantan Selatan",2024,"Labour Model 9","L9","labour",43.4,0.1591
"Riau",2024,"Labour Model 9","L9","labour",40.4,-0.0672
"Gorontalo",2024,"Labour Model 9","L9","labour",39.9,-0.1126
"Sumatera Utara",2024,"Labour Model 9","L9","labour",38.4,-0.2253
"Papua Selatan",2024,"Labour Model 9","L9","labour",36.2,-0.3986
"Sulawesi Selatan",2024,"Labour Model 9","L9","labour",36.2,-0.3976
"Jambi",2024,"Labour Model 9","L9","labour",35.6,-0.4437
"Sulawesi Tengah",2024,"Labour Model 9","L9","labour",35.3,-0.4667
"Kalimantan Barat",2024,"Labour Model 9","L9","labour",34.9,-0.5008
"Sulawesi Tenggara",2024,"Labour Model 9","L9","labour",34.6,-0.519
"Papua Barat Daya",2024,"Labour Model 9","L9","labour",34.5,-0.5253
"Papua Barat",2024,"Labour Model 9","L9","labour",29,-0.9569
"Sumatera Barat",2024,"Labour Model 9","L9","labour",28.8,-0.9676
"Sumatera Selatan",2024,"Labour Model 9","L9","labour",28.4,-1.0044
"Maluku",2024,"Labour Model 9","L9","labour",28.1,-1.0242
"Papua Tengah",2024,"Labour Model 9","L9","labour",26.4,-1.1605
"Bengkulu",2024,"Labour Model 9","L9","labour",24.6,-1.2974
"Lampung",2024,"Labour Model 9","L9","labour",23.1,-1.4153
"Aceh",2024,"Labour Model 9","L9","labour",17.6,-1.8409
"Nusa Tenggara Barat",2024,"Labour Model 9","L9","labour",10.8,-2.3652
"Sulawesi Barat",2024,"Labour Model 9","L9","labour",9.5,-2.4703
"Papua Pegunungan",2024,"Labour Model 9","L9","labour",6.6,-2.6901
"Nusa Tenggara Timur",2024,"Labour Model 9","L9","labour",0,-3.2058
"DKI Jakarta",2025,"Labour Model 9","L9","labour",100,4.4856
"Kepulauan Riau",2025,"Labour Model 9","L9","labour",96.7,4.2041
"Banten",2025,"Labour Model 9","L9","labour",78.2,2.614
"Bali",2025,"Labour Model 9","L9","labour",74.1,2.2583
"Kalimantan Timur",2025,"Labour Model 9","L9","labour",74,2.2529
"Kalimantan Utara",2025,"Labour Model 9","L9","labour",67.9,1.7306
"Jawa Barat",2025,"Labour Model 9","L9","labour",62,1.2259
"DI Yogyakarta",2025,"Labour Model 9","L9","labour",59.7,1.0263
"Kalimantan Tengah",2025,"Labour Model 9","L9","labour",58.1,0.8889
"Papua Barat Daya",2025,"Labour Model 9","L9","labour",57.1,0.8034
"Bangka Belitung",2025,"Labour Model 9","L9","labour",55.9,0.6996
"Sulawesi Utara",2025,"Labour Model 9","L9","labour",55.3,0.6443
"Jawa Tengah",2025,"Labour Model 9","L9","labour",54.6,0.5874
"Papua",2025,"Labour Model 9","L9","labour",53.8,0.5168
"Jawa Timur",2025,"Labour Model 9","L9","labour",50.3,0.2181
"Kalimantan Selatan",2025,"Labour Model 9","L9","labour",49.7,0.1715
"Gorontalo",2025,"Labour Model 9","L9","labour",49.6,0.1587
"Papua Selatan",2025,"Labour Model 9","L9","labour",49.1,0.1184
"Riau",2025,"Labour Model 9","L9","labour",47.7,-0.0057
"Sumatera Utara",2025,"Labour Model 9","L9","labour",44.8,-0.253
"Maluku Utara",2025,"Labour Model 9","L9","labour",43.5,-0.3606
"Sulawesi Tenggara",2025,"Labour Model 9","L9","labour",43.1,-0.3963
"Sulawesi Selatan",2025,"Labour Model 9","L9","labour",41.8,-0.5136
"Jambi",2025,"Labour Model 9","L9","labour",40.4,-0.6335
"Kalimantan Barat",2025,"Labour Model 9","L9","labour",40.4,-0.6332
"Sulawesi Tengah",2025,"Labour Model 9","L9","labour",39.8,-0.6796
"Sumatera Selatan",2025,"Labour Model 9","L9","labour",36.3,-0.9864
"Papua Barat",2025,"Labour Model 9","L9","labour",33.7,-1.2037
"Sumatera Barat",2025,"Labour Model 9","L9","labour",33.7,-1.2039
"Maluku",2025,"Labour Model 9","L9","labour",33.1,-1.2541
"Bengkulu",2025,"Labour Model 9","L9","labour",30.9,-1.4491
"Lampung",2025,"Labour Model 9","L9","labour",27,-1.7817
"Aceh",2025,"Labour Model 9","L9","labour",23.2,-2.104
"Nusa Tenggara Barat",2025,"Labour Model 9","L9","labour",21.1,-2.2902
"Nusa Tenggara Timur",2025,"Labour Model 9","L9","labour",20.6,-2.3317
"Sulawesi Barat",2025,"Labour Model 9","L9","labour",19.5,-2.4252
"Papua Tengah",2025,"Labour Model 9","L9","labour",0,-4.0991
"DKI Jakarta",2022,"Labour Model 9 (TPT)","L9t","labour",100,4.6533
"Banten",2022,"Labour Model 9 (TPT)","L9t","labour",92.6,4.0699
"Jawa Barat",2022,"Labour Model 9 (TPT)","L9t","labour",77.1,2.8439
"Kalimantan Timur",2022,"Labour Model 9 (TPT)","L9t","labour",69.7,2.2539
"Sulawesi Utara",2022,"Labour Model 9 (TPT)","L9t","labour",57.9,1.3261
"Bangka Belitung",2022,"Labour Model 9 (TPT)","L9t","labour",55.3,1.1208
"Kalimantan Utara",2022,"Labour Model 9 (TPT)","L9t","labour",52.9,0.9269
"Jawa Tengah",2022,"Labour Model 9 (TPT)","L9t","labour",51.5,0.8169
"Bali",2022,"Labour Model 9 (TPT)","L9t","labour",50.5,0.7369
"Kalimantan Tengah",2022,"Labour Model 9 (TPT)","L9t","labour",48.1,0.5477
"Sumatera Utara",2022,"Labour Model 9 (TPT)","L9t","labour",47.6,0.5123
"DI Yogyakarta",2022,"Labour Model 9 (TPT)","L9t","labour",45.1,0.3117
"Jawa Timur",2022,"Labour Model 9 (TPT)","L9t","labour",42.8,0.1326
"Sumatera Barat",2022,"Labour Model 9 (TPT)","L9t","labour",40.7,-0.036
"Riau",2022,"Labour Model 9 (TPT)","L9t","labour",39.7,-0.1175
"Maluku",2022,"Labour Model 9 (TPT)","L9t","labour",39.2,-0.1518
"Kalimantan Barat",2022,"Labour Model 9 (TPT)","L9t","labour",36.5,-0.3715
"Kalimantan Selatan",2022,"Labour Model 9 (TPT)","L9t","labour",36.1,-0.4001
"Maluku Utara",2022,"Labour Model 9 (TPT)","L9t","labour",36.1,-0.4007
"Papua Barat",2022,"Labour Model 9 (TPT)","L9t","labour",35.7,-0.4321
"Aceh",2022,"Labour Model 9 (TPT)","L9t","labour",35.3,-0.4608
"Sulawesi Selatan",2022,"Labour Model 9 (TPT)","L9t","labour",34.8,-0.5046
"Sumatera Selatan",2022,"Labour Model 9 (TPT)","L9t","labour",32.8,-0.6635
"Gorontalo",2022,"Labour Model 9 (TPT)","L9t","labour",30.9,-0.8111
"Sulawesi Tenggara",2022,"Labour Model 9 (TPT)","L9t","labour",30.8,-0.8238
"Jambi",2022,"Labour Model 9 (TPT)","L9t","labour",30.7,-0.8248
"Sulawesi Tengah",2022,"Labour Model 9 (TPT)","L9t","labour",25.4,-1.2434
"Lampung",2022,"Labour Model 9 (TPT)","L9t","labour",25.3,-1.254
"Bengkulu",2022,"Labour Model 9 (TPT)","L9t","labour",24.7,-1.3059
"Nusa Tenggara Barat",2022,"Labour Model 9 (TPT)","L9t","labour",14.2,-2.1332
"Papua",2022,"Labour Model 9 (TPT)","L9t","labour",10.2,-2.4495
"Nusa Tenggara Timur",2022,"Labour Model 9 (TPT)","L9t","labour",8.1,-2.6122
"Sulawesi Barat",2022,"Labour Model 9 (TPT)","L9t","labour",0,-3.2562
"DKI Jakarta",2023,"Labour Model 9 (TPT)","L9t","labour",100,5.0274
"Banten",2023,"Labour Model 9 (TPT)","L9t","labour",85.7,3.8443
"Kalimantan Timur",2023,"Labour Model 9 (TPT)","L9t","labour",69,2.4685
"Jawa Barat",2023,"Labour Model 9 (TPT)","L9t","labour",68.6,2.4357
"Sulawesi Utara",2023,"Labour Model 9 (TPT)","L9t","labour",52.3,1.0937
"Kalimantan Utara",2023,"Labour Model 9 (TPT)","L9t","labour",51.4,1.0168
"Bangka Belitung",2023,"Labour Model 9 (TPT)","L9t","labour",50,0.9013
"Bali",2023,"Labour Model 9 (TPT)","L9t","labour",49.8,0.8848
"Kalimantan Tengah",2023,"Labour Model 9 (TPT)","L9t","labour",45.7,0.5469
"Maluku Utara",2023,"Labour Model 9 (TPT)","L9t","labour",43.6,0.3788
"Jawa Tengah",2023,"Labour Model 9 (TPT)","L9t","labour",43,0.3245
"Papua Barat",2023,"Labour Model 9 (TPT)","L9t","labour",40.3,0.1032
"Sumatera Utara",2023,"Labour Model 9 (TPT)","L9t","labour",39.9,0.0661
"Riau",2023,"Labour Model 9 (TPT)","L9t","labour",39.5,0.0401
"DI Yogyakarta",2023,"Labour Model 9 (TPT)","L9t","labour",39.1,0.001
"Maluku",2023,"Labour Model 9 (TPT)","L9t","labour",37.9,-0.0922
"Kalimantan Selatan",2023,"Labour Model 9 (TPT)","L9t","labour",37.5,-0.1282
"Jawa Timur",2023,"Labour Model 9 (TPT)","L9t","labour",37.3,-0.1438
"Sumatera Barat",2023,"Labour Model 9 (TPT)","L9t","labour",35.1,-0.3264
"Kalimantan Barat",2023,"Labour Model 9 (TPT)","L9t","labour",34.7,-0.3579
"Aceh",2023,"Labour Model 9 (TPT)","L9t","labour",32,-0.5803
"Sulawesi Selatan",2023,"Labour Model 9 (TPT)","L9t","labour",30.6,-0.6982
"Sumatera Selatan",2023,"Labour Model 9 (TPT)","L9t","labour",29.8,-0.7637
"Gorontalo",2023,"Labour Model 9 (TPT)","L9t","labour",29.4,-0.7934
"Sulawesi Tenggara",2023,"Labour Model 9 (TPT)","L9t","labour",28.1,-0.9015
"Papua",2023,"Labour Model 9 (TPT)","L9t","labour",26.5,-1.032
"Jambi",2023,"Labour Model 9 (TPT)","L9t","labour",25.4,-1.1258
"Sulawesi Tengah",2023,"Labour Model 9 (TPT)","L9t","labour",24.7,-1.1848
"Bengkulu",2023,"Labour Model 9 (TPT)","L9t","labour",21.8,-1.4255
"Lampung",2023,"Labour Model 9 (TPT)","L9t","labour",20.8,-1.508
"Nusa Tenggara Barat",2023,"Labour Model 9 (TPT)","L9t","labour",15.4,-1.9499
"Nusa Tenggara Timur",2023,"Labour Model 9 (TPT)","L9t","labour",3.9,-2.9
"Sulawesi Barat",2023,"Labour Model 9 (TPT)","L9t","labour",0,-3.2215
"Kepulauan Riau",2024,"Labour Model 9 (TPT)","L9t","labour",100,4.5124
"DKI Jakarta",2024,"Labour Model 9 (TPT)","L9t","labour",92,3.8174
"Banten",2024,"Labour Model 9 (TPT)","L9t","labour",86.1,3.2974
"Jawa Barat",2024,"Labour Model 9 (TPT)","L9t","labour",73.2,2.1783
"Kalimantan Timur",2024,"Labour Model 9 (TPT)","L9t","labour",70.4,1.9313
"Sulawesi Utara",2024,"Labour Model 9 (TPT)","L9t","labour",60.6,1.0779
"Papua",2024,"Labour Model 9 (TPT)","L9t","labour",59.5,0.9793
"Papua Barat Daya",2024,"Labour Model 9 (TPT)","L9t","labour",58.2,0.8658
"Jawa Tengah",2024,"Labour Model 9 (TPT)","L9t","labour",57.3,0.7901
"Bangka Belitung",2024,"Labour Model 9 (TPT)","L9t","labour",55.7,0.6454
"Kalimantan Utara",2024,"Labour Model 9 (TPT)","L9t","labour",54.9,0.5773
"Bali",2024,"Labour Model 9 (TPT)","L9t","labour",54.2,0.5185
"Kalimantan Tengah",2024,"Labour Model 9 (TPT)","L9t","labour",54.2,0.5213
"DI Yogyakarta",2024,"Labour Model 9 (TPT)","L9t","labour",53.8,0.486
"Maluku Utara",2024,"Labour Model 9 (TPT)","L9t","labour",52.8,0.4002
"Sumatera Utara",2024,"Labour Model 9 (TPT)","L9t","labour",50.9,0.2333
"Maluku",2024,"Labour Model 9 (TPT)","L9t","labour",49.2,0.0839
"Kalimantan Selatan",2024,"Labour Model 9 (TPT)","L9t","labour",48.1,-0.0159
"Jawa Timur",2024,"Labour Model 9 (TPT)","L9t","labour",48,-0.0258
"Sumatera Barat",2024,"Labour Model 9 (TPT)","L9t","labour",46.9,-0.1196
"Riau",2024,"Labour Model 9 (TPT)","L9t","labour",46.5,-0.1532
"Kalimantan Barat",2024,"Labour Model 9 (TPT)","L9t","labour",44,-0.3689
"Jambi",2024,"Labour Model 9 (TPT)","L9t","labour",43.6,-0.4084
"Gorontalo",2024,"Labour Model 9 (TPT)","L9t","labour",43,-0.4578
"Sulawesi Selatan",2024,"Labour Model 9 (TPT)","L9t","labour",42.3,-0.5182
"Aceh",2024,"Labour Model 9 (TPT)","L9t","labour",41.6,-0.5825
"Papua Barat",2024,"Labour Model 9 (TPT)","L9t","labour",40.1,-0.7148
"Papua Selatan",2024,"Labour Model 9 (TPT)","L9t","labour",39.3,-0.7796
"Sulawesi Tengah",2024,"Labour Model 9 (TPT)","L9t","labour",38.6,-0.8411
"Sulawesi Tenggara",2024,"Labour Model 9 (TPT)","L9t","labour",38.2,-0.8761
"Sumatera Selatan",2024,"Labour Model 9 (TPT)","L9t","labour",37.3,-0.9575
"Lampung",2024,"Labour Model 9 (TPT)","L9t","labour",33.7,-1.2647
"Bengkulu",2024,"Labour Model 9 (TPT)","L9t","labour",31.5,-1.4614
"Nusa Tenggara Barat",2024,"Labour Model 9 (TPT)","L9t","labour",27.4,-1.8216
"Papua Tengah",2024,"Labour Model 9 (TPT)","L9t","labour",21.9,-2.2998
"Sulawesi Barat",2024,"Labour Model 9 (TPT)","L9t","labour",20.5,-2.4195
"Nusa Tenggara Timur",2024,"Labour Model 9 (TPT)","L9t","labour",18.2,-2.6219
"Papua Pegunungan",2024,"Labour Model 9 (TPT)","L9t","labour",0,-4.2074
"Kepulauan Riau",2025,"Labour Model 9 (TPT)","L9t","labour",100,4.45
"DKI Jakarta",2025,"Labour Model 9 (TPT)","L9t","labour",98.5,4.3397
"Banten",2025,"Labour Model 9 (TPT)","L9t","labour",81.8,3.1114
"Kalimantan Timur",2025,"Labour Model 9 (TPT)","L9t","labour",67.7,2.08
"Jawa Barat",2025,"Labour Model 9 (TPT)","L9t","labour",66.2,1.9666
"Papua Barat Daya",2025,"Labour Model 9 (TPT)","L9t","labour",57.9,1.3574
"Papua",2025,"Labour Model 9 (TPT)","L9t","labour",57.6,1.3384
"Sulawesi Utara",2025,"Labour Model 9 (TPT)","L9t","labour",52.6,0.9725
"Kalimantan Utara",2025,"Labour Model 9 (TPT)","L9t","labour",51.9,0.9142
"Bangka Belitung",2025,"Labour Model 9 (TPT)","L9t","labour",45.8,0.4679
"Bali",2025,"Labour Model 9 (TPT)","L9t","labour",45.6,0.4585
"Jawa Tengah",2025,"Labour Model 9 (TPT)","L9t","labour",44.2,0.3536
"Kalimantan Tengah",2025,"Labour Model 9 (TPT)","L9t","labour",43.2,0.2826
"DI Yogyakarta",2025,"Labour Model 9 (TPT)","L9t","labour",42.4,0.2182
"Maluku Utara",2025,"Labour Model 9 (TPT)","L9t","labour",40.8,0.102
"Sumatera Utara",2025,"Labour Model 9 (TPT)","L9t","labour",39.6,0.013
"Riau",2025,"Labour Model 9 (TPT)","L9t","labour",38.6,-0.0615
"Kalimantan Selatan",2025,"Labour Model 9 (TPT)","L9t","labour",37.3,-0.1542
"Maluku",2025,"Labour Model 9 (TPT)","L9t","labour",36,-0.2521
"Jawa Timur",2025,"Labour Model 9 (TPT)","L9t","labour",34.9,-0.328
"Papua Selatan",2025,"Labour Model 9 (TPT)","L9t","labour",34.9,-0.3324
"Gorontalo",2025,"Labour Model 9 (TPT)","L9t","labour",32.4,-0.5152
"Sumatera Barat",2025,"Labour Model 9 (TPT)","L9t","labour",31.5,-0.5788
"Kalimantan Barat",2025,"Labour Model 9 (TPT)","L9t","labour",30.7,-0.6407
"Jambi",2025,"Labour Model 9 (TPT)","L9t","labour",30.5,-0.6538
"Sulawesi Selatan",2025,"Labour Model 9 (TPT)","L9t","labour",29,-0.7604
"Sulawesi Tenggara",2025,"Labour Model 9 (TPT)","L9t","labour",27.3,-0.8885
"Aceh",2025,"Labour Model 9 (TPT)","L9t","labour",26.4,-0.9513
"Papua Barat",2025,"Labour Model 9 (TPT)","L9t","labour",25.8,-1.0018
"Sumatera Selatan",2025,"Labour Model 9 (TPT)","L9t","labour",22.7,-1.2256
"Sulawesi Tengah",2025,"Labour Model 9 (TPT)","L9t","labour",21.9,-1.2889
"Lampung",2025,"Labour Model 9 (TPT)","L9t","labour",18.9,-1.5073
"Bengkulu",2025,"Labour Model 9 (TPT)","L9t","labour",16.7,-1.6655
"Nusa Tenggara Barat",2025,"Labour Model 9 (TPT)","L9t","labour",13.6,-1.8946
"Nusa Tenggara Timur",2025,"Labour Model 9 (TPT)","L9t","labour",8.3,-2.2874
"Sulawesi Barat",2025,"Labour Model 9 (TPT)","L9t","labour",4.8,-2.5445
"Papua Tengah",2025,"Labour Model 9 (TPT)","L9t","labour",0,-2.8935
