"province","L7_2022","L7_2023","L7_2024","L7_2025","L9_2022","L9_2023","L9_2024","L9_2025","L7t_2022","L7t_2023","L7t_2024","L7t_2025","L9t_2022","L9t_2023","L9t_2024","L9t_2025","E1_2022","E1_2023","E1_2024","E1_2025","E8_2022","E8_2023","E8_2024","E8_2025","E5_2022","E5_2023","E5_2024","E5_2025"
"Aceh",24.5,20.3,25.7,28.3,24.9,18.7,17.6,23.2,32.6,29.4,48,45.5,35.3,32,41.6,26.4,16.6,13.4,19.3,16.5,17.9,14.5,15.7,13.1,7,5.9,6.5,6
"Bali",55.6,62.8,71.3,72.2,58.6,65.7,69.6,74.1,49.2,50.3,60.9,59.6,50.5,49.8,54.2,45.6,26.3,22.5,28.2,23.8,19.1,15.7,18.1,14.8,24.9,22.5,22.7,20
"Bangka Belitung",63.2,53.4,57.3,57.7,64.6,52.7,50.6,55.9,55.7,50.6,63.7,60.8,55.3,50,55.7,45.8,43.5,38.4,44.5,39.4,44.4,38.3,37.2,33.4,39,32.7,30.3,29.1
"Banten",77.6,73.8,76.1,73.9,85.6,79.2,77.8,78.2,82.9,78.8,84.8,81.7,92.6,85.7,86.1,81.8,57.3,54.7,56.3,47.4,55.2,52.5,52.5,43.3,68.8,63.8,62.2,53.1
"Bengkulu",26.7,19.2,30,33.2,29.8,19.8,24.6,30.9,22.3,19.5,38.6,37.8,24.7,21.8,31.5,16.7,21.5,NA,25.5,NA,24.4,NA,22.1,NA,24.1,NA,23.5,NA
"DI Yogyakarta",51.9,46,57.7,59,54.3,45,55.5,59.7,44.8,41.2,58.6,56.7,45.1,39.1,53.8,42.4,20.1,17.1,20.1,17,16,13.6,14.9,12.4,29.2,26.2,26,22.2
"DKI Jakarta",100,100,100,100,100,100,93.6,100,100,100,100,100,100,100,92,98.5,50.7,50.4,51.6,43.2,26.1,26.2,27.2,21.5,51.6,50.9,51.9,43.1
"Gorontalo",41.6,32.2,45.7,52,43.8,31,39.9,49.6,31.3,30.5,50.6,51.5,30.9,29.4,43,32.4,8.2,3.6,8.8,8,9.3,7,7.4,6.9,0,0,0,0.6
"Jambi",29.3,19.8,39.8,41.2,32.9,19.8,35.6,40.4,27.2,22.7,49.2,47.1,30.7,25.4,43.6,30.5,45.2,38.7,50.4,42.5,50.5,41.9,43.5,36.4,23.4,18.9,18.9,17.5
"Jawa Barat",63,57.7,62.9,61.8,67.7,60.2,61,62,70.4,64,75.1,72.9,77.1,68.6,73.2,66.2,48.2,44.4,49.9,42.4,51.3,47.5,47.9,39.8,63.4,57.3,56.3,49
"Jawa Tengah",46.6,39.3,48.9,51.5,53.7,43.2,50.1,54.6,44.7,39,57.3,54.8,51.5,43,57.3,44.2,42.9,38.5,42.2,36.4,45.4,41.7,42.6,35.5,52.3,47.9,47.7,41.4
"Jawa Timur",40.4,36.2,44.3,48.6,45,39.6,43.5,50.3,38.5,33.7,50.8,49.2,42.8,37.3,48,34.9,46.1,41.4,47.5,40.6,47.6,42.8,44.7,37.6,56.1,50.7,51.2,45.1
"Kalimantan Barat",32.8,29.7,38.3,41.3,37,33,34.9,40.4,31.9,29.3,48.7,47.6,36.5,34.7,44,30.7,36.2,30.9,36.5,31.7,35.9,29.7,31.1,26.5,27.6,23.6,24,21.3
"Kalimantan Selatan",38.5,39.8,49.7,52.3,38.9,39,43.4,49.7,36.2,37.8,56,54.9,36.1,37.5,48.1,37.3,58.8,52.2,60.9,49.8,64.8,57,55.6,44.2,50.4,42.7,42.2,35.4
"Kalimantan Tengah",51.6,46.6,58.8,58.5,55.2,47.9,54.6,58.1,45.5,43.8,60.8,58,48.1,45.7,54.2,43.2,62.6,45.9,51,43.1,64,44.2,43.1,36.1,53.6,27.8,25.7,23.3
"Kalimantan Timur",70.8,72.5,77.8,75.3,71.7,72.9,71.4,74,69,68.8,78.8,77.3,69.7,69,70.4,67.7,96.3,89.4,100,83.4,100,87.3,86.5,70.2,58.9,49.5,47.1,41.9
"Kalimantan Utara",54.3,53.2,58.4,65.8,57.8,55.7,54.4,67.9,50.1,48.9,61.2,62.8,52.9,51.4,54.9,51.9,NA,NA,NA,58.7,69.2,61,61.8,50.1,34.1,30.3,30.4,27
"Kepulauan Riau",84.7,86.2,96,89.5,94,94.8,100,96.7,NA,NA,97.4,93.6,NA,NA,100,100,100,100,95.8,89,97.5,98.2,95.7,86.7,100,100,100,96.2
"Lampung",25.7,17.8,27.8,29.5,29.4,18.6,23.1,27,22.2,18.2,39.6,38.8,25.3,20.8,33.7,18.9,31.3,26.6,31.8,27.6,33.4,27.8,29.4,24.7,28.9,25.4,26.4,23.2
"Maluku",23.8,25.4,33.7,36.1,23.2,24,28.1,33.1,36.6,35.3,53.7,51.5,39.2,37.9,49.2,36,0,0.6,5.6,4,0,2.8,2.6,2,3.1,6.6,8.2,6.1
"Maluku Utara",32.1,37.7,42.3,41.1,36.6,44.5,45.7,43.5,31.7,37.1,50.9,50.2,36.1,43.6,52.8,40.8,86.1,92.1,99,100,90.1,100,100,100,88.4,88.5,95.7,100
"Nusa Tenggara Barat",13.7,10.7,18.7,26.3,11.1,7.8,10.8,21.1,16.4,16.2,34.8,36.5,14.2,15.4,27.4,13.6,27.8,23.6,31.9,24.4,32.4,26.3,29.6,21.8,19.5,17.1,19.5,15.3
"Nusa Tenggara Timur",2,0,4.9,22.9,4.4,0.6,0,20.6,4.8,1.2,23.1,30.3,8.1,3.9,18.2,8.3,0.4,0,0,0,0.1,0,0,0,0.5,1.2,0.8,0
"Papua",14.8,16.1,53.7,57,24,25,46.8,53.8,2.8,13.9,66.7,69.2,10.2,26.5,59.5,57.6,39.9,28.8,6.1,1.7,54.3,39.2,3.2,1.6,23.6,13.1,4.5,2.1
"Papua Barat",26.4,38.9,34.8,37,24.4,38.4,29,33.7,35.3,39.2,46.6,44.9,35.7,40.3,40.1,25.8,53.2,55.8,81.6,67.4,65.1,67.9,86.1,71.5,44,43.6,58.1,51.8
"Papua Barat Daya",NA,NA,42.8,59.2,NA,NA,34.5,57.1,NA,NA,64.3,69.2,NA,NA,58.2,57.9,NA,NA,NA,NA,NA,NA,34.6,28,NA,NA,23.6,19.6
"Papua Pegunungan",NA,NA,0,6.1,NA,NA,6.6,NA,NA,NA,0,0,NA,NA,0,NA,NA,NA,NA,NA,NA,NA,NA,NA,NA,NA,NA,NA
"Papua Selatan",NA,NA,37.5,47.3,NA,NA,36.2,49.1,NA,NA,43.5,48.1,NA,NA,39.3,34.9,NA,NA,NA,NA,NA,NA,NA,NA,NA,NA,NA,NA
"Papua Tengah",NA,NA,22.1,0,NA,NA,26.4,0,NA,NA,23.1,17.2,NA,NA,21.9,0,NA,NA,NA,NA,NA,NA,90.9,69.7,NA,NA,36.4,32.2
"Riau",39.1,35.5,44.9,48.6,42.3,37.3,40.4,47.7,36.8,36.3,52.3,53.6,39.7,39.5,46.5,38.6,69.8,63.8,71.4,61.6,72.2,63.9,64.6,54.9,46.6,40,39.1,36.8
"Sulawesi Barat",0,1.4,14.4,21.7,0,0,9.5,19.5,0,0,26.7,27.6,0,0,20.5,4.8,19.7,17.4,24.4,22,22.8,20.7,20.9,19.5,6.5,6.1,4.8,6.3
"Sulawesi Selatan",37,30.3,40.8,43.5,39.9,31,36.2,41.8,32.7,29,48.6,47.3,34.8,30.6,42.3,29,35,30.5,33.7,28.7,31.6,27.2,28.2,23.8,27.9,24.9,24.6,21.6
"Sulawesi Tengah",29.9,26.5,38.4,40.8,33.7,28.2,35.3,39.8,23.1,22.7,43.9,41.2,25.4,24.7,38.6,21.9,76.3,84.1,92.5,81.1,83.8,90.4,92.7,79.6,62.6,73.6,78.5,71.8
"Sulawesi Tenggara",35.6,26.8,39.6,45.2,36.1,24.5,34.6,43.1,31.4,29.1,45.2,46.5,30.8,28.1,38.2,27.3,46.7,41.1,46,39.3,49,43.3,42.9,35.9,32.3,27.2,26.2,23.4
"Sulawesi Utara",52.8,49.1,57.9,57,54.2,48.9,53,55.3,55.7,51,66.6,65.1,57.9,52.3,60.6,52.6,36.5,31.1,34.8,29.8,32.6,27.8,29.1,24.8,24.5,21.5,21.3,19.5
"Sumatera Barat",33,25.4,35.5,37.3,33.7,23.7,28.8,33.7,38.5,33.2,52.9,49.5,40.7,35.1,46.9,31.5,29.1,25.5,31.4,26.7,25.8,22.2,23.9,20.2,23.6,20.6,20.7,18.4
"Sumatera Selatan",31.6,25.5,32.4,37,35.6,27.3,28.4,36.3,29,26.1,42.7,41.1,32.8,29.8,37.3,22.7,46.2,40.1,48.9,41.5,51.4,44.9,45.8,37.5,38.8,33.9,34.6,29.7
"Sumatera Utara",41.6,35.3,43.4,46.7,44.7,35.9,38.4,44.8,43.7,37.3,56.3,55.2,47.6,39.9,50.9,39.6,39.5,34.4,39.1,33.2,38.6,33.3,35,29.5,33.2,29.1,29.1,26.6
