"rank","province","year","lms_pc1","lms_0_100"
1,"DKI Jakarta",2023,4.8499,100
2,"Banten",2023,4.6613,98.2
3,"Jawa Barat",2023,3.3251,85.6
4,"Kalimantan Timur",2023,2.6968,79.7
5,"Sulawesi Utara",2023,2.163,74.6
6,"Maluku Utara",2023,1.6779,70.1
7,"Kalimantan Utara",2023,1.0784,64.4
8,"Jawa Tengah",2023,1.0438,64.1
9,"DI Yogyakarta",2023,0.7538,61.3
10,"Riau",2023,0.6469,60.3
11,"Kalimantan Tengah",2023,0.6093,60
12,"Bangka Belitung",2023,0.5217,59.2
13,"Bali",2023,0.4912,58.9
14,"Maluku",2023,0.2449,56.5
15,"Kalimantan Selatan",2023,0.069,54.9
16,"Sulawesi Selatan",2023,-0.0431,53.8
17,"Jawa Timur",2023,-0.0879,53.4
18,"Sumatera Barat",2023,-0.2638,51.7
19,"Sumatera Utara",2023,-0.287,51.5
20,"Papua Barat",2023,-0.4277,50.2
21,"Gorontalo",2023,-0.4394,50.1
22,"Aceh",2023,-0.4689,49.8
23,"Sulawesi Tenggara",2023,-0.646,48.1
24,"Jambi",2023,-0.7758,46.9
25,"Sulawesi Tengah",2023,-1.1037,43.8
26,"Kalimantan Barat",2023,-1.3361,41.6
27,"Sumatera Selatan",2023,-1.6813,38.4
28,"Lampung",2023,-1.8464,36.8
29,"Bengkulu",2023,-1.8618,36.7
30,"Nusa Tenggara Barat",2023,-1.9135,36.2
31,"Sulawesi Barat",2023,-2.364,31.9
32,"Nusa Tenggara Timur",2023,-3.5405,20.8
33,"Papua",2023,-5.7459,0
