"year","month","province","lpi","comp","zL","zE","zP"
2022,1,"Papua Barat",25.2,-0.436,-0.722,0.9,-1.345
2022,1,"Papua Barat Daya",20.2,-0.595,0.412,-0.477,-1.345
2022,1,"Papua",10.7,-0.894,0.22,-1.226,-1.345
2022,1,"Papua Tengah",3.4,-1.125,-2.283,0.061,-1.345
2022,1,"Kepulauan Riau",-6.9,-1.45,2.328,2.8,-7.374
2022,1,"Sulawesi Tengah",-19,-1.832,-0.392,1.757,-5.7
2022,1,"Kalimantan Timur",-21.5,-1.91,1.175,0.478,-5.863
2022,1,"Banten",-21.8,-1.919,1.466,0.956,-6.464
2022,1,"Maluku Utara",-23.6,-1.977,-0.133,2.962,-7.212
2022,1,"Bali",-35,-2.338,1.236,-0.461,-6.188
2022,1,"Jawa Timur",-38.3,-2.442,0.136,0.614,-6.61
2022,1,"DKI Jakarta",-40.6,-2.515,2.423,0.528,-8.203
2022,1,"Sulawesi Tenggara",-41,-2.528,-0.245,-0.317,-5.814
2022,1,"Jambi",-46,-2.685,-0.402,-0.569,-5.895
2022,1,"Riau",-47.4,-2.728,-0.054,0.26,-6.903
2022,1,"Jawa Barat",-50,-2.811,0.705,0.779,-8.024
2022,1,"Bangka Belitung",-50.9,-2.838,0.342,-0.07,-7.163
2022,1,"Kalimantan Utara",-53.3,-2.913,0.902,-0.162,-7.634
2022,1,"Sulawesi Selatan",-53.7,-2.928,-0.319,-0.392,-6.692
2022,1,"DI Yogyakarta",-53.9,-2.935,0.576,-0.366,-7.309
2022,1,"Sumatera Selatan",-55.2,-2.973,-0.58,-0.045,-6.919
2022,1,"Sumatera Utara",-55.8,-2.995,-0.165,-0.18,-7.13
2022,1,"Kalimantan Tengah",-57.6,-3.051,0.424,-0.318,-7.537
2022,1,"Sumatera Barat",-58.2,-3.068,-0.681,-0.529,-6.692
2022,1,"Aceh",-59.8,-3.121,-1.188,-1.06,-6.058
2022,1,"Jawa Tengah",-61,-3.158,0.369,0.455,-8.398
2022,1,"Lampung",-63.9,-3.249,-1.001,-0.325,-7.098
2022,1,"Kalimantan Selatan",-64.7,-3.274,0.047,0.2,-8.268
2022,1,"Gorontalo",-65.5,-3.301,0.074,-1.291,-7.13
2022,1,"Kalimantan Barat",-65.9,-3.312,-0.412,-0.404,-7.569
2022,1,"Sulawesi Utara",-71.1,-3.477,0.338,-0.482,-8.398
2022,1,"Maluku",-73.1,-3.538,-0.679,-1.054,-7.423
2022,1,"Nusa Tenggara Barat",-81.9,-3.818,-1.259,-0.662,-8.057
2022,1,"Sulawesi Barat",-86.1,-3.951,-1.355,-1.047,-8.008
2022,1,"Nusa Tenggara Timur",-95.2,-4.237,-1.302,-1.316,-8.528
2022,2,"Papua Barat",25.2,-0.436,-0.722,0.9,-1.345
2022,2,"Papua Barat Daya",20.2,-0.595,0.412,-0.477,-1.345
2022,2,"Papua",10.7,-0.894,0.22,-1.226,-1.345
2022,2,"Papua Tengah",3.4,-1.125,-2.283,0.061,-1.345
2022,2,"Kepulauan Riau",-3.4,-1.338,2.328,2.8,-7.098
2022,2,"Sulawesi Tengah",-15.2,-1.713,-0.392,1.757,-5.408
2022,2,"Kalimantan Timur",-17.9,-1.798,1.175,0.478,-5.587
2022,2,"Banten",-18.2,-1.807,1.466,0.956,-6.188
2022,2,"Maluku Utara",-19.8,-1.859,-0.133,2.962,-6.919
2022,2,"Bali",-31.5,-2.226,1.236,-0.461,-5.912
2022,2,"Jawa Timur",-34.6,-2.323,0.136,0.614,-6.318
2022,2,"DKI Jakarta",-37.1,-2.403,2.423,0.528,-7.927
2022,2,"Sulawesi Tenggara",-37.5,-2.415,-0.245,-0.317,-5.538
2022,2,"Jambi",-42.5,-2.573,-0.402,-0.569,-5.619
2022,2,"Riau",-43.8,-2.616,-0.054,0.26,-6.627
2022,2,"Jawa Barat",-46.5,-2.699,0.705,0.779,-7.748
2022,2,"Bangka Belitung",-47.1,-2.72,0.342,-0.07,-6.87
2022,2,"Kalimantan Utara",-49.7,-2.801,0.902,-0.162,-7.358
2022,2,"Sulawesi Selatan",-50.2,-2.815,-0.319,-0.392,-6.415
2022,2,"DI Yogyakarta",-50.4,-2.823,0.576,-0.366,-7.033
2022,2,"Sumatera Selatan",-51.4,-2.855,-0.58,-0.045,-6.627
2022,2,"Sumatera Utara",-52.3,-2.883,-0.165,-0.18,-6.854
2022,2,"Kalimantan Tengah",-54.1,-2.939,0.424,-0.318,-7.26
2022,2,"Sumatera Barat",-54.6,-2.956,-0.681,-0.529,-6.415
2022,2,"Aceh",-56.3,-3.009,-1.188,-1.06,-5.782
2022,2,"Jawa Tengah",-57.5,-3.046,0.369,0.455,-8.122
2022,2,"Lampung",-60.4,-3.137,-1.001,-0.325,-6.822
2022,2,"Kalimantan Selatan",-61.1,-3.162,0.047,0.2,-7.992
2022,2,"Gorontalo",-62,-3.189,0.074,-1.291,-6.854
2022,2,"Kalimantan Barat",-62.3,-3.2,-0.412,-0.404,-7.293
2022,2,"Sulawesi Utara",-67.6,-3.365,0.338,-0.482,-8.122
2022,2,"Maluku",-69.5,-3.426,-0.679,-1.054,-7.147
2022,2,"Nusa Tenggara Barat",-78.4,-3.706,-1.259,-0.662,-7.781
2022,2,"Sulawesi Barat",-82.4,-3.832,-1.355,-1.047,-7.716
2022,2,"Nusa Tenggara Timur",-91.6,-4.125,-1.302,-1.316,-8.252
2022,3,"Papua Barat",25.2,-0.436,-0.722,0.9,-1.345
2022,3,"Papua Barat Daya",20.2,-0.595,0.412,-0.477,-1.345
2022,3,"Papua",10.7,-0.894,0.22,-1.226,-1.345
2022,3,"Papua Tengah",3.4,-1.125,-2.283,0.061,-1.345
2022,3,"Kepulauan Riau",1,-1.2,2.328,2.8,-6.757
2022,3,"Sulawesi Tengah",-11.3,-1.588,-0.392,1.757,-5.099
2022,3,"Kalimantan Timur",-13.6,-1.66,1.175,0.478,-5.245
2022,3,"Banten",-14.5,-1.689,1.466,0.956,-5.895
2022,3,"Maluku Utara",-16.5,-1.753,-0.133,2.962,-6.659
2022,3,"Bali",-27.1,-2.087,1.236,-0.461,-5.57
2022,3,"Jawa Timur",-30.4,-2.191,0.136,0.614,-5.993
2022,3,"DKI Jakarta",-32.7,-2.265,2.423,0.528,-7.585
2022,3,"Sulawesi Tenggara",-36.7,-2.389,-0.245,-0.317,-5.473
2022,3,"Jambi",-38.3,-2.441,-0.402,-0.569,-5.294
2022,3,"Riau",-39.9,-2.49,-0.054,0.26,-6.318
2022,3,"Jawa Barat",-42.1,-2.56,0.705,0.779,-7.407
2022,3,"Bangka Belitung",-43,-2.588,0.342,-0.07,-6.545
2022,3,"Kalimantan Utara",-45.5,-2.669,0.902,-0.162,-7.033
2022,3,"Sulawesi Selatan",-45.8,-2.677,-0.319,-0.392,-6.074
2022,3,"DI Yogyakarta",-46.2,-2.691,0.576,-0.366,-6.708
2022,3,"Sumatera Selatan",-47.2,-2.723,-0.58,-0.045,-6.302
2022,3,"Sumatera Utara",-48.1,-2.751,-0.165,-0.18,-6.529
2022,3,"Kalimantan Tengah",-49.7,-2.8,0.424,-0.318,-6.919
2022,3,"Sumatera Barat",-50.2,-2.818,-0.681,-0.529,-6.074
2022,3,"Aceh",-51.9,-2.87,-1.188,-1.06,-5.44
2022,3,"Jawa Tengah",-53.9,-2.934,0.369,0.455,-7.846
2022,3,"Lampung",-56,-2.999,-1.001,-0.325,-6.48
2022,3,"Kalimantan Selatan",-56.8,-3.024,0.047,0.2,-7.65
2022,3,"Gorontalo",-57.8,-3.057,0.074,-1.291,-6.529
2022,3,"Kalimantan Barat",-58,-3.061,-0.412,-0.404,-6.952
2022,3,"Sulawesi Utara",-63.4,-3.233,0.338,-0.482,-7.797
2022,3,"Maluku",-64.7,-3.275,-0.679,-1.054,-6.773
2022,3,"Nusa Tenggara Barat",-74,-3.567,-1.259,-0.662,-7.439
2022,3,"Sulawesi Barat",-77.2,-3.668,-1.355,-1.047,-7.309
2022,3,"Nusa Tenggara Timur",-87.3,-3.987,-1.302,-1.316,-7.911
2022,4,"Papua Barat",25.2,-0.436,-0.722,0.9,-1.345
2022,4,"Papua Barat Daya",20.2,-0.595,0.412,-0.477,-1.345
2022,4,"Papua",10.7,-0.894,0.22,-1.226,-1.345
2022,4,"Kepulauan Riau",6.5,-1.029,2.328,2.8,-6.334
2022,4,"Papua Tengah",3.4,-1.125,-2.283,0.061,-1.345
2022,4,"Sulawesi Tengah",-5.6,-1.41,-0.392,1.757,-4.66
2022,4,"Kalimantan Timur",-8.1,-1.489,1.175,0.478,-4.823
2022,4,"Banten",-8.8,-1.511,1.466,0.956,-5.456
2022,4,"Maluku Utara",-9.6,-1.536,-0.133,2.962,-6.123
2022,4,"Bali",-21.7,-1.916,1.236,-0.461,-5.148
2022,4,"DKI Jakarta",-26.9,-2.08,2.423,0.528,-7.13
2022,4,"Sulawesi Tenggara",-31.2,-2.218,-0.245,-0.317,-5.05
2022,4,"Jambi",-32.7,-2.263,-0.402,-0.569,-4.855
2022,4,"Riau",-34.2,-2.312,-0.054,0.26,-5.879
2022,4,"Jawa Barat",-36.6,-2.389,0.705,0.779,-6.984
2022,4,"Bangka Belitung",-37.5,-2.417,0.342,-0.07,-6.123
2022,4,"Jawa Timur",-37.7,-2.422,0.136,0.614,-6.562
2022,4,"Kalimantan Utara",-39.9,-2.491,0.902,-0.162,-6.594
2022,4,"Sulawesi Selatan",-40.6,-2.512,-0.319,-0.392,-5.668
2022,4,"DI Yogyakarta",-40.6,-2.513,0.576,-0.366,-6.269
2022,4,"Sumatera Selatan",-41.6,-2.545,-0.58,-0.045,-5.863
2022,4,"Sumatera Utara",-42.7,-2.58,-0.165,-0.18,-6.107
2022,4,"Sulawesi Utara",-43.1,-2.594,0.338,-0.482,-6.22
2022,4,"Kalimantan Tengah",-44.2,-2.629,0.424,-0.318,-6.497
2022,4,"Sumatera Barat",-44.8,-2.646,-0.681,-0.529,-5.652
2022,4,"Aceh",-46.3,-2.692,-1.188,-1.06,-5.001
2022,4,"Jawa Tengah",-48.1,-2.749,0.369,0.455,-7.39
2022,4,"Lampung",-50.1,-2.814,-1.001,-0.325,-6.025
2022,4,"Kalimantan Selatan",-51.3,-2.852,0.047,0.2,-7.228
2022,4,"Gorontalo",-51.5,-2.859,0.074,-1.291,-6.042
2022,4,"Kalimantan Barat",-52.5,-2.89,-0.412,-0.404,-6.529
2022,4,"Maluku",-59.3,-3.103,-0.679,-1.054,-6.35
2022,4,"Nusa Tenggara Barat",-68.3,-3.39,-1.259,-0.662,-7
2022,4,"Sulawesi Barat",-71.7,-3.496,-1.355,-1.047,-6.887
2022,4,"Nusa Tenggara Timur",-81.8,-3.815,-1.302,-1.316,-7.488
2022,5,"Papua Barat",25.2,-0.436,-0.722,0.9,-1.345
2022,5,"Papua Barat Daya",20.2,-0.595,0.412,-0.477,-1.345
2022,5,"Papua",10.7,-0.894,0.22,-1.226,-1.345
2022,5,"Kepulauan Riau",9.4,-0.936,2.328,2.8,-6.107
2022,5,"Papua Tengah",3.4,-1.125,-2.283,0.061,-1.345
2022,5,"Sulawesi Tengah",-0.6,-1.252,-0.392,1.757,-4.27
2022,5,"Kalimantan Timur",-4.2,-1.363,1.175,0.478,-4.514
2022,5,"Maluku Utara",-4.4,-1.371,-0.133,2.962,-5.717
2022,5,"Banten",-4.9,-1.386,1.466,0.956,-5.148
2022,5,"Bali",-17.7,-1.791,1.236,-0.461,-4.839
2022,5,"DKI Jakarta",-22.7,-1.948,2.423,0.528,-6.805
2022,5,"Sulawesi Tenggara",-27,-2.086,-0.245,-0.317,-4.725
2022,5,"Jambi",-28.3,-2.125,-0.402,-0.569,-4.514
2022,5,"Riau",-30.5,-2.194,-0.054,0.26,-5.587
2022,5,"Jawa Barat",-32.5,-2.257,0.705,0.779,-6.659
2022,5,"Bangka Belitung",-33.3,-2.285,0.342,-0.07,-5.798
2022,5,"Jawa Timur",-33.5,-2.29,0.136,0.614,-6.237
2022,5,"Kalimantan Utara",-35.3,-2.346,0.902,-0.162,-6.237
2022,5,"Sulawesi Selatan",-36,-2.367,-0.319,-0.392,-5.31
2022,5,"DI Yogyakarta",-36.6,-2.388,0.576,-0.366,-5.96
2022,5,"Sumatera Selatan",-38,-2.433,-0.58,-0.045,-5.587
2022,5,"Sumatera Utara",-38.5,-2.448,-0.165,-0.18,-5.782
2022,5,"Sulawesi Utara",-39,-2.462,0.338,-0.482,-5.895
2022,5,"Kalimantan Tengah",-39.9,-2.49,0.424,-0.318,-6.155
2022,5,"Sumatera Barat",-40.8,-2.521,-0.681,-0.529,-5.343
2022,5,"Aceh",-42.3,-2.567,-1.188,-1.06,-4.693
2022,5,"Jawa Tengah",-44.1,-2.624,0.369,0.455,-7.082
2022,5,"Lampung",-45.9,-2.682,-1.001,-0.325,-5.7
2022,5,"Kalimantan Selatan",-46.1,-2.688,0.047,0.2,-6.822
2022,5,"Gorontalo",-47,-2.714,0.074,-1.291,-5.684
2022,5,"Kalimantan Barat",-48.6,-2.765,-0.412,-0.404,-6.22
2022,5,"Maluku",-54.9,-2.965,-0.679,-1.054,-6.009
2022,5,"Nusa Tenggara Barat",-62.7,-3.212,-1.259,-0.662,-6.562
2022,5,"Sulawesi Barat",-68,-3.378,-1.355,-1.047,-6.594
2022,5,"Nusa Tenggara Timur",-77.7,-3.683,-1.302,-1.316,-7.163
2022,6,"Papua Barat",25.4,-0.43,-0.722,0.9,-1.329
2022,6,"Papua Barat Daya",20.4,-0.589,0.412,-0.477,-1.329
2022,6,"Kepulauan Riau",17.7,-0.673,2.328,2.8,-5.456
2022,6,"Papua",10.9,-0.888,0.22,-1.226,-1.329
2022,6,"Sulawesi Tengah",7.3,-1.001,-0.392,1.757,-3.653
2022,6,"Maluku Utara",4.4,-1.094,-0.133,2.962,-5.034
2022,6,"Kalimantan Timur",4,-1.106,1.175,0.478,-3.88
2022,6,"Banten",3.9,-1.109,1.466,0.956,-4.465
2022,6,"Papua Tengah",3.6,-1.118,-2.283,0.061,-1.329
2022,6,"Bali",-9.3,-1.527,1.236,-0.461,-4.189
2022,6,"Riau",-14,-1.673,-0.054,0.26,-4.303
2022,6,"DKI Jakarta",-15.4,-1.718,2.423,0.528,-6.237
2022,6,"Sulawesi Tenggara",-19.3,-1.842,-0.245,-0.317,-4.124
2022,6,"Jambi",-20.1,-1.868,-0.402,-0.569,-3.88
2022,6,"Jawa Tengah",-23.8,-1.985,0.369,0.455,-5.505
2022,6,"Jawa Timur",-25,-2.02,0.136,0.614,-5.57
2022,6,"Bangka Belitung",-25,-2.021,0.342,-0.07,-5.148
2022,6,"Jawa Barat",-25.2,-2.026,0.705,0.779,-6.09
2022,6,"DI Yogyakarta",-25.3,-2.032,0.576,-0.366,-5.083
2022,6,"Kalimantan Utara",-27.4,-2.096,0.902,-0.162,-5.619
2022,6,"Sulawesi Selatan",-27.6,-2.104,-0.319,-0.392,-4.66
2022,6,"Sumatera Utara",-28.1,-2.118,-0.165,-0.18,-4.969
2022,6,"Sumatera Selatan",-29.7,-2.169,-0.58,-0.045,-4.936
2022,6,"Sumatera Barat",-29.8,-2.172,-0.681,-0.529,-4.481
2022,6,"Sulawesi Utara",-30.8,-2.205,0.338,-0.482,-5.261
2022,6,"Kalimantan Tengah",-31.7,-2.233,0.424,-0.318,-5.522
2022,6,"Aceh",-33.5,-2.29,-1.188,-1.06,-4.01
2022,6,"Lampung",-37.8,-2.425,-1.001,-0.325,-5.066
2022,6,"Kalimantan Selatan",-38.4,-2.444,0.047,0.2,-6.22
2022,6,"Gorontalo",-39.2,-2.47,0.074,-1.291,-5.083
2022,6,"Kalimantan Barat",-39.8,-2.488,-0.412,-0.404,-5.538
2022,6,"Maluku",-47,-2.715,-0.679,-1.054,-5.391
2022,6,"Nusa Tenggara Barat",-54.1,-2.941,-1.259,-0.662,-5.895
2022,6,"Sulawesi Barat",-55.9,-2.995,-1.355,-1.047,-5.652
2022,6,"Nusa Tenggara Timur",-69.5,-3.426,-1.302,-1.316,-6.529
2022,7,"Papua Barat",25.4,-0.43,-0.722,0.9,-1.329
2022,7,"Papua Barat Daya",20.4,-0.589,0.412,-0.477,-1.329
2022,7,"Kepulauan Riau",15,-0.758,2.328,2.8,-5.668
2022,7,"Papua",10.9,-0.888,0.22,-1.226,-1.329
2022,7,"Sulawesi Tengah",4.4,-1.094,-0.392,1.757,-3.88
2022,7,"Papua Tengah",3.6,-1.118,-2.283,0.061,-1.329
2022,7,"Maluku Utara",1.2,-1.193,-0.133,2.962,-5.278
2022,7,"Banten",1.2,-1.194,1.466,0.956,-4.676
2022,7,"Kalimantan Timur",1.1,-1.199,1.175,0.478,-4.108
2022,7,"Bali",-12.1,-1.613,1.236,-0.461,-4.4
2022,7,"Riau",-17.1,-1.772,-0.054,0.26,-4.546
2022,7,"DKI Jakarta",-17.9,-1.797,2.423,0.528,-6.432
2022,7,"Sulawesi Tenggara",-22.2,-1.934,-0.245,-0.317,-4.351
2022,7,"Jambi",-22.9,-1.954,-0.402,-0.569,-4.091
2022,7,"Jawa Tengah",-26.3,-2.064,0.369,0.455,-5.7
2022,7,"Jawa Timur",-27.7,-2.106,0.136,0.614,-5.782
2022,7,"Bangka Belitung",-27.7,-2.107,0.342,-0.07,-5.359
2022,7,"DI Yogyakarta",-27.8,-2.111,0.576,-0.366,-5.278
2022,7,"Jawa Barat",-27.9,-2.112,0.705,0.779,-6.302
2022,7,"Kalimantan Utara",-30.1,-2.181,0.902,-0.162,-5.83
2022,7,"Sulawesi Selatan",-30.5,-2.196,-0.319,-0.392,-4.888
2022,7,"Sumatera Utara",-31.2,-2.217,-0.165,-0.18,-5.213
2022,7,"Sumatera Selatan",-32.4,-2.255,-0.58,-0.045,-5.148
2022,7,"Sulawesi Utara",-33.3,-2.284,0.338,-0.482,-5.456
2022,7,"Kalimantan Tengah",-34.9,-2.332,0.424,-0.318,-5.765
2022,7,"Aceh",-36.4,-2.382,-1.188,-1.06,-4.238
2022,7,"Sumatera Barat",-37.1,-2.402,-0.681,-0.529,-5.05
2022,7,"Lampung",-40.9,-2.524,-1.001,-0.325,-5.31
2022,7,"Kalimantan Selatan",-41.1,-2.53,0.047,0.2,-6.432
2022,7,"Gorontalo",-41.9,-2.556,0.074,-1.291,-5.294
2022,7,"Kalimantan Barat",-42.7,-2.58,-0.412,-0.404,-5.765
2022,7,"Maluku",-49.9,-2.807,-0.679,-1.054,-5.619
2022,7,"Nusa Tenggara Barat",-56.9,-3.027,-1.259,-0.662,-6.107
2022,7,"Sulawesi Barat",-58.4,-3.074,-1.355,-1.047,-5.847
2022,7,"Nusa Tenggara Timur",-72,-3.505,-1.302,-1.316,-6.724
2022,8,"Papua Barat",25.4,-0.43,-0.722,0.9,-1.329
2022,8,"Papua Barat Daya",20.4,-0.589,0.412,-0.477,-1.329
2022,8,"Kepulauan Riau",17.3,-0.686,2.328,2.8,-5.489
2022,8,"Papua",10.9,-0.888,0.22,-1.226,-1.329
2022,8,"Maluku Utara",7.1,-1.008,-0.133,2.962,-4.823
2022,8,"Papua Tengah",3.6,-1.118,-2.283,0.061,-1.329
2022,8,"Banten",1.4,-1.188,1.466,0.956,-4.66
2022,8,"DKI Jakarta",-0.6,-1.25,2.423,0.528,-5.083
2022,8,"Sulawesi Tengah",-4.2,-1.364,-0.392,1.757,-4.546
2022,8,"Kalimantan Timur",-11.5,-1.594,1.175,0.478,-5.083
2022,8,"Jawa Barat",-12.6,-1.631,0.705,0.779,-5.115
2022,8,"Kalimantan Utara",-19.4,-1.845,0.902,-0.162,-5.001
2022,8,"Riau",-20.4,-1.877,-0.054,0.26,-4.806
2022,8,"Bali",-20.8,-1.89,1.236,-0.461,-5.083
2022,8,"Jawa Timur",-23.1,-1.961,0.136,0.614,-5.424
2022,8,"Bangka Belitung",-24.2,-1.995,0.342,-0.07,-5.083
2022,8,"Kalimantan Selatan",-24.8,-2.015,0.047,0.2,-5.164
2022,8,"DI Yogyakarta",-25.3,-2.032,0.576,-0.366,-5.083
2022,8,"Jawa Tengah",-26.6,-2.07,0.369,0.455,-5.717
2022,8,"Sumatera Utara",-29.7,-2.171,-0.165,-0.18,-5.099
2022,8,"Sulawesi Utara",-31,-2.212,0.338,-0.482,-5.278
2022,8,"Kalimantan Tengah",-31.5,-2.227,0.424,-0.318,-5.505
2022,8,"Sulawesi Tenggara",-31.6,-2.231,-0.245,-0.317,-5.083
2022,8,"Sumatera Selatan",-31.8,-2.235,-0.58,-0.045,-5.099
2022,8,"Sulawesi Selatan",-32.6,-2.262,-0.319,-0.392,-5.05
2022,8,"Kalimantan Barat",-34.6,-2.323,-0.412,-0.404,-5.131
2022,8,"Jambi",-35.6,-2.356,-0.402,-0.569,-5.083
2022,8,"Sumatera Barat",-37.1,-2.402,-0.681,-0.529,-5.05
2022,8,"Lampung",-38.6,-2.452,-1.001,-0.325,-5.131
2022,8,"Gorontalo",-39.4,-2.477,0.074,-1.291,-5.099
2022,8,"Maluku",-46.8,-2.708,-0.679,-1.054,-5.375
2022,8,"Aceh",-47.3,-2.725,-1.188,-1.06,-5.083
2022,8,"Nusa Tenggara Barat",-53.5,-2.922,-1.259,-0.662,-5.847
2022,8,"Nusa Tenggara Timur",-54.9,-2.965,-1.302,-1.316,-5.391
2022,8,"Sulawesi Barat",-56.1,-3.002,-1.355,-1.047,-5.668
2022,9,"Kepulauan Riau",34.6,-0.139,2.328,2.8,-4.14
2022,9,"Papua Barat",25.4,-0.43,-0.722,0.9,-1.329
2022,9,"Papua Barat Daya",20.4,-0.589,0.412,-0.477,-1.329
2022,9,"Maluku Utara",18.4,-0.652,-0.133,2.962,-3.945
2022,9,"Banten",12.7,-0.832,1.466,0.956,-3.783
2022,9,"Papua",10.9,-0.888,0.22,-1.226,-1.329
2022,9,"DKI Jakarta",10.5,-0.9,2.423,0.528,-4.221
2022,9,"Sulawesi Tengah",7.1,-1.008,-0.392,1.757,-3.669
2022,9,"Papua Tengah",3.6,-1.118,-2.283,0.061,-1.329
2022,9,"Kalimantan Timur",-0.6,-1.251,1.175,0.478,-4.238
2022,9,"Jawa Barat",-1.8,-1.288,0.705,0.779,-4.27
2022,9,"Kalimantan Utara",-8.4,-1.496,0.902,-0.162,-4.14
2022,9,"Riau",-9.2,-1.521,-0.054,0.26,-3.929
2022,9,"Bali",-10,-1.547,1.236,-0.461,-4.238
2022,9,"Jawa Timur",-12.2,-1.618,0.136,0.614,-4.579
2022,9,"Bangka Belitung",-13.1,-1.645,0.342,-0.07,-4.221
2022,9,"Kalimantan Selatan",-13.7,-1.666,0.047,0.2,-4.303
2022,9,"DI Yogyakarta",-14.5,-1.689,0.576,-0.366,-4.238
2022,9,"Jawa Tengah",-15.7,-1.728,0.369,0.455,-4.871
2022,9,"Sumatera Utara",-18.7,-1.822,-0.165,-0.18,-4.238
2022,9,"Sulawesi Utara",-20,-1.862,0.338,-0.482,-4.416
2022,9,"Sulawesi Tenggara",-20.6,-1.882,-0.245,-0.317,-4.221
2022,9,"Kalimantan Tengah",-20.7,-1.884,0.424,-0.318,-4.66
2022,9,"Sumatera Selatan",-20.7,-1.886,-0.58,-0.045,-4.238
2022,9,"Sulawesi Selatan",-21.6,-1.912,-0.319,-0.392,-4.189
2022,9,"Kalimantan Barat",-23.7,-1.98,-0.412,-0.404,-4.286
2022,9,"Jambi",-24.5,-2.006,-0.402,-0.569,-4.221
2022,9,"Sumatera Barat",-25.8,-2.047,-0.681,-0.529,-4.173
2022,9,"Lampung",-27.8,-2.109,-1.001,-0.325,-4.286
2022,9,"Gorontalo",-28.2,-2.121,0.074,-1.291,-4.221
2022,9,"Maluku",-35.9,-2.365,-0.679,-1.054,-4.53
2022,9,"Aceh",-36,-2.369,-1.188,-1.06,-4.205
2022,9,"Nusa Tenggara Barat",-42.7,-2.579,-1.259,-0.662,-5.001
2022,9,"Nusa Tenggara Timur",-44,-2.622,-1.302,-1.316,-4.546
2022,9,"Sulawesi Barat",-45,-2.653,-1.355,-1.047,-4.806
2022,10,"Kepulauan Riau",44.7,0.178,2.328,2.8,-3.36
2022,10,"Papua Barat",25.6,-0.423,-0.722,0.9,-1.312
2022,10,"Maluku Utara",24.8,-0.448,-0.133,2.962,-3.441
2022,10,"Banten",22.1,-0.535,1.466,0.956,-3.051
2022,10,"Papua Barat Daya",20.6,-0.582,0.412,-0.477,-1.312
2022,10,"DKI Jakarta",19.9,-0.604,2.423,0.528,-3.49
2022,10,"Sulawesi Tengah",18.2,-0.659,-0.392,1.757,-2.807
2022,10,"Papua",11.1,-0.881,0.22,-1.226,-1.312
2022,10,"Kalimantan Timur",9.2,-0.941,1.175,0.478,-3.474
2022,10,"Jawa Barat",7.8,-0.985,0.705,0.779,-3.523
2022,10,"Papua Tengah",3.8,-1.112,-2.283,0.061,-1.312
2022,10,"Kalimantan Utara",1.2,-1.193,0.902,-0.162,-3.393
2022,10,"Riau",0.9,-1.205,-0.054,0.26,-3.149
2022,10,"Bali",-0.2,-1.237,1.236,-0.461,-3.474
2022,10,"Jawa Timur",-2.6,-1.315,0.136,0.614,-3.831
2022,10,"Bangka Belitung",-3.5,-1.342,0.342,-0.07,-3.474
2022,10,"Kalimantan Selatan",-3.5,-1.343,0.047,0.2,-3.506
2022,10,"Kalimantan Tengah",-3.9,-1.357,0.424,-0.318,-3.36
2022,10,"DI Yogyakarta",-4.9,-1.386,0.576,-0.366,-3.49
2022,10,"Jawa Tengah",-5.9,-1.418,0.369,0.455,-4.108
2022,10,"Sumatera Utara",-9.1,-1.518,-0.165,-0.18,-3.49
2022,10,"Sulawesi Utara",-10.6,-1.566,0.338,-0.482,-3.685
2022,10,"Sulawesi Tenggara",-10.8,-1.572,-0.245,-0.317,-3.458
2022,10,"Sumatera Selatan",-10.9,-1.576,-0.58,-0.045,-3.474
2022,10,"Sulawesi Selatan",-12.4,-1.622,-0.319,-0.392,-3.474
2022,10,"Kalimantan Barat",-13.9,-1.671,-0.412,-0.404,-3.523
2022,10,"Jambi",-14.9,-1.703,-0.402,-0.569,-3.474
2022,10,"Sumatera Barat",-15.8,-1.73,-0.681,-0.529,-3.393
2022,10,"Lampung",-17.8,-1.793,-1.001,-0.325,-3.506
2022,10,"Gorontalo",-19,-1.831,0.074,-1.291,-3.506
2022,10,"Maluku",-26.1,-2.055,-0.679,-1.054,-3.766
2022,10,"Aceh",-26.4,-2.066,-1.188,-1.06,-3.458
2022,10,"Nusa Tenggara Barat",-33.3,-2.282,-1.259,-0.662,-4.27
2022,10,"Nusa Tenggara Timur",-34.4,-2.319,-1.302,-1.316,-3.799
2022,10,"Sulawesi Barat",-38.7,-2.455,-1.355,-1.047,-4.319
2022,11,"Kepulauan Riau",50.9,0.375,2.328,2.8,-2.872
2022,11,"Maluku Utara",32.8,-0.198,-0.133,2.962,-2.824
2022,11,"Banten",29.8,-0.291,1.466,0.956,-2.45
2022,11,"DKI Jakarta",28.3,-0.34,2.423,0.528,-2.84
2022,11,"Sulawesi Tengah",28.2,-0.342,-0.392,1.757,-2.027
2022,11,"Papua Barat",25.6,-0.423,-0.722,0.9,-1.312
2022,11,"Papua Barat Daya",20.6,-0.582,0.412,-0.477,-1.312
2022,11,"Kalimantan Timur",17.4,-0.684,1.175,0.478,-2.84
2022,11,"Jawa Barat",16,-0.728,0.705,0.779,-2.889
2022,11,"Papua",11.1,-0.881,0.22,-1.226,-1.312
2022,11,"Kalimantan Utara",9,-0.949,0.902,-0.162,-2.791
2022,11,"Bali",8,-0.98,1.236,-0.461,-2.84
2022,11,"Jawa Tengah",7.5,-0.996,0.369,0.455,-3.067
2022,11,"Jawa Timur",5.1,-1.071,0.136,0.614,-3.23
2022,11,"Kalimantan Selatan",4.8,-1.079,0.047,0.2,-2.856
2022,11,"Riau",4.8,-1.08,-0.054,0.26,-2.84
2022,11,"Bangka Belitung",4.7,-1.085,0.342,-0.07,-2.84
2022,11,"Kalimantan Tengah",4.2,-1.1,0.424,-0.318,-2.726
2022,11,"DI Yogyakarta",3.9,-1.109,0.576,-0.366,-2.807
2022,11,"Papua Tengah",3.8,-1.112,-2.283,0.061,-1.312
2022,11,"Sumatera Utara",-0.7,-1.255,-0.165,-0.18,-2.84
2022,11,"Sulawesi Utara",-2.2,-1.302,0.338,-0.482,-3.035
2022,11,"Sumatera Selatan",-3,-1.326,-0.58,-0.045,-2.856
2022,11,"Sulawesi Tenggara",-3,-1.328,-0.245,-0.317,-2.856
2022,11,"Sulawesi Selatan",-4.2,-1.365,-0.319,-0.392,-2.84
2022,11,"Kalimantan Barat",-6,-1.42,-0.412,-0.404,-2.905
2022,11,"Jambi",-6.8,-1.446,-0.402,-0.569,-2.84
2022,11,"Sumatera Barat",-8.7,-1.506,-0.681,-0.529,-2.84
2022,11,"Lampung",-9.6,-1.536,-1.001,-0.325,-2.872
2022,11,"Gorontalo",-10.6,-1.567,0.074,-1.291,-2.856
2022,11,"Maluku",-16.9,-1.765,-0.679,-1.054,-3.051
2022,11,"Aceh",-18.7,-1.822,-1.188,-1.06,-2.856
2022,11,"Nusa Tenggara Timur",-22.1,-1.93,-1.302,-1.316,-2.84
2022,11,"Nusa Tenggara Barat",-25.1,-2.025,-1.259,-0.662,-3.636
2022,11,"Sulawesi Barat",-30.8,-2.204,-1.355,-1.047,-3.701
2022,12,"Kepulauan Riau",58.2,0.606,2.328,2.8,-2.304
2022,12,"Maluku Utara",40.7,0.053,-0.133,2.962,-2.206
2022,12,"DKI Jakarta",34.9,-0.129,2.423,0.528,-2.32
2022,12,"Sulawesi Tengah",33.8,-0.164,-0.392,1.757,-1.589
2022,12,"Banten",31.5,-0.239,1.466,0.956,-2.32
2022,12,"Papua Barat",25.6,-0.423,-0.722,0.9,-1.312
2022,12,"Kalimantan Timur",24,-0.474,1.175,0.478,-2.32
2022,12,"Jawa Barat",22.9,-0.51,0.705,0.779,-2.352
2022,12,"Papua Barat Daya",20.6,-0.582,0.412,-0.477,-1.312
2022,12,"Jawa Tengah",17.1,-0.693,0.369,0.455,-2.32
2022,12,"Jawa Timur",16.2,-0.721,0.136,0.614,-2.369
2022,12,"Kalimantan Utara",15.7,-0.738,0.902,-0.162,-2.271
2022,12,"Bali",14.7,-0.769,1.236,-0.461,-2.32
2022,12,"Riau",11.7,-0.862,-0.054,0.26,-2.304
2022,12,"Kalimantan Selatan",11.5,-0.869,0.047,0.2,-2.336
2022,12,"Bangka Belitung",11.3,-0.874,0.342,-0.07,-2.32
2022,12,"Papua",11.1,-0.881,0.22,-1.226,-1.312
2022,12,"DI Yogyakarta",10.6,-0.898,0.576,-0.366,-2.287
2022,12,"Kalimantan Tengah",9.2,-0.942,0.424,-0.318,-2.336
2022,12,"Sulawesi Utara",7,-1.012,0.338,-0.482,-2.32
2022,12,"Sumatera Utara",5.8,-1.05,-0.165,-0.18,-2.336
2022,12,"Sulawesi Tenggara",4.1,-1.104,-0.245,-0.317,-2.304
2022,12,"Sumatera Selatan",3.9,-1.108,-0.58,-0.045,-2.32
2022,12,"Papua Tengah",3.8,-1.112,-2.283,0.061,-1.312
2022,12,"Sulawesi Selatan",2,-1.168,-0.319,-0.392,-2.352
2022,12,"Kalimantan Barat",1.8,-1.176,-0.412,-0.404,-2.304
2022,12,"Jambi",-0.1,-1.235,-0.402,-0.569,-2.32
2022,12,"Sumatera Barat",-1.8,-1.289,-0.681,-0.529,-2.304
2022,12,"Lampung",-2.9,-1.325,-1.001,-0.325,-2.352
2022,12,"Gorontalo",-3.5,-1.343,0.074,-1.291,-2.304
2022,12,"Nusa Tenggara Barat",-8.4,-1.498,-1.259,-0.662,-2.336
2022,12,"Maluku",-10.6,-1.568,-0.679,-1.054,-2.564
2022,12,"Aceh",-12.4,-1.624,-1.188,-1.06,-2.369
2022,12,"Sulawesi Barat",-12.6,-1.631,-1.355,-1.047,-2.287
2022,12,"Nusa Tenggara Timur",-15.4,-1.719,-1.302,-1.316,-2.32
2023,1,"Kepulauan Riau",71.2,1.015,2.328,2.8,-1.296
2023,1,"Maluku Utara",52.4,0.422,-0.133,2.962,-1.296
2023,1,"DKI Jakarta",48.1,0.286,2.423,0.528,-1.296
2023,1,"Banten",44.6,0.177,1.466,0.956,-1.296
2023,1,"Sulawesi Tengah",37.6,-0.046,-0.392,1.757,-1.296
2023,1,"Kalimantan Timur",37.2,-0.058,1.175,0.478,-1.296
2023,1,"Jawa Barat",36.4,-0.082,0.705,0.779,-1.296
2023,1,"Jawa Tengah",30.2,-0.278,0.369,0.455,-1.296
2023,1,"Jawa Timur",30,-0.286,0.136,0.614,-1.296
2023,1,"Kalimantan Utara",28.2,-0.343,0.902,-0.162,-1.296
2023,1,"Bali",27.8,-0.354,1.236,-0.461,-1.296
2023,1,"Papua Barat",25.8,-0.417,-0.722,0.9,-1.296
2023,1,"Kalimantan Selatan",24.9,-0.447,0.047,0.2,-1.296
2023,1,"Riau",24.7,-0.454,-0.054,0.26,-1.296
2023,1,"Bangka Belitung",24.5,-0.459,0.342,-0.07,-1.296
2023,1,"DI Yogyakarta",23.3,-0.496,0.576,-0.366,-1.296
2023,1,"Kalimantan Tengah",22.6,-0.52,0.424,-0.318,-1.296
2023,1,"Papua Barat Daya",20.8,-0.576,0.412,-0.477,-1.296
2023,1,"Sulawesi Utara",20.1,-0.597,0.338,-0.482,-1.296
2023,1,"Sumatera Utara",19.1,-0.629,-0.165,-0.18,-1.296
2023,1,"Sumatera Selatan",17.1,-0.693,-0.58,-0.045,-1.296
2023,1,"Sulawesi Tenggara",17,-0.695,-0.245,-0.317,-1.296
2023,1,"Sulawesi Selatan",15.6,-0.739,-0.319,-0.392,-1.296
2023,1,"Kalimantan Barat",14.7,-0.768,-0.412,-0.404,-1.296
2023,1,"Jambi",13.1,-0.82,-0.402,-0.569,-1.296
2023,1,"Papua",11.3,-0.875,0.22,-1.226,-1.296
2023,1,"Sumatera Barat",11.2,-0.88,-0.681,-0.529,-1.296
2023,1,"Lampung",10.6,-0.896,-1.001,-0.325,-1.296
2023,1,"Gorontalo",9.4,-0.935,0.074,-1.291,-1.296
2023,1,"Maluku",5.7,-1.054,-0.679,-1.054,-1.296
2023,1,"Nusa Tenggara Barat",4.9,-1.076,-1.259,-0.662,-1.296
2023,1,"Papua Tengah",4,-1.105,-2.283,0.061,-1.296
2023,1,"Aceh",1.4,-1.189,-1.188,-1.06,-1.296
2023,1,"Sulawesi Barat",0.1,-1.229,-1.355,-1.047,-1.296
2023,1,"Nusa Tenggara Timur",-2.3,-1.304,-1.302,-1.316,-1.296
2023,2,"Kepulauan Riau",69.3,0.955,2.328,2.8,-1.442
2023,2,"Maluku Utara",50.7,0.369,-0.133,2.962,-1.426
2023,2,"DKI Jakarta",46,0.22,2.423,0.528,-1.459
2023,2,"Banten",42.5,0.111,1.466,0.956,-1.459
2023,2,"Sulawesi Tengah",35.7,-0.105,-0.392,1.757,-1.442
2023,2,"Kalimantan Timur",35.1,-0.124,1.175,0.478,-1.459
2023,2,"Jawa Barat",34.1,-0.155,0.705,0.779,-1.475
2023,2,"Jawa Tengah",27.9,-0.35,0.369,0.455,-1.475
2023,2,"Jawa Timur",27.3,-0.372,0.136,0.614,-1.507
2023,2,"Papua Barat",25.8,-0.417,-0.722,0.9,-1.296
2023,2,"Bali",25.7,-0.42,1.236,-0.461,-1.459
2023,2,"Kalimantan Utara",25.5,-0.428,0.902,-0.162,-1.507
2023,2,"Kalimantan Selatan",22.6,-0.519,0.047,0.2,-1.475
2023,2,"Riau",22.6,-0.52,-0.054,0.26,-1.459
2023,2,"Bangka Belitung",22.4,-0.525,0.342,-0.07,-1.459
2023,2,"DI Yogyakarta",21.2,-0.562,0.576,-0.366,-1.459
2023,2,"Papua Barat Daya",20.8,-0.576,0.412,-0.477,-1.296
2023,2,"Kalimantan Tengah",20.5,-0.586,0.424,-0.318,-1.459
2023,2,"Sulawesi Utara",17.8,-0.669,0.338,-0.482,-1.475
2023,2,"Sumatera Utara",16.8,-0.701,-0.165,-0.18,-1.475
2023,2,"Sumatera Selatan",15,-0.759,-0.58,-0.045,-1.459
2023,2,"Sulawesi Tenggara",14.9,-0.761,-0.245,-0.317,-1.459
2023,2,"Sulawesi Selatan",13.5,-0.805,-0.319,-0.392,-1.459
2023,2,"Kalimantan Barat",12.6,-0.834,-0.412,-0.404,-1.459
2023,2,"Papua",11.3,-0.875,0.22,-1.226,-1.296
2023,2,"Jambi",11,-0.886,-0.402,-0.569,-1.459
2023,2,"Sumatera Barat",8.4,-0.966,-0.681,-0.529,-1.507
2023,2,"Lampung",8.3,-0.969,-1.001,-0.325,-1.475
2023,2,"Papua Tengah",4,-1.105,-2.283,0.061,-1.296
2023,2,"Maluku",3.4,-1.126,-0.679,-1.054,-1.475
2023,2,"Nusa Tenggara Barat",2.7,-1.149,-1.259,-0.662,-1.475
2023,2,"Gorontalo",-0.2,-1.238,0.074,-1.291,-2.044
2023,2,"Aceh",-0.7,-1.255,-1.188,-1.06,-1.459
2023,2,"Sulawesi Barat",-2,-1.295,-1.355,-1.047,-1.459
2023,2,"Nusa Tenggara Timur",-3.9,-1.357,-1.302,-1.316,-1.426
2023,3,"Kepulauan Riau",71.8,1.034,2.328,2.8,-1.247
2023,3,"Maluku Utara",53,0.442,-0.133,2.962,-1.247
2023,3,"DKI Jakarta",48.7,0.306,2.423,0.528,-1.247
2023,3,"Banten",44.8,0.183,1.466,0.956,-1.28
2023,3,"Sulawesi Tengah",38.2,-0.026,-0.392,1.757,-1.247
2023,3,"Kalimantan Timur",37.8,-0.038,1.175,0.478,-1.247
2023,3,"Jawa Barat",36.6,-0.075,0.705,0.779,-1.28
2023,3,"Jawa Tengah",30.2,-0.278,0.369,0.455,-1.296
2023,3,"Jawa Timur",29.8,-0.293,0.136,0.614,-1.312
2023,3,"Kalimantan Utara",29.2,-0.31,0.902,-0.162,-1.215
2023,3,"Bali",28.7,-0.328,1.236,-0.461,-1.231
2023,3,"Kalimantan Selatan",27.6,-0.361,0.047,0.2,-1.085
2023,3,"Papua Barat",25.8,-0.417,-0.722,0.9,-1.296
2023,3,"Bangka Belitung",25.1,-0.439,0.342,-0.07,-1.247
2023,3,"Riau",25.1,-0.44,-0.054,0.26,-1.264
2023,3,"DI Yogyakarta",24,-0.476,0.576,-0.366,-1.247
2023,3,"Kalimantan Tengah",23,-0.506,0.424,-0.318,-1.264
2023,3,"Papua Barat Daya",20.8,-0.576,0.412,-0.477,-1.296
2023,3,"Sulawesi Utara",20.6,-0.584,0.338,-0.482,-1.264
2023,3,"Sumatera Utara",19.5,-0.615,-0.165,-0.18,-1.264
2023,3,"Sumatera Selatan",17.5,-0.68,-0.58,-0.045,-1.264
2023,3,"Sulawesi Tenggara",17.2,-0.689,-0.245,-0.317,-1.28
2023,3,"Sulawesi Selatan",16.5,-0.713,-0.319,-0.392,-1.231
2023,3,"Kalimantan Barat",15.3,-0.748,-0.412,-0.404,-1.247
2023,3,"Jambi",14.1,-0.787,-0.402,-0.569,-1.215
2023,3,"Sumatera Barat",11.6,-0.867,-0.681,-0.529,-1.264
2023,3,"Papua",11.3,-0.875,0.22,-1.226,-1.296
2023,3,"Lampung",10.2,-0.909,-1.001,-0.325,-1.329
2023,3,"Maluku",7.3,-1.001,-0.679,-1.054,-1.166
2023,3,"Nusa Tenggara Barat",5.4,-1.063,-1.259,-0.662,-1.264
2023,3,"Papua Tengah",4,-1.105,-2.283,0.061,-1.296
2023,3,"Gorontalo",1.5,-1.185,0.074,-1.291,-1.914
2023,3,"Aceh",1.4,-1.189,-1.188,-1.06,-1.296
2023,3,"Sulawesi Barat",0.3,-1.222,-1.355,-1.047,-1.28
2023,3,"Nusa Tenggara Timur",-1.2,-1.271,-1.302,-1.316,-1.215
2023,4,"Kepulauan Riau",67.8,0.909,2.328,2.8,-1.556
2023,4,"Maluku Utara",53,0.442,-0.133,2.962,-1.247
2023,4,"DKI Jakarta",44.5,0.174,2.423,0.528,-1.572
2023,4,"Banten",39,-0.001,1.466,0.956,-1.735
2023,4,"Sulawesi Tengah",34.3,-0.151,-0.392,1.757,-1.556
2023,4,"Kalimantan Timur",33.6,-0.17,1.175,0.478,-1.572
2023,4,"Jawa Barat",32.7,-0.201,0.705,0.779,-1.589
2023,4,"Kalimantan Selatan",28.2,-0.341,0.047,0.2,-1.036
2023,4,"Papua Barat",25.8,-0.417,-0.722,0.9,-1.296
2023,4,"Kalimantan Utara",25.7,-0.422,0.902,-0.162,-1.491
2023,4,"Jawa Tengah",25.6,-0.423,0.369,0.455,-1.654
2023,4,"Jawa Timur",25.4,-0.431,0.136,0.614,-1.654
2023,4,"Bali",24.3,-0.466,1.236,-0.461,-1.572
2023,4,"Riau",21.1,-0.566,-0.054,0.26,-1.572
2023,4,"Bangka Belitung",20.9,-0.571,0.342,-0.07,-1.572
2023,4,"Papua Barat Daya",20.8,-0.576,0.412,-0.477,-1.296
2023,4,"DI Yogyakarta",19.8,-0.608,0.576,-0.366,-1.572
2023,4,"Kalimantan Tengah",18.6,-0.645,0.424,-0.318,-1.605
2023,4,"Sulawesi Utara",16.6,-0.709,0.338,-0.482,-1.572
2023,4,"Sumatera Utara",15.6,-0.741,-0.165,-0.18,-1.572
2023,4,"Sumatera Selatan",14.2,-0.785,-0.58,-0.045,-1.524
2023,4,"Sulawesi Tenggara",12.8,-0.827,-0.245,-0.317,-1.621
2023,4,"Sulawesi Selatan",12.1,-0.851,-0.319,-0.392,-1.572
2023,4,"Kalimantan Barat",11.4,-0.873,-0.412,-0.404,-1.556
2023,4,"Papua",11.3,-0.875,0.22,-1.226,-1.296
2023,4,"Jambi",9.9,-0.919,-0.402,-0.569,-1.54
2023,4,"Sumatera Barat",7.6,-0.992,-0.681,-0.529,-1.572
2023,4,"Lampung",6.9,-1.015,-1.001,-0.325,-1.589
2023,4,"Papua Tengah",4,-1.105,-2.283,0.061,-1.296
2023,4,"Maluku",3.6,-1.12,-0.679,-1.054,-1.459
2023,4,"Nusa Tenggara Barat",1.2,-1.195,-1.259,-0.662,-1.589
2023,4,"Sulawesi Barat",-1.8,-1.288,-1.355,-1.047,-1.442
2023,4,"Gorontalo",-1.9,-1.291,0.074,-1.291,-2.174
2023,4,"Aceh",-3.2,-1.334,-1.188,-1.06,-1.654
2023,4,"Nusa Tenggara Timur",-5.4,-1.403,-1.302,-1.316,-1.54
2023,5,"Kepulauan Riau",62,0.725,2.328,2.8,-2.011
2023,5,"Maluku Utara",52,0.409,-0.133,2.962,-1.329
2023,5,"DKI Jakarta",44.5,0.174,2.423,0.528,-1.572
2023,5,"Banten",40.7,0.051,1.466,0.956,-1.605
2023,5,"Sulawesi Tengah",32.6,-0.204,-0.392,1.757,-1.686
2023,5,"Kalimantan Timur",32.4,-0.21,1.175,0.478,-1.67
2023,5,"Jawa Barat",30.8,-0.26,0.705,0.779,-1.735
2023,5,"DI Yogyakarta",30,-0.285,0.576,-0.366,-0.776
2023,5,"Kalimantan Selatan",27.2,-0.374,0.047,0.2,-1.117
2023,5,"Papua Barat",25.8,-0.417,-0.722,0.9,-1.296
2023,5,"Kalimantan Utara",25.1,-0.441,0.902,-0.162,-1.54
2023,5,"Jawa Timur",24.3,-0.464,0.136,0.614,-1.735
2023,5,"Bali",23.4,-0.492,1.236,-0.461,-1.637
2023,5,"Riau",22,-0.539,-0.054,0.26,-1.507
2023,5,"Jawa Tengah",21.3,-0.561,0.369,0.455,-1.995
2023,5,"Papua Barat Daya",20.8,-0.576,0.412,-0.477,-1.296
2023,5,"Bangka Belitung",19.7,-0.611,0.342,-0.07,-1.67
2023,5,"Kalimantan Tengah",16.9,-0.698,0.424,-0.318,-1.735
2023,5,"Sulawesi Utara",15.3,-0.748,0.338,-0.482,-1.67
2023,5,"Sulawesi Selatan",15,-0.759,-0.319,-0.392,-1.345
2023,5,"Sumatera Utara",14.5,-0.774,-0.165,-0.18,-1.654
2023,5,"Sumatera Selatan",13.1,-0.818,-0.58,-0.045,-1.605
2023,5,"Sulawesi Tenggara",12.2,-0.847,-0.245,-0.317,-1.67
2023,5,"Papua",11.3,-0.875,0.22,-1.226,-1.296
2023,5,"Kalimantan Barat",9.7,-0.926,-0.412,-0.404,-1.686
2023,5,"Jambi",8.9,-0.952,-0.402,-0.569,-1.621
2023,5,"Sumatera Barat",6.4,-1.032,-0.681,-0.529,-1.67
2023,5,"Lampung",5.6,-1.054,-1.001,-0.325,-1.686
2023,5,"Papua Tengah",4,-1.105,-2.283,0.061,-1.296
2023,5,"Maluku",1.9,-1.172,-0.679,-1.054,-1.589
2023,5,"Nusa Tenggara Barat",0.1,-1.228,-1.259,-0.662,-1.67
2023,5,"Sulawesi Barat",-3,-1.328,-1.355,-1.047,-1.54
2023,5,"Gorontalo",-3.7,-1.35,0.074,-1.291,-2.32
2023,5,"Aceh",-4.3,-1.367,-1.188,-1.06,-1.735
2023,5,"Nusa Tenggara Timur",-6.7,-1.442,-1.302,-1.316,-1.637
2023,6,"Kepulauan Riau",58.2,0.606,2.328,2.8,-2.304
2023,6,"Maluku Utara",48,0.284,-0.133,2.962,-1.637
2023,6,"DKI Jakarta",41.6,0.082,2.423,0.528,-1.8
2023,6,"Banten",38.8,-0.008,1.466,0.956,-1.751
2023,6,"Sulawesi Tengah",30.3,-0.276,-0.392,1.757,-1.865
2023,6,"Kalimantan Timur",29.3,-0.309,1.175,0.478,-1.914
2023,6,"Jawa Barat",27.9,-0.352,0.705,0.779,-1.962
2023,6,"DI Yogyakarta",27.1,-0.377,0.576,-0.366,-1.003
2023,6,"Papua Barat",25.8,-0.417,-0.722,0.9,-1.296
2023,6,"Kalimantan Selatan",24.1,-0.473,0.047,0.2,-1.361
2023,6,"Jawa Timur",22.7,-0.517,0.136,0.614,-1.865
2023,6,"Kalimantan Utara",21.5,-0.553,0.902,-0.162,-1.816
2023,6,"Papua Barat Daya",20.8,-0.576,0.412,-0.477,-1.296
2023,6,"Bali",20.5,-0.585,1.236,-0.461,-1.865
2023,6,"Riau",18.8,-0.638,-0.054,0.26,-1.751
2023,6,"Jawa Tengah",18.8,-0.64,0.369,0.455,-2.19
2023,6,"Bangka Belitung",16.8,-0.703,0.342,-0.07,-1.897
2023,6,"Kalimantan Tengah",14,-0.79,0.424,-0.318,-1.962
2023,6,"Sulawesi Utara",12,-0.854,0.338,-0.482,-1.93
2023,6,"Sumatera Utara",11.4,-0.872,-0.165,-0.18,-1.897
2023,6,"Papua",11.3,-0.875,0.22,-1.226,-1.296
2023,6,"Sulawesi Selatan",11,-0.884,-0.319,-0.392,-1.654
2023,6,"Sulawesi Tenggara",9.9,-0.919,-0.245,-0.317,-1.849
2023,6,"Sumatera Selatan",9.8,-0.923,-0.58,-0.045,-1.865
2023,6,"Kalimantan Barat",6.2,-1.038,-0.412,-0.404,-1.962
2023,6,"Jambi",5.8,-1.051,-0.402,-0.569,-1.865
2023,6,"Papua Tengah",4,-1.105,-2.283,0.061,-1.296
2023,6,"Sumatera Barat",3.2,-1.13,-0.681,-0.529,-1.914
2023,6,"Lampung",2.5,-1.153,-1.001,-0.325,-1.93
2023,6,"Maluku",-0.8,-1.258,-0.679,-1.054,-1.8
2023,6,"Nusa Tenggara Barat",-3,-1.326,-1.259,-0.662,-1.914
2023,6,"Gorontalo",-5.4,-1.403,0.074,-1.291,-2.45
2023,6,"Sulawesi Barat",-6.6,-1.44,-1.355,-1.047,-1.816
2023,6,"Aceh",-7.8,-1.479,-1.188,-1.06,-2.011
2023,6,"Nusa Tenggara Timur",-9.6,-1.535,-1.302,-1.316,-1.865
2023,7,"Kepulauan Riau",47.6,0.27,2.328,2.8,-3.132
2023,7,"DKI Jakarta",34.5,-0.142,2.423,0.528,-2.352
2023,7,"Banten",31.9,-0.226,1.466,0.956,-2.287
2023,7,"Maluku Utara",28.6,-0.329,-0.133,2.962,-3.149
2023,7,"Papua Barat",25.6,-0.423,-0.722,0.9,-1.312
2023,7,"Sulawesi Tengah",23,-0.507,-0.392,1.757,-2.434
2023,7,"Kalimantan Timur",21.9,-0.539,1.175,0.478,-2.482
2023,7,"Papua Barat Daya",20.6,-0.582,0.412,-0.477,-1.312
2023,7,"Jawa Barat",20.6,-0.583,0.705,0.779,-2.531
2023,7,"DI Yogyakarta",19.6,-0.615,0.576,-0.366,-1.589
2023,7,"Kalimantan Selatan",16.7,-0.704,0.047,0.2,-1.93
2023,7,"Jawa Timur",15.6,-0.741,0.136,0.614,-2.417
2023,7,"Kalimantan Utara",14.4,-0.778,0.902,-0.162,-2.369
2023,7,"Bali",13.2,-0.815,1.236,-0.461,-2.434
2023,7,"Riau",11.9,-0.856,-0.054,0.26,-2.287
2023,7,"Jawa Tengah",11.9,-0.858,0.369,0.455,-2.726
2023,7,"Papua",11.1,-0.881,0.22,-1.226,-1.312
2023,7,"Bangka Belitung",9.5,-0.934,0.342,-0.07,-2.466
2023,7,"Kalimantan Tengah",6.5,-1.027,0.424,-0.318,-2.547
2023,7,"Sulawesi Tenggara",6.2,-1.038,-0.245,-0.317,-2.141
2023,7,"Sulawesi Utara",4.7,-1.084,0.338,-0.482,-2.499
2023,7,"Sumatera Utara",4.3,-1.097,-0.165,-0.18,-2.45
2023,7,"Sulawesi Selatan",4.1,-1.102,-0.319,-0.392,-2.19
2023,7,"Papua Tengah",3.8,-1.112,-2.283,0.061,-1.312
2023,7,"Sumatera Selatan",2.7,-1.148,-0.58,-0.045,-2.417
2023,7,"Kalimantan Barat",-0.9,-1.262,-0.412,-0.404,-2.515
2023,7,"Jambi",-1.6,-1.281,-0.402,-0.569,-2.434
2023,7,"Sumatera Barat",-3.9,-1.354,-0.681,-0.529,-2.466
2023,7,"Lampung",-4.8,-1.384,-1.001,-0.325,-2.499
2023,7,"Maluku",-8.7,-1.508,-0.679,-1.054,-2.417
2023,7,"Nusa Tenggara Barat",-10.3,-1.557,-1.259,-0.662,-2.482
2023,7,"Gorontalo",-12.3,-1.62,0.074,-1.291,-2.986
2023,7,"Sulawesi Barat",-13.5,-1.657,-1.355,-1.047,-2.352
2023,7,"Aceh",-16,-1.736,-1.188,-1.06,-2.645
2023,7,"Nusa Tenggara Timur",-16.9,-1.765,-1.302,-1.316,-2.434
2023,8,"Kepulauan Riau",46.5,0.237,2.328,2.8,-3.214
2023,8,"DKI Jakarta",33.1,-0.189,2.423,0.528,-2.466
2023,8,"Banten",30.4,-0.272,1.466,0.956,-2.401
2023,8,"Papua Barat",25.6,-0.423,-0.722,0.9,-1.312
2023,8,"Maluku Utara",23.8,-0.481,-0.133,2.962,-3.523
2023,8,"Sulawesi Tengah",22.1,-0.533,-0.392,1.757,-2.499
2023,8,"Kalimantan Timur",20.7,-0.579,1.175,0.478,-2.58
2023,8,"Papua Barat Daya",20.6,-0.582,0.412,-0.477,-1.312
2023,8,"Jawa Barat",19.3,-0.622,0.705,0.779,-2.629
2023,8,"DI Yogyakarta",18.7,-0.641,0.576,-0.366,-1.654
2023,8,"Kalimantan Selatan",15.3,-0.75,0.047,0.2,-2.044
2023,8,"Jawa Timur",14.1,-0.787,0.136,0.614,-2.531
2023,8,"Kalimantan Utara",12.5,-0.837,0.902,-0.162,-2.515
2023,8,"Bali",11.7,-0.861,1.236,-0.461,-2.547
2023,8,"Papua",11.1,-0.881,0.22,-1.226,-1.312
2023,8,"Jawa Tengah",10.2,-0.91,0.369,0.455,-2.856
2023,8,"Bangka Belitung",8,-0.98,0.342,-0.07,-2.58
2023,8,"Riau",6.7,-1.02,-0.054,0.26,-2.694
2023,8,"Kalimantan Tengah",5.2,-1.067,0.424,-0.318,-2.645
2023,8,"Sulawesi Tenggara",4.7,-1.084,-0.245,-0.317,-2.255
2023,8,"Sumatera Utara",4.1,-1.103,-0.165,-0.18,-2.466
2023,8,"Papua Tengah",3.8,-1.112,-2.283,0.061,-1.312
2023,8,"Sulawesi Utara",3.2,-1.131,0.338,-0.482,-2.612
2023,8,"Sulawesi Selatan",2.9,-1.141,-0.319,-0.392,-2.287
2023,8,"Sumatera Selatan",1,-1.2,-0.58,-0.045,-2.547
2023,8,"Kalimantan Barat",-2,-1.295,-0.412,-0.404,-2.596
2023,8,"Jambi",-3,-1.327,-0.402,-0.569,-2.547
2023,8,"Sumatera Barat",-5.1,-1.394,-0.681,-0.529,-2.564
2023,8,"Lampung",-6.1,-1.424,-1.001,-0.325,-2.596
2023,8,"Maluku",-10.2,-1.555,-0.679,-1.054,-2.531
2023,8,"Nusa Tenggara Barat",-11.8,-1.603,-1.259,-0.662,-2.596
2023,8,"Gorontalo",-14.2,-1.68,0.074,-1.291,-3.132
2023,8,"Sulawesi Barat",-14.3,-1.684,-1.355,-1.047,-2.417
2023,8,"Aceh",-17,-1.769,-1.188,-1.06,-2.726
2023,8,"Nusa Tenggara Timur",-18.4,-1.812,-1.302,-1.316,-2.547
2023,9,"Kepulauan Riau",50.7,0.369,2.328,2.8,-2.889
2023,9,"DKI Jakarta",37.7,-0.044,2.423,0.528,-2.109
2023,9,"Banten",34.6,-0.14,1.466,0.956,-2.076
2023,9,"Maluku Utara",30.3,-0.277,-0.133,2.962,-3.019
2023,9,"Sulawesi Tengah",26.3,-0.401,-0.392,1.757,-2.174
2023,9,"Papua Barat",25.6,-0.423,-0.722,0.9,-1.312
2023,9,"Kalimantan Timur",25.1,-0.441,1.175,0.478,-2.239
2023,9,"Jawa Barat",23.7,-0.484,0.705,0.779,-2.287
2023,9,"DI Yogyakarta",20.8,-0.575,0.576,-0.366,-1.491
2023,9,"Papua Barat Daya",20.6,-0.582,0.412,-0.477,-1.312
2023,9,"Kalimantan Selatan",19.9,-0.605,0.047,0.2,-1.686
2023,9,"Jawa Timur",18.5,-0.649,0.136,0.614,-2.19
2023,9,"Kalimantan Utara",17.3,-0.685,0.902,-0.162,-2.141
2023,9,"Bali",16.6,-0.71,1.236,-0.461,-2.174
2023,9,"Jawa Tengah",14.4,-0.779,0.369,0.455,-2.531
2023,9,"Bangka Belitung",12.6,-0.835,0.342,-0.07,-2.222
2023,9,"Papua",11.1,-0.881,0.22,-1.226,-1.312
2023,9,"Kalimantan Tengah",9.6,-0.928,0.424,-0.318,-2.304
2023,9,"Sulawesi Tenggara",9.5,-0.932,-0.245,-0.317,-1.881
2023,9,"Sumatera Utara",8.7,-0.958,-0.165,-0.18,-2.109
2023,9,"Sulawesi Utara",7.8,-0.986,0.338,-0.482,-2.255
2023,9,"Maluku",7.7,-0.988,-0.679,-1.054,-1.133
2023,9,"Kalimantan Barat",7.6,-0.992,-0.412,-0.404,-1.849
2023,9,"Sulawesi Selatan",7.3,-1.003,-0.319,-0.392,-1.946
2023,9,"Sumatera Selatan",5.6,-1.055,-0.58,-0.045,-2.19
2023,9,"Nusa Tenggara Barat",4.5,-1.089,-1.259,-0.662,-1.329
2023,9,"Riau",4.2,-1.1,-0.054,0.26,-2.889
2023,9,"Papua Tengah",3.8,-1.112,-2.283,0.061,-1.312
2023,9,"Jambi",1.8,-1.176,-0.402,-0.569,-2.174
2023,9,"Sumatera Barat",-0.7,-1.256,-0.681,-0.529,-2.222
2023,9,"Lampung",-1.5,-1.278,-1.001,-0.325,-2.239
2023,9,"Sulawesi Barat",-8.9,-1.512,-1.355,-1.047,-1.995
2023,9,"Aceh",-12.8,-1.638,-1.188,-1.06,-2.401
2023,9,"Nusa Tenggara Timur",-13.8,-1.667,-1.302,-1.316,-2.19
2023,9,"Gorontalo",-22.5,-1.943,0.074,-1.291,-3.783
2023,10,"Kepulauan Riau",58.4,0.613,2.328,2.8,-2.287
2023,10,"DKI Jakarta",45.6,0.207,2.423,0.528,-1.491
2023,10,"Banten",43.8,0.15,1.466,0.956,-1.361
2023,10,"Maluku Utara",38,-0.033,-0.133,2.962,-2.417
2023,10,"Sulawesi Tengah",33.4,-0.177,-0.392,1.757,-1.621
2023,10,"Kalimantan Timur",32.8,-0.197,1.175,0.478,-1.637
2023,10,"Jawa Barat",31.6,-0.234,0.705,0.779,-1.67
2023,10,"DI Yogyakarta",29.4,-0.305,0.576,-0.366,-0.825
2023,10,"Kalimantan Selatan",27.6,-0.361,0.047,0.2,-1.085
2023,10,"Jawa Timur",26.4,-0.398,0.136,0.614,-1.572
2023,10,"Papua Barat",25.8,-0.417,-0.722,0.9,-1.296
2023,10,"Kalimantan Utara",25.5,-0.428,0.902,-0.162,-1.507
2023,10,"Bali",24.5,-0.459,1.236,-0.461,-1.556
2023,10,"Jawa Tengah",24,-0.475,0.369,0.455,-1.784
2023,10,"Papua Barat Daya",20.8,-0.576,0.412,-0.477,-1.296
2023,10,"Bangka Belitung",20.7,-0.578,0.342,-0.07,-1.589
2023,10,"Sulawesi Tenggara",17.2,-0.689,-0.245,-0.317,-1.28
2023,10,"Sumatera Utara",16.4,-0.714,-0.165,-0.18,-1.507
2023,10,"Sulawesi Utara",15.7,-0.735,0.338,-0.482,-1.637
2023,10,"Kalimantan Barat",15.6,-0.741,-0.412,-0.404,-1.231
2023,10,"Sulawesi Selatan",15.4,-0.746,-0.319,-0.392,-1.312
2023,10,"Maluku",13.2,-0.816,-0.679,-1.054,-0.711
2023,10,"Sumatera Selatan",13.1,-0.818,-0.58,-0.045,-1.605
2023,10,"Nusa Tenggara Barat",12.9,-0.826,-1.259,-0.662,-0.678
2023,10,"Riau",12.3,-0.842,-0.054,0.26,-2.255
2023,10,"Papua",11.3,-0.875,0.22,-1.226,-1.296
2023,10,"Jambi",9.7,-0.925,-0.402,-0.569,-1.556
2023,10,"Sumatera Barat",7.4,-0.999,-0.681,-0.529,-1.589
2023,10,"Kalimantan Tengah",6.3,-1.034,0.424,-0.318,-2.564
2023,10,"Lampung",6.3,-1.035,-1.001,-0.325,-1.637
2023,10,"Papua Tengah",4,-1.105,-2.283,0.061,-1.296
2023,10,"Sulawesi Barat",-0.9,-1.262,-1.355,-1.047,-1.377
2023,10,"Aceh",-3.9,-1.354,-1.188,-1.06,-1.702
2023,10,"Nusa Tenggara Timur",-5.8,-1.416,-1.302,-1.316,-1.572
2023,10,"Gorontalo",-14.4,-1.686,0.074,-1.291,-3.149
2023,11,"Kepulauan Riau",61.2,0.698,2.328,2.8,-2.076
2023,11,"DKI Jakarta",47.9,0.279,2.423,0.528,-1.312
2023,11,"Banten",46.3,0.229,1.466,0.956,-1.166
2023,11,"Maluku Utara",41.5,0.079,-0.133,2.962,-2.141
2023,11,"Sulawesi Tengah",36.1,-0.092,-0.392,1.757,-1.41
2023,11,"Kalimantan Timur",35.3,-0.118,1.175,0.478,-1.442
2023,11,"Jawa Barat",33.9,-0.161,0.705,0.779,-1.491
2023,11,"Sumatera Utara",32.7,-0.2,-0.165,-0.18,-0.24
2023,11,"DI Yogyakarta",31.9,-0.226,0.576,-0.366,-0.63
2023,11,"Kalimantan Barat",31,-0.254,-0.412,-0.404,-0.028
2023,11,"Kalimantan Selatan",30.1,-0.282,0.047,0.2,-0.89
2023,11,"Jawa Timur",28.9,-0.319,0.136,0.614,-1.377
2023,11,"Kalimantan Utara",27.6,-0.362,0.902,-0.162,-1.345
2023,11,"Bali",26.8,-0.387,1.236,-0.461,-1.377
2023,11,"Jawa Tengah",26.5,-0.396,0.369,0.455,-1.589
2023,11,"Papua Barat",25.8,-0.417,-0.722,0.9,-1.296
2023,11,"Bangka Belitung",22.8,-0.512,0.342,-0.07,-1.426
2023,11,"Papua Barat Daya",20.8,-0.576,0.412,-0.477,-1.296
2023,11,"Sulawesi Tenggara",19.9,-0.603,-0.245,-0.317,-1.068
2023,11,"Sumatera Selatan",19.8,-0.607,-0.58,-0.045,-1.085
2023,11,"Maluku",18.2,-0.658,-0.679,-1.054,-0.321
2023,11,"Sulawesi Utara",18,-0.663,0.338,-0.482,-1.459
2023,11,"Sulawesi Selatan",17.5,-0.68,-0.319,-0.392,-1.15
2023,11,"Nusa Tenggara Barat",15.2,-0.753,-1.259,-0.662,-0.5
2023,11,"Riau",14.4,-0.777,-0.054,0.26,-2.092
2023,11,"Jambi",11.8,-0.859,-0.402,-0.569,-1.394
2023,11,"Papua",11.3,-0.875,0.22,-1.226,-1.296
2023,11,"Sumatera Barat",9.7,-0.926,-0.681,-0.529,-1.41
2023,11,"Lampung",8.8,-0.956,-1.001,-0.325,-1.442
2023,11,"Kalimantan Tengah",8.6,-0.961,0.424,-0.318,-2.385
2023,11,"Papua Tengah",4,-1.105,-2.283,0.061,-1.296
2023,11,"Sulawesi Barat",1.6,-1.183,-1.355,-1.047,-1.182
2023,11,"Aceh",-2.2,-1.301,-1.188,-1.06,-1.572
2023,11,"Nusa Tenggara Timur",-3.5,-1.344,-1.302,-1.316,-1.394
2023,11,"Gorontalo",-12.3,-1.62,0.074,-1.291,-2.986
2023,12,"Kepulauan Riau",59.5,0.646,2.328,2.8,-2.206
2023,12,"DKI Jakarta",46.4,0.233,2.423,0.528,-1.426
2023,12,"Banten",44.2,0.163,1.466,0.956,-1.329
2023,12,"Maluku Utara",40.3,0.04,-0.133,2.962,-2.239
2023,12,"Sulawesi Tengah",34.9,-0.131,-0.392,1.757,-1.507
2023,12,"Kalimantan Timur",33.9,-0.164,1.175,0.478,-1.556
2023,12,"Jawa Barat",32.5,-0.207,0.705,0.779,-1.605
2023,12,"Sumatera Utara",31.2,-0.246,-0.165,-0.18,-0.353
2023,12,"DI Yogyakarta",30.4,-0.272,0.576,-0.366,-0.743
2023,12,"Kalimantan Barat",29.5,-0.3,-0.412,-0.404,-0.142
2023,12,"Kalimantan Selatan",27.6,-0.361,0.047,0.2,-1.085
2023,12,"Jawa Timur",27.5,-0.365,0.136,0.614,-1.491
2023,12,"Kalimantan Utara",26.1,-0.408,0.902,-0.162,-1.459
2023,12,"Papua Barat",25.8,-0.417,-0.722,0.9,-1.296
2023,12,"Bali",25.5,-0.426,1.236,-0.461,-1.475
2023,12,"Jawa Tengah",25.2,-0.436,0.369,0.455,-1.686
2023,12,"Bangka Belitung",21.6,-0.551,0.342,-0.07,-1.524
2023,12,"Papua Barat Daya",20.8,-0.576,0.412,-0.477,-1.296
2023,12,"Sulawesi Tenggara",19.1,-0.629,-0.245,-0.317,-1.133
2023,12,"Sumatera Selatan",18.1,-0.66,-0.58,-0.045,-1.215
2023,12,"Maluku",16.9,-0.698,-0.679,-1.054,-0.418
2023,12,"Sulawesi Selatan",16.2,-0.719,-0.319,-0.392,-1.247
2023,12,"Sulawesi Utara",15.5,-0.742,0.338,-0.482,-1.654
2023,12,"Nusa Tenggara Barat",13.9,-0.793,-1.259,-0.662,-0.597
2023,12,"Riau",12.6,-0.836,-0.054,0.26,-2.239
2023,12,"Papua",11.3,-0.875,0.22,-1.226,-1.296
2023,12,"Jambi",10.6,-0.899,-0.402,-0.569,-1.491
2023,12,"Sumatera Barat",7.8,-0.985,-0.681,-0.529,-1.556
2023,12,"Lampung",7.3,-1.002,-1.001,-0.325,-1.556
2023,12,"Kalimantan Tengah",7.1,-1.007,0.424,-0.318,-2.499
2023,12,"Papua Tengah",4,-1.105,-2.283,0.061,-1.296
2023,12,"Sulawesi Barat",-0.1,-1.235,-1.355,-1.047,-1.312
2023,12,"Nusa Tenggara Timur",-5,-1.39,-1.302,-1.316,-1.507
2023,12,"Aceh",-9.9,-1.545,-1.188,-1.06,-2.174
2023,12,"Gorontalo",-15.2,-1.712,0.074,-1.291,-3.214
2024,1,"Kepulauan Riau",66,0.85,2.328,2.8,-1.702
2024,1,"Banten",57,0.565,1.466,0.956,-0.337
2024,1,"DKI Jakarta",48.9,0.312,2.423,0.528,-1.231
2024,1,"Maluku Utara",42.4,0.106,-0.133,2.962,-2.076
2024,1,"Sulawesi Tengah",37.2,-0.059,-0.392,1.757,-1.329
2024,1,"Kalimantan Timur",36.4,-0.085,1.175,0.478,-1.361
2024,1,"Jawa Barat",35,-0.128,0.705,0.779,-1.41
2024,1,"DI Yogyakarta",34.2,-0.153,0.576,-0.366,-0.451
2024,1,"Sumatera Utara",33.7,-0.167,-0.165,-0.18,-0.158
2024,1,"Kalimantan Barat",31.6,-0.234,-0.412,-0.404,0.02
2024,1,"Kalimantan Selatan",30.1,-0.282,0.047,0.2,-0.89
2024,1,"Jawa Timur",29.8,-0.293,0.136,0.614,-1.312
2024,1,"Bali",27.8,-0.354,1.236,-0.461,-1.296
2024,1,"Jawa Tengah",27.5,-0.363,0.369,0.455,-1.507
2024,1,"Kalimantan Utara",27.1,-0.376,0.902,-0.162,-1.377
2024,1,"Papua Barat",25.8,-0.417,-0.722,0.9,-1.296
2024,1,"Bangka Belitung",24.1,-0.472,0.342,-0.07,-1.329
2024,1,"Papua Barat Daya",20.8,-0.576,0.412,-0.477,-1.296
2024,1,"Maluku",20.3,-0.592,-0.679,-1.054,-0.158
2024,1,"Sumatera Selatan",19.6,-0.614,-0.58,-0.045,-1.101
2024,1,"Sulawesi Selatan",18.5,-0.647,-0.319,-0.392,-1.068
2024,1,"Sulawesi Tenggara",17.8,-0.669,-0.245,-0.317,-1.231
2024,1,"Sulawesi Utara",17.8,-0.669,0.338,-0.482,-1.475
2024,1,"Nusa Tenggara Barat",16,-0.727,-1.259,-0.662,-0.435
2024,1,"Riau",15.3,-0.75,-0.054,0.26,-2.027
2024,1,"Jambi",13.1,-0.82,-0.402,-0.569,-1.296
2024,1,"Papua",11.3,-0.875,0.22,-1.226,-1.296
2024,1,"Kalimantan Tengah",10.7,-0.895,0.424,-0.318,-2.222
2024,1,"Sumatera Barat",10.3,-0.906,-0.681,-0.529,-1.361
2024,1,"Lampung",9.8,-0.923,-1.001,-0.325,-1.361
2024,1,"Papua Tengah",4,-1.105,-2.283,0.061,-1.296
2024,1,"Sulawesi Barat",1.1,-1.196,-1.355,-1.047,-1.215
2024,1,"Nusa Tenggara Timur",-2.5,-1.311,-1.302,-1.316,-1.312
2024,1,"Aceh",-7.2,-1.46,-1.188,-1.06,-1.962
2024,1,"Gorontalo",-12.5,-1.627,0.074,-1.291,-3.002
2024,2,"Kepulauan Riau",68.9,0.942,2.328,2.8,-1.475
2024,2,"Banten",58.8,0.625,1.466,0.956,-0.191
2024,2,"DKI Jakarta",51.4,0.391,2.423,0.528,-1.036
2024,2,"Maluku Utara",45.1,0.191,-0.133,2.962,-1.865
2024,2,"Sulawesi Tengah",39.3,0.007,-0.392,1.757,-1.166
2024,2,"Kalimantan Timur",38.9,-0.006,1.175,0.478,-1.166
2024,2,"Jawa Barat",37.7,-0.042,0.705,0.779,-1.198
2024,2,"DI Yogyakarta",36.9,-0.068,0.576,-0.366,-0.24
2024,2,"Sumatera Utara",36.5,-0.082,-0.165,-0.18,0.053
2024,2,"Kalimantan Barat",34.1,-0.155,-0.412,-0.404,0.215
2024,2,"Kalimantan Selatan",32.6,-0.203,0.047,0.2,-0.695
2024,2,"Jawa Timur",32.3,-0.214,0.136,0.614,-1.117
2024,2,"Bali",31.2,-0.248,1.236,-0.461,-1.036
2024,2,"Jawa Tengah",30.5,-0.271,0.369,0.455,-1.28
2024,2,"Kalimantan Utara",29.9,-0.29,0.902,-0.162,-1.166
2024,2,"Bangka Belitung",26.6,-0.393,0.342,-0.07,-1.133
2024,2,"Papua Barat",25.8,-0.417,-0.722,0.9,-1.296
2024,2,"Maluku",22.8,-0.513,-0.679,-1.054,0.037
2024,2,"Sumatera Selatan",22.1,-0.535,-0.58,-0.045,-0.906
2024,2,"Sulawesi Selatan",20.8,-0.574,-0.319,-0.392,-0.89
2024,2,"Papua Barat Daya",20.8,-0.576,0.412,-0.477,-1.296
2024,2,"Sulawesi Utara",20.3,-0.59,0.338,-0.482,-1.28
2024,2,"Sulawesi Tenggara",20.1,-0.596,-0.245,-0.317,-1.052
2024,2,"Nusa Tenggara Barat",18.7,-0.641,-1.259,-0.662,-0.223
2024,2,"Riau",17.4,-0.684,-0.054,0.26,-1.865
2024,2,"Jambi",15.8,-0.734,-0.402,-0.569,-1.085
2024,2,"Sumatera Barat",14.7,-0.768,-0.681,-0.529,-1.02
2024,2,"Kalimantan Tengah",13.4,-0.81,0.424,-0.318,-2.011
2024,2,"Lampung",12.1,-0.85,-1.001,-0.325,-1.182
2024,2,"Papua",11.3,-0.875,0.22,-1.226,-1.296
2024,2,"Sulawesi Barat",4.1,-1.104,-1.355,-1.047,-0.987
2024,2,"Papua Tengah",4,-1.105,-2.283,0.061,-1.296
2024,2,"Nusa Tenggara Timur",0,-1.232,-1.302,-1.316,-1.117
2024,2,"Aceh",-4.9,-1.387,-1.188,-1.06,-1.784
2024,2,"Gorontalo",-10.4,-1.561,0.074,-1.291,-2.84
2024,3,"Kepulauan Riau",71.6,1.028,2.328,2.8,-1.264
2024,3,"Banten",60.7,0.684,1.466,0.956,-0.045
2024,3,"DKI Jakarta",54.4,0.484,2.423,0.528,-0.808
2024,3,"Maluku Utara",46.8,0.244,-0.133,2.962,-1.735
2024,3,"Sulawesi Tengah",42.8,0.119,-0.392,1.757,-0.89
2024,3,"Kalimantan Timur",42.2,0.1,1.175,0.478,-0.906
2024,3,"Jawa Barat",40.4,0.043,0.705,0.779,-0.987
2024,3,"DI Yogyakarta",39.6,0.018,0.576,-0.366,-0.028
2024,3,"Sumatera Utara",39.4,0.011,-0.165,-0.18,0.28
2024,3,"Kalimantan Barat",37.5,-0.049,-0.412,-0.404,0.475
2024,3,"Kalimantan Utara",35.7,-0.105,0.902,-0.162,-0.711
2024,3,"Jawa Timur",35,-0.128,0.136,0.614,-0.906
2024,3,"Kalimantan Selatan",34.9,-0.13,0.047,0.2,-0.516
2024,3,"Bali",34.3,-0.15,1.236,-0.461,-0.792
2024,3,"Jawa Tengah",32.7,-0.198,0.369,0.455,-1.101
2024,3,"Bangka Belitung",29.5,-0.301,0.342,-0.07,-0.906
2024,3,"Sulawesi Selatan",27.3,-0.37,-0.319,-0.392,-0.386
2024,3,"Maluku",27,-0.381,-0.679,-1.054,0.362
2024,3,"Papua Barat",25.8,-0.417,-0.722,0.9,-1.296
2024,3,"Sumatera Selatan",25,-0.442,-0.58,-0.045,-0.678
2024,3,"Sulawesi Tenggara",23.3,-0.497,-0.245,-0.317,-0.808
2024,3,"Sulawesi Utara",23.3,-0.498,0.338,-0.482,-1.052
2024,3,"Riau",21.5,-0.552,-0.054,0.26,-1.54
2024,3,"Nusa Tenggara Barat",21.4,-0.555,-1.259,-0.662,-0.012
2024,3,"Papua Barat Daya",20.8,-0.576,0.412,-0.477,-1.296
2024,3,"Jambi",18.7,-0.642,-0.402,-0.569,-0.857
2024,3,"Sumatera Barat",17.8,-0.669,-0.681,-0.529,-0.776
2024,3,"Kalimantan Tengah",15.9,-0.731,0.424,-0.318,-1.816
2024,3,"Lampung",15.2,-0.751,-1.001,-0.325,-0.938
2024,3,"Papua",11.3,-0.875,0.22,-1.226,-1.296
2024,3,"Sulawesi Barat",6.8,-1.018,-1.355,-1.047,-0.776
2024,3,"Papua Tengah",4,-1.105,-2.283,0.061,-1.296
2024,3,"Nusa Tenggara Timur",2.9,-1.139,-1.302,-1.316,-0.89
2024,3,"Aceh",-1.8,-1.288,-1.188,-1.06,-1.54
2024,3,"Gorontalo",-8.3,-1.495,0.074,-1.291,-2.677
2024,4,"Kepulauan Riau",81,1.324,2.328,2.8,-0.532
2024,4,"Banten",67.2,0.888,1.466,0.956,0.459
2024,4,"DKI Jakarta",62.5,0.741,2.423,0.528,-0.175
2024,4,"Maluku Utara",54.3,0.481,-0.133,2.962,-1.15
2024,4,"Sulawesi Tengah",50.3,0.356,-0.392,1.757,-0.305
2024,4,"Kalimantan Timur",49.7,0.337,1.175,0.478,-0.321
2024,4,"Jawa Barat",47.9,0.28,0.705,0.779,-0.402
2024,4,"DI Yogyakarta",46.9,0.249,0.576,-0.366,0.54
2024,4,"Sumatera Utara",46.1,0.222,-0.165,-0.18,0.8
2024,4,"Kalimantan Barat",44,0.155,-0.412,-0.404,0.979
2024,4,"Kalimantan Utara",43.2,0.132,0.902,-0.162,-0.126
2024,4,"Kalimantan Selatan",43.1,0.127,0.047,0.2,0.118
2024,4,"Bali",41.4,0.075,1.236,-0.461,-0.24
2024,4,"Jawa Tengah",39.6,0.019,0.369,0.455,-0.565
2024,4,"Maluku",37.4,-0.052,-0.679,-1.054,1.174
2024,4,"Sulawesi Selatan",37.1,-0.06,-0.319,-0.392,0.378
2024,4,"Bangka Belitung",37,-0.064,0.342,-0.07,-0.321
2024,4,"Jawa Timur",36.6,-0.075,0.136,0.614,-0.776
2024,4,"Sumatera Selatan",31.7,-0.231,-0.58,-0.045,-0.158
2024,4,"Sulawesi Utara",30.6,-0.267,0.338,-0.482,-0.483
2024,4,"Sulawesi Tenggara",30.4,-0.273,-0.245,-0.317,-0.256
2024,4,"Riau",29.7,-0.295,-0.054,0.26,-0.906
2024,4,"Nusa Tenggara Barat",28.8,-0.325,-1.259,-0.662,0.557
2024,4,"Papua Barat",26,-0.41,-0.722,0.9,-1.28
2024,4,"Jambi",25.8,-0.418,-0.402,-0.569,-0.305
2024,4,"Sumatera Barat",25.4,-0.432,-0.681,-0.529,-0.191
2024,4,"Kalimantan Tengah",23.4,-0.493,0.424,-0.318,-1.231
2024,4,"Lampung",22.5,-0.521,-1.001,-0.325,-0.37
2024,4,"Papua Barat Daya",21,-0.569,0.412,-0.477,-1.28
2024,4,"Sulawesi Barat",15.8,-0.735,-1.355,-1.047,-0.077
2024,4,"Papua",11.5,-0.868,0.22,-1.226,-1.28
2024,4,"Nusa Tenggara Timur",10.3,-0.909,-1.302,-1.316,-0.321
2024,4,"Papua Tengah",4.2,-1.098,-2.283,0.061,-1.28
2024,4,"Aceh",0.7,-1.209,-1.188,-1.06,-1.345
2024,4,"Gorontalo",-0.6,-1.251,0.074,-1.291,-2.076
2024,5,"Kepulauan Riau",80.6,1.311,2.328,2.8,-0.565
2024,5,"Banten",69.3,0.954,1.466,0.956,0.622
2024,5,"DKI Jakarta",61,0.695,2.423,0.528,-0.288
2024,5,"Maluku Utara",52.8,0.435,-0.133,2.962,-1.264
2024,5,"Sumatera Utara",49.8,0.34,-0.165,-0.18,1.093
2024,5,"Sulawesi Tengah",48.5,0.297,-0.392,1.757,-0.451
2024,5,"Kalimantan Timur",47.8,0.278,1.175,0.478,-0.467
2024,5,"Kalimantan Barat",46.9,0.247,-0.412,-0.404,1.207
2024,5,"Jawa Barat",45.6,0.208,0.705,0.779,-0.581
2024,5,"Kalimantan Selatan",41.4,0.074,0.047,0.2,-0.012
2024,5,"Kalimantan Utara",41.3,0.073,0.902,-0.162,-0.272
2024,5,"Bali",39.3,0.009,1.236,-0.461,-0.402
2024,5,"Maluku",36.6,-0.078,-0.679,-1.054,1.109
2024,5,"DI Yogyakarta",36.3,-0.087,0.576,-0.366,-0.288
2024,5,"Bangka Belitung",35.1,-0.123,0.342,-0.07,-0.467
2024,5,"Jawa Tengah",35,-0.126,0.369,0.455,-0.922
2024,5,"Jawa Timur",35,-0.128,0.136,0.614,-0.906
2024,5,"Sulawesi Selatan",33.6,-0.172,-0.319,-0.392,0.102
2024,5,"Sulawesi Utara",28.9,-0.32,0.338,-0.482,-0.613
2024,5,"Sulawesi Tenggara",28.5,-0.333,-0.245,-0.317,-0.402
2024,5,"Riau",28.2,-0.342,-0.054,0.26,-1.02
2024,5,"Nusa Tenggara Barat",26.9,-0.384,-1.259,-0.662,0.41
2024,5,"Papua Barat",25.8,-0.417,-0.722,0.9,-1.296
2024,5,"Jambi",23.9,-0.477,-0.402,-0.569,-0.451
2024,5,"Sumatera Barat",23.5,-0.491,-0.681,-0.529,-0.337
2024,5,"Kalimantan Tengah",21.7,-0.546,0.424,-0.318,-1.361
2024,5,"Lampung",20.9,-0.573,-1.001,-0.325,-0.5
2024,5,"Papua Barat Daya",20.8,-0.576,0.412,-0.477,-1.296
2024,5,"Sumatera Selatan",18.3,-0.653,-0.58,-0.045,-1.198
2024,5,"Sulawesi Barat",14.1,-0.787,-1.355,-1.047,-0.207
2024,5,"Papua",11.3,-0.875,0.22,-1.226,-1.296
2024,5,"Nusa Tenggara Timur",8.4,-0.968,-1.302,-1.316,-0.467
2024,5,"Papua Tengah",4,-1.105,-2.283,0.061,-1.296
2024,5,"Aceh",-1.6,-1.282,-1.188,-1.06,-1.524
2024,5,"Gorontalo",-2.7,-1.317,0.074,-1.291,-2.239
2024,6,"Kepulauan Riau",83.3,1.397,2.328,2.8,-0.353
2024,6,"Banten",64,0.79,1.466,0.956,0.215
2024,6,"DKI Jakarta",62.9,0.754,2.423,0.528,-0.142
2024,6,"Kalimantan Utara",55.7,0.527,0.902,-0.162,0.849
2024,6,"Maluku Utara",54.1,0.475,-0.133,2.962,-1.166
2024,6,"Sumatera Utara",51.7,0.4,-0.165,-0.18,1.239
2024,6,"Sulawesi Tengah",51.4,0.389,-0.392,1.757,-0.223
2024,6,"Bali",50.4,0.358,1.236,-0.461,0.459
2024,6,"Kalimantan Timur",49.5,0.331,1.175,0.478,-0.337
2024,6,"Kalimantan Barat",48.8,0.307,-0.412,-0.404,1.353
2024,6,"Jawa Barat",47.5,0.267,0.705,0.779,-0.435
2024,6,"Kalimantan Selatan",43.3,0.133,0.047,0.2,0.134
2024,6,"Maluku",38.2,-0.025,-0.679,-1.054,1.239
2024,6,"DI Yogyakarta",38.2,-0.028,0.576,-0.366,-0.142
2024,6,"Jawa Timur",37.7,-0.042,0.136,0.614,-0.695
2024,6,"Jawa Tengah",37.6,-0.047,0.369,0.455,-0.727
2024,6,"Bangka Belitung",36.8,-0.07,0.342,-0.07,-0.337
2024,6,"Sulawesi Selatan",35.9,-0.1,-0.319,-0.392,0.28
2024,6,"Sulawesi Utara",30.6,-0.267,0.338,-0.482,-0.483
2024,6,"Sulawesi Tenggara",29.8,-0.293,-0.245,-0.317,-0.305
2024,6,"Riau",29.7,-0.295,-0.054,0.26,-0.906
2024,6,"Nusa Tenggara Barat",28.8,-0.325,-1.259,-0.662,0.557
2024,6,"Papua Barat",26,-0.41,-0.722,0.9,-1.28
2024,6,"Jambi",25.8,-0.418,-0.402,-0.569,-0.305
2024,6,"Sumatera Barat",24.9,-0.445,-0.681,-0.529,-0.223
2024,6,"Kalimantan Tengah",23.4,-0.493,0.424,-0.318,-1.231
2024,6,"Lampung",22.5,-0.521,-1.001,-0.325,-0.37
2024,6,"Papua Barat Daya",21,-0.569,0.412,-0.477,-1.28
2024,6,"Sumatera Selatan",20.2,-0.594,-0.58,-0.045,-1.052
2024,6,"Sulawesi Barat",15.6,-0.741,-1.355,-1.047,-0.093
2024,6,"Papua",11.5,-0.868,0.22,-1.226,-1.28
2024,6,"Nusa Tenggara Timur",10.5,-0.902,-1.302,-1.316,-0.305
2024,6,"Papua Tengah",4.2,-1.098,-2.283,0.061,-1.28
2024,6,"Aceh",-0.5,-1.249,-1.188,-1.06,-1.442
2024,6,"Gorontalo",-1.2,-1.271,0.074,-1.291,-2.125
2024,7,"Kepulauan Riau",89.1,1.582,2.328,2.8,0.102
2024,7,"Banten",66.3,0.862,1.466,0.956,0.394
2024,7,"DKI Jakarta",64.2,0.793,2.423,0.528,-0.045
2024,7,"Jawa Barat",57.7,0.59,0.705,0.779,0.362
2024,7,"Kalimantan Utara",57,0.567,0.902,-0.162,0.947
2024,7,"Maluku Utara",56,0.534,-0.133,2.962,-1.02
2024,7,"Sulawesi Tengah",53,0.442,-0.392,1.757,-0.093
2024,7,"Sumatera Utara",53,0.439,-0.165,-0.18,1.337
2024,7,"Bali",51.6,0.398,1.236,-0.461,0.557
2024,7,"Kalimantan Timur",51,0.377,1.175,0.478,-0.223
2024,7,"Kalimantan Barat",50.2,0.353,-0.412,-0.404,1.467
2024,7,"Kalimantan Selatan",44.3,0.166,0.047,0.2,0.215
2024,7,"Maluku",42.2,0.1,-0.679,-1.054,1.548
2024,7,"Jawa Tengah",39.8,0.026,0.369,0.455,-0.548
2024,7,"DI Yogyakarta",39.4,0.012,0.576,-0.366,-0.045
2024,7,"Jawa Timur",38.7,-0.01,0.136,0.614,-0.613
2024,7,"Bangka Belitung",38.5,-0.017,0.342,-0.07,-0.207
2024,7,"Sulawesi Selatan",37.3,-0.054,-0.319,-0.392,0.394
2024,7,"Riau",34.1,-0.157,-0.054,0.26,-0.565
2024,7,"Sulawesi Utara",33.3,-0.181,0.338,-0.482,-0.272
2024,7,"Sulawesi Tenggara",31.2,-0.247,-0.245,-0.317,-0.191
2024,7,"Nusa Tenggara Barat",30.6,-0.265,-1.259,-0.662,0.703
2024,7,"Jambi",27.1,-0.378,-0.402,-0.569,-0.207
2024,7,"Sumatera Barat",26.8,-0.386,-0.681,-0.529,-0.077
2024,7,"Papua Barat",26,-0.41,-0.722,0.9,-1.28
2024,7,"Kalimantan Tengah",24.5,-0.46,0.424,-0.318,-1.15
2024,7,"Lampung",24,-0.474,-1.001,-0.325,-0.256
2024,7,"Sumatera Selatan",21.5,-0.554,-0.58,-0.045,-0.955
2024,7,"Papua Barat Daya",21,-0.569,0.412,-0.477,-1.28
2024,7,"Sulawesi Barat",17.4,-0.682,-1.355,-1.047,0.053
2024,7,"Nusa Tenggara Timur",11.7,-0.862,-1.302,-1.316,-0.207
2024,7,"Papua",11.5,-0.868,0.22,-1.226,-1.28
2024,7,"Papua Tengah",4.2,-1.098,-2.283,0.061,-1.28
2024,7,"Aceh",0.9,-1.203,-1.188,-1.06,-1.329
2024,7,"Gorontalo",0,-1.231,0.074,-1.291,-2.027
2024,8,"Kepulauan Riau",111.1,2.274,2.328,2.8,1.808
2024,8,"Banten",88.3,1.554,1.466,0.956,2.101
2024,8,"DKI Jakarta",86.1,1.486,2.423,0.528,1.662
2024,8,"Kalimantan Utara",80.6,1.312,0.902,-0.162,2.783
2024,8,"Jawa Barat",79.5,1.276,0.705,0.779,2.052
2024,8,"Maluku Utara",76.8,1.193,-0.133,2.962,0.605
2024,8,"Sumatera Utara",74.9,1.131,-0.165,-0.18,3.043
2024,8,"Sulawesi Tengah",74.6,1.121,-0.392,1.757,1.581
2024,8,"Bali",73.6,1.09,1.236,-0.461,2.263
2024,8,"Kalimantan Timur",72.7,1.062,1.175,0.478,1.467
2024,8,"Kalimantan Barat",72.1,1.045,-0.412,-0.404,3.173
2024,8,"Kalimantan Selatan",65,0.819,0.047,0.2,1.824
2024,8,"Maluku",64.1,0.792,-0.679,-1.054,3.255
2024,8,"Jawa Tengah",61.6,0.711,0.369,0.455,1.142
2024,8,"DI Yogyakarta",61.3,0.704,0.576,-0.366,1.662
2024,8,"Jawa Timur",60.5,0.676,0.136,0.614,1.077
2024,8,"Bangka Belitung",60.2,0.668,0.342,-0.07,1.483
2024,8,"Riau",60,0.66,-0.054,0.26,1.451
2024,8,"Sulawesi Selatan",59.1,0.632,-0.319,-0.392,2.084
2024,8,"Sulawesi Utara",55,0.504,0.338,-0.482,1.418
2024,8,"Nusa Tenggara Barat",52.6,0.427,-1.259,-0.662,2.409
2024,8,"Sulawesi Tenggara",52.3,0.419,-0.245,-0.317,1.451
2024,8,"Sumatera Barat",49.4,0.326,-0.681,-0.529,1.678
2024,8,"Jambi",48.8,0.307,-0.402,-0.569,1.483
2024,8,"Kalimantan Tengah",46,0.219,0.424,-0.318,0.524
2024,8,"Lampung",45.7,0.211,-1.001,-0.325,1.434
2024,8,"Sumatera Selatan",43.2,0.131,-0.58,-0.045,0.735
2024,8,"Sulawesi Barat",39.2,0.004,-1.355,-1.047,1.743
2024,8,"Nusa Tenggara Timur",33.4,-0.177,-1.302,-1.316,1.483
2024,8,"Papua Barat",26.3,-0.403,-0.722,0.9,-1.264
2024,8,"Aceh",22.4,-0.524,-1.188,-1.06,0.345
2024,8,"Gorontalo",22.2,-0.533,0.074,-1.291,-0.305
2024,8,"Papua Barat Daya",21.2,-0.562,0.412,-0.477,-1.264
2024,8,"Papua",11.7,-0.862,0.22,-1.226,-1.264
2024,8,"Papua Tengah",4.4,-1.092,-2.283,0.061,-1.264
2024,9,"Kepulauan Riau",101.5,1.97,2.328,2.8,1.061
2024,9,"Banten",78.2,1.238,1.466,0.956,1.321
2024,9,"DKI Jakarta",76.9,1.196,2.423,0.528,0.947
2024,9,"Kalimantan Utara",73.3,1.081,0.902,-0.162,2.214
2024,9,"Jawa Barat",70.3,0.986,0.705,0.779,1.337
2024,9,"Sumatera Utara",66.1,0.854,-0.165,-0.18,2.361
2024,9,"Maluku Utara",65.8,0.844,-0.133,2.962,-0.256
2024,9,"Sulawesi Tengah",64.7,0.811,-0.392,1.757,0.817
2024,9,"Kalimantan Timur",63.5,0.772,1.175,0.478,0.752
2024,9,"Kalimantan Barat",62.7,0.748,-0.412,-0.404,2.442
2024,9,"Bali",60.8,0.688,1.236,-0.461,1.272
2024,9,"Kalimantan Selatan",56,0.535,0.047,0.2,1.126
2024,9,"Maluku",53.3,0.449,-0.679,-1.054,2.409
2024,9,"Riau",53.1,0.443,-0.054,0.26,0.914
2024,9,"DI Yogyakarta",52.4,0.42,0.576,-0.366,0.963
2024,9,"Jawa Timur",51.3,0.386,0.136,0.614,0.362
2024,9,"Jawa Tengah",51.1,0.382,0.369,0.455,0.329
2024,9,"Bangka Belitung",51,0.378,0.342,-0.07,0.768
2024,9,"Sulawesi Selatan",48.8,0.309,-0.319,-0.392,1.288
2024,9,"Sulawesi Utara",45.8,0.214,0.338,-0.482,0.703
2024,9,"Nusa Tenggara Barat",43.8,0.15,-1.259,-0.662,1.727
2024,9,"Sulawesi Tenggara",42.5,0.109,-0.245,-0.317,0.687
2024,9,"Jambi",39.8,0.024,-0.402,-0.569,0.784
2024,9,"Sumatera Barat",38.5,-0.016,-0.681,-0.529,0.833
2024,9,"Lampung",36.7,-0.072,-1.001,-0.325,0.735
2024,9,"Kalimantan Tengah",36.6,-0.078,0.424,-0.318,-0.207
2024,9,"Sumatera Selatan",34.6,-0.139,-0.58,-0.045,0.069
2024,9,"Papua Barat",26,-0.41,-0.722,0.9,-1.28
2024,9,"Sulawesi Barat",24.3,-0.464,-1.355,-1.047,0.589
2024,9,"Nusa Tenggara Timur",24.2,-0.467,-1.302,-1.316,0.768
2024,9,"Papua Barat Daya",21,-0.569,0.412,-0.477,-1.28
2024,9,"Aceh",13.5,-0.807,-1.188,-1.06,-0.353
2024,9,"Gorontalo",13,-0.823,0.074,-1.291,-1.02
2024,9,"Papua",11.5,-0.868,0.22,-1.226,-1.28
2024,9,"Papua Tengah",4.2,-1.098,-2.283,0.061,-1.28
2024,10,"Kepulauan Riau",110.6,2.26,2.328,2.8,1.776
2024,10,"Banten",77.4,1.211,1.466,0.956,1.256
2024,10,"DKI Jakarta",76.7,1.189,2.423,0.528,0.93
2024,10,"Kalimantan Utara",74.3,1.114,0.902,-0.162,2.296
2024,10,"Jawa Barat",70.3,0.986,0.705,0.779,1.337
2024,10,"Maluku Utara",66.8,0.877,-0.133,2.962,-0.175
2024,10,"Sulawesi Tengah",66.2,0.857,-0.392,1.757,0.93
2024,10,"Sumatera Utara",65.5,0.835,-0.165,-0.18,2.312
2024,10,"Kalimantan Timur",63.3,0.766,1.175,0.478,0.735
2024,10,"Kalimantan Barat",63,0.755,-0.412,-0.404,2.458
2024,10,"Bali",60.8,0.688,1.236,-0.461,1.272
2024,10,"Kalimantan Selatan",56,0.535,0.047,0.2,1.126
2024,10,"Maluku",53.5,0.456,-0.679,-1.054,2.426
2024,10,"Sulawesi Selatan",52.6,0.427,-0.319,-0.392,1.581
2024,10,"Riau",52.2,0.416,-0.054,0.26,0.849
2024,10,"Jawa Tengah",52,0.408,0.369,0.455,0.394
2024,10,"DI Yogyakarta",51.9,0.407,0.576,-0.366,0.93
2024,10,"Bangka Belitung",51,0.378,0.342,-0.07,0.768
2024,10,"Jawa Timur",50.6,0.366,0.136,0.614,0.313
2024,10,"Sulawesi Utara",45.8,0.214,0.338,-0.482,0.703
2024,10,"Nusa Tenggara Barat",43.8,0.15,-1.259,-0.662,1.727
2024,10,"Sulawesi Tenggara",43.5,0.142,-0.245,-0.317,0.768
2024,10,"Jambi",39.6,0.017,-0.402,-0.569,0.768
2024,10,"Kalimantan Tengah",37,-0.065,0.424,-0.318,-0.175
2024,10,"Lampung",36.5,-0.079,-1.001,-0.325,0.719
2024,10,"Sumatera Selatan",34.4,-0.146,-0.58,-0.045,0.053
2024,10,"Sumatera Barat",26.4,-0.399,-0.681,-0.529,-0.11
2024,10,"Papua Barat",26,-0.41,-0.722,0.9,-1.28
2024,10,"Sulawesi Barat",24.5,-0.458,-1.355,-1.047,0.605
2024,10,"Nusa Tenggara Timur",24,-0.474,-1.302,-1.316,0.752
2024,10,"Papua Barat Daya",21,-0.569,0.412,-0.477,-1.28
2024,10,"Gorontalo",13.2,-0.816,0.074,-1.291,-1.003
2024,10,"Aceh",13.1,-0.82,-1.188,-1.06,-0.386
2024,10,"Papua",11.5,-0.868,0.22,-1.226,-1.28
2024,10,"Papua Tengah",4.2,-1.098,-2.283,0.061,-1.28
2024,11,"Kepulauan Riau",108.8,2.201,2.328,2.8,1.629
2024,11,"Banten",75.7,1.159,1.466,0.956,1.126
2024,11,"DKI Jakarta",74.8,1.13,2.423,0.528,0.784
2024,11,"Kalimantan Utara",72.5,1.055,0.902,-0.162,2.149
2024,11,"Jawa Barat",67.8,0.907,0.705,0.779,1.142
2024,11,"Sulawesi Tengah",64.9,0.818,-0.392,1.757,0.833
2024,11,"Maluku Utara",64.1,0.791,-0.133,2.962,-0.386
2024,11,"Sumatera Utara",63.2,0.762,-0.165,-0.18,2.133
2024,11,"Kalimantan Timur",61.2,0.7,1.175,0.478,0.573
2024,11,"Kalimantan Barat",60.9,0.689,-0.412,-0.404,2.296
2024,11,"Bali",57.9,0.595,1.236,-0.461,1.044
2024,11,"Kalimantan Selatan",53.9,0.469,0.047,0.2,0.963
2024,11,"Maluku",52,0.41,-0.679,-1.054,2.312
2024,11,"Sulawesi Selatan",51.3,0.388,-0.319,-0.392,1.483
2024,11,"Riau",50.8,0.37,-0.054,0.26,0.735
2024,11,"Jawa Timur",50.6,0.366,0.136,0.614,0.313
2024,11,"Jawa Tengah",50.3,0.355,0.369,0.455,0.264
2024,11,"DI Yogyakarta",49.8,0.341,0.576,-0.366,0.768
2024,11,"Bangka Belitung",48.9,0.312,0.342,-0.07,0.605
2024,11,"Sulawesi Utara",43.7,0.148,0.338,-0.482,0.54
2024,11,"Nusa Tenggara Barat",41.7,0.084,-1.259,-0.662,1.564
2024,11,"Sulawesi Tenggara",41.4,0.076,-0.245,-0.317,0.605
2024,11,"Jambi",37.5,-0.049,-0.402,-0.569,0.605
2024,11,"Kalimantan Tengah",34.5,-0.144,0.424,-0.318,-0.37
2024,11,"Sumatera Selatan",32.5,-0.205,-0.58,-0.045,-0.093
2024,11,"Papua Barat",26,-0.41,-0.722,0.9,-1.28
2024,11,"Sumatera Barat",24.5,-0.458,-0.681,-0.529,-0.256
2024,11,"Nusa Tenggara Timur",21.9,-0.539,-1.302,-1.316,0.589
2024,11,"Sulawesi Barat",21.8,-0.543,-1.355,-1.047,0.394
2024,11,"Papua Barat Daya",21,-0.569,0.412,-0.477,-1.28
2024,11,"Lampung",19.2,-0.626,-1.001,-0.325,-0.63
2024,11,"Gorontalo",11.9,-0.856,0.074,-1.291,-1.101
2024,11,"Papua",11.5,-0.868,0.22,-1.226,-1.28
2024,11,"Aceh",10.1,-0.913,-1.188,-1.06,-0.613
2024,11,"Papua Tengah",4.2,-1.098,-2.283,0.061,-1.28
2024,12,"Kepulauan Riau",109.8,2.234,2.328,2.8,1.711
2024,12,"Banten",78,1.231,1.466,0.956,1.304
2024,12,"DKI Jakarta",77.3,1.209,2.423,0.528,0.979
2024,12,"Kalimantan Utara",74.8,1.127,0.902,-0.162,2.328
2024,12,"Jawa Barat",70.3,0.986,0.705,0.779,1.337
2024,12,"Maluku Utara",68.1,0.916,-0.133,2.962,-0.077
2024,12,"Sulawesi Tengah",67.2,0.89,-0.392,1.757,1.012
2024,12,"Sumatera Utara",65.9,0.848,-0.165,-0.18,2.344
2024,12,"Kalimantan Timur",63.5,0.772,1.175,0.478,0.752
2024,12,"Kalimantan Barat",63.4,0.768,-0.412,-0.404,2.491
2024,12,"Bali",60.4,0.674,1.236,-0.461,1.239
2024,12,"Kalimantan Selatan",56.2,0.542,0.047,0.2,1.142
2024,12,"Jawa Tengah",55.1,0.507,0.369,0.455,0.638
2024,12,"Maluku",54.1,0.476,-0.679,-1.054,2.474
2024,12,"Sulawesi Selatan",54,0.474,-0.319,-0.392,1.694
2024,12,"Riau",53.5,0.456,-0.054,0.26,0.947
2024,12,"Jawa Timur",53.1,0.445,0.136,0.614,0.508
2024,12,"DI Yogyakarta",52.4,0.42,0.576,-0.366,0.963
2024,12,"Bangka Belitung",51.4,0.391,0.342,-0.07,0.8
2024,12,"Sulawesi Utara",46,0.221,0.338,-0.482,0.719
2024,12,"Sulawesi Tenggara",45.4,0.201,-0.245,-0.317,0.914
2024,12,"Nusa Tenggara Barat",42.7,0.117,-1.259,-0.662,1.646
2024,12,"Jambi",39.8,0.024,-0.402,-0.569,0.784
2024,12,"Kalimantan Tengah",36.8,-0.071,0.424,-0.318,-0.191
2024,12,"Sumatera Selatan",34.8,-0.133,-0.58,-0.045,0.085
2024,12,"Sumatera Barat",27,-0.379,-0.681,-0.529,-0.061
2024,12,"Papua Barat",26,-0.41,-0.722,0.9,-1.28
2024,12,"Nusa Tenggara Timur",24.2,-0.467,-1.302,-1.316,0.768
2024,12,"Sulawesi Barat",23.7,-0.484,-1.355,-1.047,0.54
2024,12,"Lampung",21.7,-0.547,-1.001,-0.325,-0.435
2024,12,"Papua Barat Daya",21,-0.569,0.412,-0.477,-1.28
2024,12,"Gorontalo",14,-0.79,0.074,-1.291,-0.938
2024,12,"Aceh",12.2,-0.847,-1.188,-1.06,-0.451
2024,12,"Papua",11.5,-0.868,0.22,-1.226,-1.28
2024,12,"Papua Tengah",4.2,-1.098,-2.283,0.061,-1.28
2025,1,"Kepulauan Riau",106.9,2.142,2.328,2.8,1.483
2025,1,"Banten",76.6,1.185,1.466,0.956,1.191
2025,1,"DKI Jakarta",75.5,1.149,2.423,0.528,0.833
2025,1,"Kalimantan Utara",72.5,1.055,0.902,-0.162,2.149
2025,1,"Jawa Barat",68.4,0.926,0.705,0.779,1.191
2025,1,"Maluku Utara",66.6,0.87,-0.133,2.962,-0.191
2025,1,"Sulawesi Tengah",64.5,0.805,-0.392,1.757,0.8
2025,1,"Sumatera Utara",64,0.789,-0.165,-0.18,2.198
2025,1,"Kalimantan Barat",61.5,0.709,-0.412,-0.404,2.344
2025,1,"Kalimantan Timur",61.4,0.706,1.175,0.478,0.589
2025,1,"Bali",58.3,0.608,1.236,-0.461,1.077
2025,1,"Jawa Tengah",55.7,0.527,0.369,0.455,0.687
2025,1,"Kalimantan Selatan",54.3,0.483,0.047,0.2,0.996
2025,1,"Sulawesi Selatan",52,0.408,-0.319,-0.392,1.532
2025,1,"Maluku",51.6,0.396,-0.679,-1.054,2.279
2025,1,"Riau",51.4,0.39,-0.054,0.26,0.784
2025,1,"Jawa Timur",51.3,0.386,0.136,0.614,0.362
2025,1,"DI Yogyakarta",50.1,0.348,0.576,-0.366,0.784
2025,1,"Bangka Belitung",49.3,0.325,0.342,-0.07,0.638
2025,1,"Sulawesi Utara",44.1,0.161,0.338,-0.482,0.573
2025,1,"Sulawesi Tenggara",43.7,0.149,-0.245,-0.317,0.784
2025,1,"Nusa Tenggara Barat",39.8,0.025,-1.259,-0.662,1.418
2025,1,"Jambi",37.9,-0.036,-0.402,-0.569,0.638
2025,1,"Kalimantan Tengah",34.5,-0.144,0.424,-0.318,-0.37
2025,1,"Sumatera Selatan",32.8,-0.198,-0.58,-0.045,-0.077
2025,1,"Sulawesi Barat",26.2,-0.405,-1.355,-1.047,0.735
2025,1,"Papua Barat",26,-0.41,-0.722,0.9,-1.28
2025,1,"Sumatera Barat",24.9,-0.445,-0.681,-0.529,-0.223
2025,1,"Nusa Tenggara Timur",22.4,-0.526,-1.302,-1.316,0.622
2025,1,"Papua Barat Daya",21,-0.569,0.412,-0.477,-1.28
2025,1,"Lampung",19.4,-0.619,-1.001,-0.325,-0.613
2025,1,"Gorontalo",12.8,-0.829,0.074,-1.291,-1.036
2025,1,"Papua",11.5,-0.868,0.22,-1.226,-1.28
2025,1,"Aceh",9.1,-0.945,-1.188,-1.06,-0.695
2025,1,"Papua Tengah",4.2,-1.098,-2.283,0.061,-1.28
2025,2,"Kepulauan Riau",109.8,2.234,2.328,2.8,1.711
2025,2,"Banten",77.6,1.218,1.466,0.956,1.272
2025,2,"DKI Jakarta",76.5,1.182,2.423,0.528,0.914
2025,2,"Kalimantan Utara",73.5,1.088,0.902,-0.162,2.231
2025,2,"Jawa Barat",69.2,0.953,0.705,0.779,1.256
2025,2,"Maluku Utara",67.2,0.89,-0.133,2.962,-0.142
2025,2,"Bangka Belitung",66,0.853,0.342,-0.07,1.938
2025,2,"Sulawesi Tengah",65.8,0.844,-0.392,1.757,0.898
2025,2,"Sumatera Utara",64.9,0.815,-0.165,-0.18,2.263
2025,2,"Kalimantan Timur",62.7,0.746,1.175,0.478,0.687
2025,2,"Kalimantan Barat",62.5,0.742,-0.412,-0.404,2.426
2025,2,"Sulawesi Selatan",59.5,0.645,-0.319,-0.392,2.117
2025,2,"Bali",58.1,0.602,1.236,-0.461,1.061
2025,2,"Jawa Tengah",56.3,0.546,0.369,0.455,0.735
2025,2,"Kalimantan Selatan",55.6,0.522,0.047,0.2,1.093
2025,2,"Maluku",53.9,0.469,-0.679,-1.054,2.458
2025,2,"Jawa Timur",52.5,0.426,0.136,0.614,0.459
2025,2,"Riau",51.6,0.397,-0.054,0.26,0.8
2025,2,"DI Yogyakarta",51.3,0.387,0.576,-0.366,0.882
2025,2,"Sulawesi Utara",45.2,0.194,0.338,-0.482,0.654
2025,2,"Sulawesi Tenggara",44.6,0.175,-0.245,-0.317,0.849
2025,2,"Nusa Tenggara Barat",40.9,0.058,-1.259,-0.662,1.499
2025,2,"Jambi",39,-0.003,-0.402,-0.569,0.719
2025,2,"Kalimantan Tengah",35.7,-0.104,0.424,-0.318,-0.272
2025,2,"Sumatera Selatan",34.8,-0.133,-0.58,-0.045,0.085
2025,2,"Sulawesi Barat",27.5,-0.365,-1.355,-1.047,0.833
2025,2,"Papua Barat",26,-0.41,-0.722,0.9,-1.28
2025,2,"Sumatera Barat",25.8,-0.419,-0.681,-0.529,-0.158
2025,2,"Nusa Tenggara Timur",23.4,-0.493,-1.302,-1.316,0.703
2025,2,"Papua Barat Daya",21,-0.569,0.412,-0.477,-1.28
2025,2,"Lampung",20.5,-0.586,-1.001,-0.325,-0.532
2025,2,"Gorontalo",13.4,-0.809,0.074,-1.291,-0.987
2025,2,"Papua",11.5,-0.868,0.22,-1.226,-1.28
2025,2,"Aceh",10.3,-0.906,-1.188,-1.06,-0.597
2025,2,"Papua Tengah",4.2,-1.098,-2.283,0.061,-1.28
2025,3,"Kepulauan Riau",115.7,2.419,2.328,2.8,2.166
2025,3,"Banten",82,1.356,1.466,0.956,1.613
2025,3,"DKI Jakarta",80.3,1.301,2.423,0.528,1.207
2025,3,"Kalimantan Utara",77.3,1.206,0.902,-0.162,2.523
2025,3,"Jawa Barat",73.4,1.085,0.705,0.779,1.581
2025,3,"Bangka Belitung",70.2,0.984,0.342,-0.07,2.263
2025,3,"Sumatera Utara",69.7,0.966,-0.165,-0.18,2.637
2025,3,"Maluku Utara",69.5,0.962,-0.133,2.962,0.037
2025,3,"Sulawesi Tengah",69.1,0.95,-0.392,1.757,1.158
2025,3,"Kalimantan Timur",67.1,0.884,1.175,0.478,1.028
2025,3,"Kalimantan Barat",66.7,0.874,-0.412,-0.404,2.751
2025,3,"Sulawesi Selatan",63,0.757,-0.319,-0.392,2.393
2025,3,"Bali",62.3,0.734,1.236,-0.461,1.386
2025,3,"Jawa Tengah",60.7,0.685,0.369,0.455,1.077
2025,3,"Kalimantan Selatan",59.3,0.641,0.047,0.2,1.386
2025,3,"Maluku",57.4,0.581,-0.679,-1.054,2.734
2025,3,"Jawa Timur",56.7,0.557,0.136,0.614,0.784
2025,3,"Riau",56,0.535,-0.054,0.26,1.142
2025,3,"DI Yogyakarta",55.5,0.519,0.576,-0.366,1.207
2025,3,"Sulawesi Utara",49.2,0.319,0.338,-0.482,0.963
2025,3,"Sulawesi Tenggara",47.5,0.267,-0.245,-0.317,1.077
2025,3,"Nusa Tenggara Barat",45,0.189,-1.259,-0.662,1.824
2025,3,"Jambi",42.9,0.123,-0.402,-0.569,1.028
2025,3,"Kalimantan Tengah",39.5,0.014,0.424,-0.318,0.02
2025,3,"Sumatera Selatan",39.4,0.012,-0.58,-0.045,0.443
2025,3,"Sulawesi Barat",32.3,-0.214,-1.355,-1.047,1.207
2025,3,"Sumatera Barat",30.2,-0.28,-0.681,-0.529,0.183
2025,3,"Nusa Tenggara Timur",27.4,-0.368,-1.302,-1.316,1.012
2025,3,"Papua Barat",26,-0.41,-0.722,0.9,-1.28
2025,3,"Lampung",24.4,-0.461,-1.001,-0.325,-0.223
2025,3,"Papua Barat Daya",21,-0.569,0.412,-0.477,-1.28
2025,3,"Gorontalo",17.6,-0.678,0.074,-1.291,-0.662
2025,3,"Aceh",14.5,-0.774,-1.188,-1.06,-0.272
2025,3,"Papua",11.5,-0.868,0.22,-1.226,-1.28
2025,3,"Papua Tengah",4.2,-1.098,-2.283,0.061,-1.28
2025,4,"Kepulauan Riau",115.5,2.412,2.328,2.8,2.149
2025,4,"Banten",81.2,1.33,1.466,0.956,1.548
2025,4,"DKI Jakarta",79.6,1.281,2.423,0.528,1.158
2025,4,"Kalimantan Utara",77,1.2,0.902,-0.162,2.507
2025,4,"Jawa Barat",72.8,1.065,0.705,0.779,1.532
2025,4,"Sulawesi Tengah",70,0.976,-0.392,1.757,1.223
2025,4,"Bangka Belitung",69.6,0.965,0.342,-0.07,2.214
2025,4,"Maluku Utara",69.5,0.962,-0.133,2.962,0.037
2025,4,"Sumatera Utara",69,0.947,-0.165,-0.18,2.588
2025,4,"Kalimantan Timur",66.4,0.865,1.175,0.478,0.979
2025,4,"Kalimantan Barat",66.1,0.854,-0.412,-0.404,2.702
2025,4,"Sulawesi Selatan",63.6,0.777,-0.319,-0.392,2.442
2025,4,"Bali",61.4,0.707,1.236,-0.461,1.321
2025,4,"Jawa Tengah",59.9,0.658,0.369,0.455,1.012
2025,4,"Kalimantan Selatan",58.7,0.621,0.047,0.2,1.337
2025,4,"Maluku",57,0.568,-0.679,-1.054,2.702
2025,4,"Jawa Timur",56.1,0.538,0.136,0.614,0.735
2025,4,"Riau",55.2,0.509,-0.054,0.26,1.077
2025,4,"DI Yogyakarta",54.9,0.499,0.576,-0.366,1.158
2025,4,"Sulawesi Utara",48.7,0.306,0.338,-0.482,0.93
2025,4,"Sulawesi Tenggara",47.3,0.261,-0.245,-0.317,1.061
2025,4,"Nusa Tenggara Barat",44.4,0.17,-1.259,-0.662,1.776
2025,4,"Jambi",42.5,0.109,-0.402,-0.569,0.996
2025,4,"Kalimantan Tengah",39.1,0.001,0.424,-0.318,-0.012
2025,4,"Sumatera Selatan",38.8,-0.007,-0.58,-0.045,0.394
2025,4,"Sulawesi Barat",31.4,-0.24,-1.355,-1.047,1.142
2025,4,"Sumatera Barat",29.5,-0.3,-0.681,-0.529,0.134
2025,4,"Nusa Tenggara Timur",27.2,-0.375,-1.302,-1.316,0.996
2025,4,"Papua Barat",26,-0.41,-0.722,0.9,-1.28
2025,4,"Lampung",23.8,-0.481,-1.001,-0.325,-0.272
2025,4,"Papua Barat Daya",21,-0.569,0.412,-0.477,-1.28
2025,4,"Gorontalo",16.3,-0.717,0.074,-1.291,-0.76
2025,4,"Aceh",12.4,-0.84,-1.188,-1.06,-0.435
2025,4,"Papua",11.5,-0.868,0.22,-1.226,-1.28
2025,4,"Papua Tengah",4.2,-1.098,-2.283,0.061,-1.28
2025,5,"Kepulauan Riau",103.3,2.03,2.328,2.8,1.207
2025,5,"Banten",66.8,0.875,1.466,0.956,0.427
2025,5,"DKI Jakarta",66.7,0.873,2.423,0.528,0.15
2025,5,"Kalimantan Utara",65.6,0.837,0.902,-0.162,1.613
2025,5,"Jawa Barat",60.9,0.689,0.705,0.779,0.605
2025,5,"Maluku Utara",57,0.567,-0.133,2.962,-0.938
2025,5,"Sulawesi Tengah",56.6,0.554,-0.392,1.757,0.183
2025,5,"Sumatera Utara",56.5,0.551,-0.165,-0.18,1.613
2025,5,"Bangka Belitung",56.2,0.543,0.342,-0.07,1.174
2025,5,"Kalimantan Timur",55.1,0.509,1.175,0.478,0.102
2025,5,"Kalimantan Barat",54.8,0.498,-0.412,-0.404,1.824
2025,5,"Sulawesi Selatan",52,0.408,-0.319,-0.392,1.532
2025,5,"Jawa Tengah",50.5,0.362,0.369,0.455,0.28
2025,5,"Bali",50,0.345,1.236,-0.461,0.427
2025,5,"Kalimantan Selatan",46.4,0.232,0.047,0.2,0.378
2025,5,"Riau",44.7,0.179,-0.054,0.26,0.264
2025,5,"Maluku",44.7,0.179,-0.679,-1.054,1.743
2025,5,"Jawa Timur",44.4,0.168,0.136,0.614,-0.175
2025,5,"DI Yogyakarta",40.2,0.038,0.576,-0.366,0.02
2025,5,"Sulawesi Utara",37,-0.063,0.338,-0.482,0.02
2025,5,"Sulawesi Tenggara",35.6,-0.109,-0.245,-0.317,0.15
2025,5,"Nusa Tenggara Barat",32.7,-0.199,-1.259,-0.662,0.865
2025,5,"Jambi",30.8,-0.26,-0.402,-0.569,0.085
2025,5,"Sumatera Selatan",27.3,-0.37,-0.58,-0.045,-0.5
2025,5,"Kalimantan Tengah",27,-0.381,0.424,-0.318,-0.955
2025,5,"Papua Barat",26,-0.41,-0.722,0.9,-1.28
2025,5,"Papua Barat Daya",21,-0.569,0.412,-0.477,-1.28
2025,5,"Sulawesi Barat",19.3,-0.622,-1.355,-1.047,0.199
2025,5,"Nusa Tenggara Timur",15.5,-0.744,-1.302,-1.316,0.085
2025,5,"Lampung",15,-0.758,-1.001,-0.325,-0.955
2025,5,"Papua",11.5,-0.868,0.22,-1.226,-1.28
2025,5,"Sumatera Barat",9.9,-0.919,-0.681,-0.529,-1.394
2025,5,"Papua Tengah",4.2,-1.098,-2.283,0.061,-1.28
2025,5,"Gorontalo",3.8,-1.113,0.074,-1.291,-1.735
2025,5,"Aceh",0.9,-1.203,-1.188,-1.06,-1.329
2025,6,"Kepulauan Riau",100.4,1.937,2.328,2.8,0.979
2025,6,"Banten",66.6,0.869,1.466,0.956,0.41
2025,6,"DKI Jakarta",66.3,0.859,2.423,0.528,0.118
2025,6,"Kalimantan Utara",64.7,0.811,0.902,-0.162,1.548
2025,6,"Jawa Barat",60.5,0.676,0.705,0.779,0.573
2025,6,"Sulawesi Tengah",57,0.567,-0.392,1.757,0.215
2025,6,"Sumatera Utara",56.1,0.538,-0.165,-0.18,1.581
2025,6,"Bangka Belitung",55.6,0.523,0.342,-0.07,1.126
2025,6,"Kalimantan Timur",54.9,0.502,1.175,0.478,0.085
2025,6,"Kalimantan Barat",54.8,0.498,-0.412,-0.404,1.824
2025,6,"Maluku Utara",54.7,0.494,-0.133,2.962,-1.117
2025,6,"Sulawesi Selatan",51.3,0.388,-0.319,-0.392,1.483
2025,6,"Jawa Tengah",50.1,0.349,0.369,0.455,0.248
2025,6,"Bali",48.9,0.312,1.236,-0.461,0.345
2025,6,"Kalimantan Selatan",45.1,0.193,0.047,0.2,0.28
2025,6,"Maluku",44.5,0.172,-0.679,-1.054,1.727
2025,6,"Riau",44.3,0.166,-0.054,0.26,0.232
2025,6,"Jawa Timur",44,0.155,0.136,0.614,-0.207
2025,6,"Sulawesi Tenggara",40.8,0.056,-0.245,-0.317,0.557
2025,6,"DI Yogyakarta",39.8,0.025,0.576,-0.366,-0.012
2025,6,"Sulawesi Utara",36.4,-0.083,0.338,-0.482,-0.028
2025,6,"Sumatera Selatan",34.8,-0.133,-0.58,-0.045,0.085
2025,6,"Nusa Tenggara Barat",32.3,-0.213,-1.259,-0.662,0.833
2025,6,"Jambi",30.2,-0.279,-0.402,-0.569,0.037
2025,6,"Kalimantan Tengah",27,-0.381,0.424,-0.318,-0.955
2025,6,"Papua Barat",26,-0.41,-0.722,0.9,-1.28
2025,6,"Papua Barat Daya",21,-0.569,0.412,-0.477,-1.28
2025,6,"Sulawesi Barat",15.6,-0.741,-1.355,-1.047,-0.093
2025,6,"Nusa Tenggara Timur",14.8,-0.764,-1.302,-1.316,0.037
2025,6,"Lampung",14.4,-0.778,-1.001,-0.325,-1.003
2025,6,"Papua",11.5,-0.868,0.22,-1.226,-1.28
2025,6,"Sumatera Barat",9.5,-0.933,-0.681,-0.529,-1.426
2025,6,"Papua Tengah",4.2,-1.098,-2.283,0.061,-1.28
2025,6,"Gorontalo",1.1,-1.198,0.074,-1.291,-1.946
2025,6,"Aceh",0.5,-1.216,-1.188,-1.06,-1.361
2025,7,"Kepulauan Riau",98.1,1.865,2.328,2.8,0.8
2025,7,"DKI Jakarta",63.1,0.761,2.423,0.528,-0.126
2025,7,"Banten",62.8,0.75,1.466,0.956,0.118
2025,7,"Kalimantan Utara",61.4,0.705,0.902,-0.162,1.288
2025,7,"Sulawesi Selatan",59.7,0.651,-0.319,-0.392,2.133
2025,7,"Jawa Barat",57.3,0.577,0.705,0.779,0.329
2025,7,"Sulawesi Tengah",54.1,0.475,-0.392,1.757,-0.012
2025,7,"Maluku Utara",53.4,0.455,-0.133,2.962,-1.215
2025,7,"Sumatera Utara",53,0.439,-0.165,-0.18,1.337
2025,7,"Bangka Belitung",52.7,0.431,0.342,-0.07,0.898
2025,7,"Kalimantan Barat",51.7,0.399,-0.412,-0.404,1.581
2025,7,"Kalimantan Timur",51.6,0.397,1.175,0.478,-0.175
2025,7,"Jawa Tengah",47.2,0.256,0.369,0.455,0.02
2025,7,"Bali",46,0.22,1.236,-0.461,0.118
2025,7,"Kalimantan Selatan",43.7,0.147,0.047,0.2,0.167
2025,7,"Jawa Timur",41.7,0.083,0.136,0.614,-0.386
2025,7,"Riau",41.4,0.074,-0.054,0.26,0.004
2025,7,"Maluku",39.3,0.008,-0.679,-1.054,1.321
2025,7,"Sulawesi Tenggara",37.3,-0.056,-0.245,-0.317,0.28
2025,7,"DI Yogyakarta",36.7,-0.074,0.576,-0.366,-0.256
2025,7,"Sumatera Selatan",35.7,-0.106,-0.58,-0.045,0.15
2025,7,"Sulawesi Utara",35.4,-0.116,0.338,-0.482,-0.11
2025,7,"Nusa Tenggara Barat",29.4,-0.305,-1.259,-0.662,0.605
2025,7,"Jambi",27.3,-0.372,-0.402,-0.569,-0.191
2025,7,"Papua Barat",26,-0.41,-0.722,0.9,-1.28
2025,7,"Kalimantan Tengah",22.4,-0.526,0.424,-0.318,-1.312
2025,7,"Papua Barat Daya",21,-0.569,0.412,-0.477,-1.28
2025,7,"Sulawesi Barat",13.1,-0.82,-1.355,-1.047,-0.288
2025,7,"Nusa Tenggara Timur",11.9,-0.856,-1.302,-1.316,-0.191
2025,7,"Papua",11.5,-0.868,0.22,-1.226,-1.28
2025,7,"Lampung",11.5,-0.87,-1.001,-0.325,-1.231
2025,7,"Sumatera Barat",6.6,-1.025,-0.681,-0.529,-1.654
2025,7,"Papua Tengah",4.2,-1.098,-2.283,0.061,-1.28
2025,7,"Gorontalo",-0.2,-1.238,0.074,-1.291,-2.044
2025,7,"Aceh",-2.8,-1.321,-1.188,-1.06,-1.621
2025,8,"Kepulauan Riau",90,1.608,2.328,2.8,0.167
2025,8,"Banten",58.2,0.605,1.466,0.956,-0.24
2025,8,"DKI Jakarta",57.3,0.576,2.423,0.528,-0.581
2025,8,"Kalimantan Utara",55.7,0.527,0.902,-0.162,0.849
2025,8,"Sulawesi Selatan",53.8,0.467,-0.319,-0.392,1.678
2025,8,"Jawa Barat",51.5,0.393,0.705,0.779,-0.126
2025,8,"Maluku Utara",48.6,0.303,-0.133,2.962,-1.589
2025,8,"Sulawesi Tengah",47.6,0.271,-0.392,1.757,-0.516
2025,8,"Sumatera Utara",47.1,0.255,-0.165,-0.18,0.882
2025,8,"Bangka Belitung",46.6,0.24,0.342,-0.07,0.427
2025,8,"Kalimantan Timur",45.8,0.212,1.175,0.478,-0.63
2025,8,"Kalimantan Barat",45.4,0.201,-0.412,-0.404,1.093
2025,8,"Jawa Tengah",42.4,0.105,0.369,0.455,-0.353
2025,8,"Bali",39.9,0.028,1.236,-0.461,-0.353
2025,8,"Kalimantan Selatan",37.6,-0.045,0.047,0.2,-0.305
2025,8,"Jawa Timur",35.6,-0.108,0.136,0.614,-0.857
2025,8,"Riau",35.5,-0.111,-0.054,0.26,-0.451
2025,8,"DI Yogyakarta",32.9,-0.193,0.576,-0.366,-0.548
2025,8,"Maluku",32.4,-0.21,-0.679,-1.054,0.784
2025,8,"Sulawesi Tenggara",31.4,-0.24,-0.245,-0.317,-0.175
2025,8,"Sumatera Selatan",29.8,-0.291,-0.58,-0.045,-0.305
2025,8,"Sulawesi Utara",29.5,-0.3,0.338,-0.482,-0.565
2025,8,"Papua Barat",25.8,-0.417,-0.722,0.9,-1.296
2025,8,"Nusa Tenggara Barat",23.5,-0.489,-1.259,-0.662,0.15
2025,8,"Jambi",21.2,-0.563,-0.402,-0.569,-0.662
2025,8,"Papua Barat Daya",20.8,-0.576,0.412,-0.477,-1.296
2025,8,"Kalimantan Tengah",15.1,-0.757,0.424,-0.318,-1.881
2025,8,"Papua",11.3,-0.875,0.22,-1.226,-1.296
2025,8,"Sulawesi Barat",7.6,-0.992,-1.355,-1.047,-0.711
2025,8,"Nusa Tenggara Timur",6.1,-1.04,-1.302,-1.316,-0.646
2025,8,"Lampung",5.6,-1.054,-1.001,-0.325,-1.686
2025,8,"Papua Tengah",4,-1.105,-2.283,0.061,-1.296
2025,8,"Sumatera Barat",0.7,-1.209,-0.681,-0.529,-2.109
2025,8,"Gorontalo",-6,-1.422,0.074,-1.291,-2.499
2025,8,"Aceh",-8.2,-1.493,-1.188,-1.06,-2.044
2025,9,"Kepulauan Riau",91.2,1.647,2.328,2.8,0.264
2025,9,"Banten",58.8,0.625,1.466,0.956,-0.191
2025,9,"DKI Jakarta",56.4,0.55,2.423,0.528,-0.646
2025,9,"Kalimantan Utara",55.5,0.521,0.902,-0.162,0.833
2025,9,"Sulawesi Selatan",53.6,0.46,-0.319,-0.392,1.662
2025,9,"Jawa Barat",51.5,0.393,0.705,0.779,-0.126
2025,9,"Sulawesi Tengah",47.8,0.277,-0.392,1.757,-0.5
2025,9,"Maluku Utara",47.4,0.264,-0.133,2.962,-1.686
2025,9,"Sumatera Utara",47.1,0.255,-0.165,-0.18,0.882
2025,9,"Bangka Belitung",46.6,0.24,0.342,-0.07,0.427
2025,9,"Kalimantan Barat",45.2,0.195,-0.412,-0.404,1.077
2025,9,"Kalimantan Timur",45.1,0.192,1.175,0.478,-0.678
2025,9,"Jawa Tengah",42.6,0.111,0.369,0.455,-0.337
2025,9,"Bali",39.9,0.028,1.236,-0.461,-0.353
2025,9,"Riau",35.3,-0.117,-0.054,0.26,-0.467
2025,9,"Jawa Timur",35.2,-0.122,0.136,0.614,-0.89
2025,9,"Kalimantan Selatan",35.1,-0.124,0.047,0.2,-0.5
2025,9,"DI Yogyakarta",32.9,-0.193,0.576,-0.366,-0.548
2025,9,"Sulawesi Tenggara",31,-0.254,-0.245,-0.317,-0.207
2025,9,"Maluku",30.5,-0.269,-0.679,-1.054,0.638
2025,9,"Sulawesi Utara",30.2,-0.28,0.338,-0.482,-0.516
2025,9,"Sumatera Selatan",29.8,-0.291,-0.58,-0.045,-0.305
2025,9,"Papua Barat",25.8,-0.417,-0.722,0.9,-1.296
2025,9,"Nusa Tenggara Barat",23.5,-0.489,-1.259,-0.662,0.15
2025,9,"Jambi",21.2,-0.563,-0.402,-0.569,-0.662
2025,9,"Papua Barat Daya",20.8,-0.576,0.412,-0.477,-1.296
2025,9,"Kalimantan Tengah",15.3,-0.75,0.424,-0.318,-1.865
2025,9,"Papua",11.3,-0.875,0.22,-1.226,-1.296
2025,9,"Sulawesi Barat",7.2,-1.005,-1.355,-1.047,-0.743
2025,9,"Nusa Tenggara Timur",6.1,-1.04,-1.302,-1.316,-0.646
2025,9,"Papua Tengah",4,-1.105,-2.283,0.061,-1.296
2025,9,"Lampung",2.7,-1.147,-1.001,-0.325,-1.914
2025,9,"Sumatera Barat",0.5,-1.216,-0.681,-0.529,-2.125
2025,9,"Gorontalo",-7.7,-1.475,0.074,-1.291,-2.629
2025,9,"Aceh",-8.2,-1.493,-1.188,-1.06,-2.044
2025,10,"Kepulauan Riau",89.1,1.582,2.328,2.8,0.102
2025,10,"Banten",57,0.565,1.466,0.956,-0.337
2025,10,"DKI Jakarta",54.6,0.49,2.423,0.528,-0.792
2025,10,"Kalimantan Utara",52.8,0.435,0.902,-0.162,0.622
2025,10,"Sulawesi Selatan",52.8,0.434,-0.319,-0.392,1.597
2025,10,"Jawa Barat",49.6,0.333,0.705,0.779,-0.272
2025,10,"Sumatera Utara",48.8,0.307,-0.165,-0.18,1.012
2025,10,"Maluku Utara",47.6,0.27,-0.133,2.962,-1.67
2025,10,"Sulawesi Tengah",45.9,0.218,-0.392,1.757,-0.646
2025,10,"Bangka Belitung",44.7,0.18,0.342,-0.07,0.28
2025,10,"Kalimantan Barat",43.5,0.142,-0.412,-0.404,0.947
2025,10,"Kalimantan Timur",42.6,0.113,1.175,0.478,-0.873
2025,10,"Jawa Tengah",39.8,0.026,0.369,0.455,-0.548
2025,10,"Bali",38.1,-0.031,1.236,-0.461,-0.5
2025,10,"Kalimantan Selatan",33.9,-0.163,0.047,0.2,-0.597
2025,10,"Riau",33.9,-0.164,-0.054,0.26,-0.581
2025,10,"Jawa Timur",32.5,-0.207,0.136,0.614,-1.101
2025,10,"DI Yogyakarta",31.3,-0.245,0.576,-0.366,-0.678
2025,10,"Sulawesi Tenggara",29.3,-0.306,-0.245,-0.317,-0.337
2025,10,"Sulawesi Utara",28.3,-0.34,0.338,-0.482,-0.662
2025,10,"Sumatera Selatan",27.7,-0.357,-0.58,-0.045,-0.467
2025,10,"Maluku",27.6,-0.362,-0.679,-1.054,0.41
2025,10,"Papua Barat",25.8,-0.417,-0.722,0.9,-1.296
2025,10,"Nusa Tenggara Barat",21.7,-0.549,-1.259,-0.662,0.004
2025,10,"Papua Barat Daya",20.8,-0.576,0.412,-0.477,-1.296
2025,10,"Jambi",19.3,-0.622,-0.402,-0.569,-0.808
2025,10,"Kalimantan Tengah",13.2,-0.816,0.424,-0.318,-2.027
2025,10,"Papua",11.3,-0.875,0.22,-1.226,-1.296
2025,10,"Sulawesi Barat",7.6,-0.992,-1.355,-1.047,-0.711
2025,10,"Nusa Tenggara Timur",4.2,-1.1,-1.302,-1.316,-0.792
2025,10,"Papua Tengah",4,-1.105,-2.283,0.061,-1.296
2025,10,"Lampung",0.8,-1.206,-1.001,-0.325,-2.06
2025,10,"Sumatera Barat",-1,-1.262,-0.681,-0.529,-2.239
2025,10,"Gorontalo",-9.6,-1.535,0.074,-1.291,-2.775
2025,10,"Aceh",-10.1,-1.552,-1.188,-1.06,-2.19
2025,11,"Kepulauan Riau",84.5,1.437,2.328,2.8,-0.256
2025,11,"Banten",53.4,0.453,1.466,0.956,-0.613
2025,11,"DKI Jakarta",51.6,0.398,2.423,0.528,-1.02
2025,11,"Kalimantan Utara",51.4,0.389,0.902,-0.162,0.508
2025,11,"Sulawesi Selatan",49,0.315,-0.319,-0.392,1.304
2025,11,"Jawa Barat",46.5,0.234,0.705,0.779,-0.516
2025,11,"Sumatera Utara",45.6,0.208,-0.165,-0.18,0.768
2025,11,"Maluku Utara",44.9,0.185,-0.133,2.962,-1.881
2025,11,"Sulawesi Tengah",42.6,0.113,-0.392,1.757,-0.906
2025,11,"Bangka Belitung",41.6,0.081,0.342,-0.07,0.037
2025,11,"Kalimantan Timur",40.5,0.047,1.175,0.478,-1.036
2025,11,"Kalimantan Barat",40.4,0.043,-0.412,-0.404,0.703
2025,11,"Jawa Tengah",37.1,-0.06,0.369,0.455,-0.76
2025,11,"Bali",35.3,-0.117,1.236,-0.461,-0.711
2025,11,"Riau",32.6,-0.203,-0.054,0.26,-0.678
2025,11,"Kalimantan Selatan",30.9,-0.256,0.047,0.2,-0.825
2025,11,"Jawa Timur",29.5,-0.3,0.136,0.614,-1.329
2025,11,"DI Yogyakarta",28.3,-0.338,0.576,-0.366,-0.906
2025,11,"Maluku",26.5,-0.394,-0.679,-1.054,0.329
2025,11,"Sulawesi Tenggara",26.2,-0.405,-0.245,-0.317,-0.581
2025,11,"Papua Barat",25.8,-0.417,-0.722,0.9,-1.296
2025,11,"Sulawesi Utara",25.4,-0.432,0.338,-0.482,-0.89
2025,11,"Sumatera Selatan",24.8,-0.449,-0.58,-0.045,-0.695
2025,11,"Papua Barat Daya",20.8,-0.576,0.412,-0.477,-1.296
2025,11,"Nusa Tenggara Barat",18.5,-0.648,-1.259,-0.662,-0.24
2025,11,"Jambi",17,-0.695,-0.402,-0.569,-0.987
2025,11,"Kalimantan Tengah",16.7,-0.704,0.424,-0.318,-1.751
2025,11,"Papua",11.3,-0.875,0.22,-1.226,-1.296
2025,11,"Sulawesi Barat",4.9,-1.077,-1.355,-1.047,-0.922
2025,11,"Papua Tengah",4,-1.105,-2.283,0.061,-1.296
2025,11,"Nusa Tenggara Timur",1.3,-1.192,-1.302,-1.316,-1.02
2025,11,"Lampung",-2.7,-1.318,-1.001,-0.325,-2.336
2025,11,"Sumatera Barat",-4.1,-1.361,-0.681,-0.529,-2.482
2025,11,"Aceh",-13.5,-1.657,-1.188,-1.06,-2.45
2025,11,"Gorontalo",-14,-1.673,0.074,-1.291,-3.116
2025,12,"Kepulauan Riau",95.4,1.779,2.328,2.8,0.589
2025,12,"Banten",62.8,0.75,1.466,0.956,0.118
2025,12,"DKI Jakarta",60,0.662,2.423,0.528,-0.37
2025,12,"Kalimantan Utara",58.9,0.626,0.902,-0.162,1.093
2025,12,"Sulawesi Selatan",57.6,0.586,-0.319,-0.392,1.971
2025,12,"Jawa Barat",55,0.505,0.705,0.779,0.15
2025,12,"Sumatera Utara",54.4,0.485,-0.165,-0.18,1.451
2025,12,"Maluku Utara",52.6,0.429,-0.133,2.962,-1.28
2025,12,"Bangka Belitung",50.2,0.352,0.342,-0.07,0.703
2025,12,"Sulawesi Tengah",49.5,0.33,-0.392,1.757,-0.37
2025,12,"Kalimantan Barat",49,0.313,-0.412,-0.404,1.369
2025,12,"Kalimantan Timur",48.7,0.304,1.175,0.478,-0.402
2025,12,"Bali",45.6,0.206,1.236,-0.461,0.085
2025,12,"Jawa Tengah",45.3,0.197,0.369,0.455,-0.126
2025,12,"Riau",40.5,0.047,-0.054,0.26,-0.061
2025,12,"Kalimantan Selatan",39.5,0.015,0.047,0.2,-0.158
2025,12,"Jawa Timur",37.7,-0.042,0.136,0.614,-0.695
2025,12,"Sulawesi Tenggara",37.1,-0.062,-0.245,-0.317,0.264
2025,12,"DI Yogyakarta",36.7,-0.074,0.576,-0.366,-0.256
2025,12,"Maluku",34.9,-0.131,-0.679,-1.054,0.979
2025,12,"Sulawesi Utara",33.7,-0.168,0.338,-0.482,-0.24
2025,12,"Sumatera Selatan",33.6,-0.172,-0.58,-0.045,-0.012
2025,12,"Nusa Tenggara Barat",27.1,-0.377,-1.259,-0.662,0.427
2025,12,"Papua Barat",26,-0.41,-0.722,0.9,-1.28
2025,12,"Jambi",25.4,-0.431,-0.402,-0.569,-0.337
2025,12,"Kalimantan Tengah",24.7,-0.454,0.424,-0.318,-1.133
2025,12,"Papua Barat Daya",21,-0.569,0.412,-0.477,-1.28
2025,12,"Sulawesi Barat",13.1,-0.82,-1.355,-1.047,-0.288
2025,12,"Papua",11.5,-0.868,0.22,-1.226,-1.28
2025,12,"Nusa Tenggara Timur",9.2,-0.942,-1.302,-1.316,-0.402
2025,12,"Lampung",5.2,-1.068,-1.001,-0.325,-1.719
2025,12,"Papua Tengah",4.2,-1.098,-2.283,0.061,-1.28
2025,12,"Sumatera Barat",3.4,-1.124,-0.681,-0.529,-1.897
2025,12,"Aceh",-4.9,-1.387,-1.188,-1.06,-1.784
2025,12,"Gorontalo",-5.4,-1.403,0.074,-1.291,-2.45
