"year","province","pasar_kerja_0_100","struktural_0_100","tekanan_0_100","lpi_0_100","lpi_rank","tier","tier_label"
2022,"Kepulauan Riau",94,100,15.4,66.3,1,1,"Risiko Sangat Tinggi"
2022,"Banten",85.6,68.8,30.5,59.5,2,1,"Risiko Sangat Tinggi"
2022,"Papua Barat",24.4,44,100,59.1,3,1,"Risiko Sangat Tinggi"
2022,"Kalimantan Timur",71.7,58.9,35.2,53.9,4,1,"Risiko Sangat Tinggi"
2022,"Papua",24,23.6,100,52.5,5,1,"Risiko Sangat Tinggi"
2022,"DKI Jakarta",100,51.6,5.8,49.2,6,1,"Risiko Sangat Tinggi"
2022,"Maluku Utara",36.6,88.4,20.4,46.9,7,1,"Risiko Sangat Tinggi"
2022,"Sulawesi Tengah",33.7,62.6,43.6,46.6,8,1,"Risiko Sangat Tinggi"
2022,"Jawa Barat",67.7,63.4,7.4,43.6,9,2,"Risiko Tinggi"
2022,"Bangka Belitung",64.6,39,19,39.3,10,2,"Risiko Tinggi"
2022,"Kalimantan Tengah",55.2,53.6,13.1,38.8,11,2,"Risiko Tinggi"
2022,"Jawa Timur",45,56.1,16.2,37.7,12,2,"Risiko Tinggi"
2022,"Bali",58.6,24.9,31.1,37.6,13,2,"Risiko Tinggi"
2022,"Riau",42.3,46.6,25.8,37.4,14,2,"Risiko Tinggi"
2022,"Jawa Tengah",53.7,52.3,2.5,33.9,15,2,"Risiko Tinggi"
2022,"Sulawesi Tenggara",36.1,32.3,33.3,33.9,16,2,"Risiko Tinggi"
2022,"Kalimantan Utara",57.8,34.1,13.7,33.6,17,2,"Risiko Tinggi"
2022,"DI Yogyakarta",54.3,29.2,17.9,32.6,18,3,"Risiko Sedang"
2022,"Sumatera Utara",44.7,33.2,19.6,31.6,19,3,"Risiko Sedang"
2022,"Sumatera Selatan",35.6,38.8,21.8,31.4,20,3,"Risiko Sedang"
2022,"Jambi",32.9,23.4,35,30.6,21,3,"Risiko Sedang"
2022,"Sulawesi Selatan",39.9,27.9,25,30.5,22,3,"Risiko Sedang"
2022,"Kalimantan Selatan",38.9,50.4,4.9,29.7,23,3,"Risiko Sedang"
2022,"Bengkulu",29.8,24.1,34,29.6,24,3,"Risiko Sedang"
2022,"Sulawesi Utara",54.2,24.5,10.1,28.2,25,3,"Risiko Sedang"
2022,"Sumatera Barat",33.7,23.6,25.3,27.3,26,4,"Risiko Rendah"
2022,"Lampung",29.4,28.9,19.5,25.5,27,4,"Risiko Rendah"
2022,"Kalimantan Barat",37,27.6,13.5,25.2,28,4,"Risiko Rendah"
2022,"Aceh",24.9,7,33,22.3,29,4,"Risiko Rendah"
2022,"Gorontalo",43.8,0,19.6,20.8,30,4,"Risiko Rendah"
2022,"Maluku",23.2,3.1,13.5,13.2,31,4,"Risiko Rendah"
2022,"Nusa Tenggara Barat",11.1,19.5,2.8,10.7,32,4,"Risiko Rendah"
2022,"Sulawesi Barat",0,6.5,4.9,3.9,33,4,"Risiko Rendah"
2022,"Nusa Tenggara Timur",4.4,0.5,0,1.5,34,4,"Risiko Rendah"
2023,"Kepulauan Riau",94.8,100,33.7,75.7,1,1,"Risiko Sangat Tinggi"
2023,"DKI Jakarta",100,50.9,66.1,72.3,2,1,"Risiko Sangat Tinggi"
2023,"Banten",79.2,63.8,68.2,70.4,3,1,"Risiko Sangat Tinggi"
2023,"Kalimantan Timur",72.9,49.5,60.3,60.9,4,1,"Risiko Sangat Tinggi"
2023,"Papua Barat",38.4,43.6,92.3,58.5,5,1,"Risiko Sangat Tinggi"
2023,"Jawa Barat",60.2,57.3,57.7,58.4,6,1,"Risiko Sangat Tinggi"
2023,"DI Yogyakarta",45,26.2,100,57.6,7,1,"Risiko Sangat Tinggi"
2023,"Kalimantan Selatan",39,42.7,89.5,57.4,8,1,"Risiko Sangat Tinggi"
2023,"Maluku Utara",44.5,88.5,39.5,57.3,9,2,"Risiko Tinggi"
2023,"Sulawesi Tengah",28.2,73.6,62.4,54.8,10,2,"Risiko Tinggi"
2023,"Kalimantan Utara",55.7,30.3,65.5,50.7,11,2,"Risiko Tinggi"
2023,"Jawa Timur",39.6,50.7,61.2,50.6,12,2,"Risiko Tinggi"
2023,"Bali",65.7,22.5,63.1,50.6,13,2,"Risiko Tinggi"
2023,"Bangka Belitung",52.7,32.7,61.2,49,14,2,"Risiko Tinggi"
2023,"Sumatera Utara",35.9,29.1,76.7,47.6,15,2,"Risiko Tinggi"
2023,"Jawa Tengah",43.2,47.9,48.8,46.7,16,2,"Risiko Tinggi"
2023,"Kalimantan Barat",33,23.6,80.9,46.3,17,3,"Risiko Sedang"
2023,"Papua",25,13.1,92.3,44,18,3,"Risiko Sedang"
2023,"Sulawesi Selatan",31,24.9,74.3,43.8,19,3,"Risiko Sedang"
2023,"Sulawesi Utara",48.9,21.5,59,43.3,20,3,"Risiko Sedang"
2023,"Sumatera Selatan",27.3,33.9,66.3,42.8,21,3,"Risiko Sedang"
2023,"Sulawesi Tenggara",24.5,27.2,72.9,41.9,22,3,"Risiko Sedang"
2023,"Riau",37.3,40,47.4,41.7,23,3,"Risiko Sedang"
2023,"Maluku",24,6.6,88.2,40.2,24,3,"Risiko Sedang"
2023,"Kalimantan Tengah",47.9,27.8,41.9,39.2,25,4,"Risiko Rendah"
2023,"Nusa Tenggara Barat",7.8,17.1,81.9,36.1,26,4,"Risiko Rendah"
2023,"Sumatera Barat",23.7,20.6,60.7,35.3,27,4,"Risiko Rendah"
2023,"Lampung",18.6,25.4,59.3,34.7,28,4,"Risiko Rendah"
2023,"Jambi",19.8,18.9,63.3,34.3,29,4,"Risiko Rendah"
2023,"Sulawesi Barat",0,6.1,69.8,25.8,30,4,"Risiko Rendah"
2023,"Aceh",18.7,5.9,51.1,25.5,31,4,"Risiko Rendah"
2023,"Nusa Tenggara Timur",0.6,1.2,63.1,22.1,32,4,"Risiko Rendah"
2023,"Gorontalo",31,0,0,10.2,33,4,"Risiko Rendah"
2024,"Kepulauan Riau",100,100,59,84,1,1,"Risiko Sangat Tinggi"
2024,"Banten",77.8,62.2,74.1,71.5,2,1,"Risiko Sangat Tinggi"
2024,"DKI Jakarta",93.6,51.9,57.4,66.7,3,1,"Risiko Sangat Tinggi"
2024,"Jawa Barat",61,56.3,59.9,59.1,4,1,"Risiko Sangat Tinggi"
2024,"Sumatera Utara",38.4,29.1,95.6,57.8,5,1,"Risiko Sangat Tinggi"
2024,"Kalimantan Barat",34.9,24,100,56.8,6,1,"Risiko Sangat Tinggi"
2024,"Kalimantan Timur",71.4,47.1,52.2,56.4,7,1,"Risiko Sangat Tinggi"
2024,"Sulawesi Tengah",35.3,78.5,55.3,56.4,8,1,"Risiko Sangat Tinggi"
2024,"Kalimantan Utara",54.4,30.4,78.3,56.3,9,1,"Risiko Sangat Tinggi"
2024,"Maluku Utara",45.7,95.7,27,53.9,10,2,"Risiko Tinggi"
2024,"Bali",69.6,22.7,64.3,53.1,11,2,"Risiko Tinggi"
2024,"Kalimantan Selatan",43.4,42.2,64.8,51.4,12,2,"Risiko Tinggi"
2024,"DI Yogyakarta",55.5,26,65.1,50.1,13,2,"Risiko Tinggi"
2024,"Maluku",28.1,8.2,99,49.5,14,2,"Risiko Tinggi"
2024,"Jawa Tengah",50.1,47.7,43.8,46.9,15,2,"Risiko Tinggi"
2024,"Jawa Timur",43.5,51.2,44.1,46.1,16,2,"Risiko Tinggi"
2024,"Sulawesi Selatan",36.2,24.6,70.9,46.1,17,2,"Risiko Tinggi"
2024,"Bangka Belitung",50.6,30.3,52.8,45.2,18,2,"Risiko Tinggi"
2024,"Sulawesi Utara",53,21.3,49.5,41.9,19,3,"Risiko Sedang"
2024,"Riau",40.4,39.1,43.6,41.3,20,3,"Risiko Sedang"
2024,"Nusa Tenggara Barat",10.8,19.5,80.1,40.4,21,3,"Risiko Sedang"
2024,"Sulawesi Tenggara",34.6,26.2,53.9,39.5,22,3,"Risiko Sedang"
2024,"Jambi",35.6,18.9,53.3,37.3,23,3,"Risiko Sedang"
2024,"Bengkulu",24.6,23.5,53.5,35.5,24,3,"Risiko Sedang"
2024,"Sumatera Selatan",28.4,34.6,40.5,35,25,3,"Risiko Sedang"
2024,"Kalimantan Tengah",54.6,25.7,24.8,34.1,26,3,"Risiko Sedang"
2024,"Sumatera Barat",28.8,20.7,48.7,34,27,3,"Risiko Sedang"
2024,"Lampung",23.1,26.4,45.6,32.9,28,4,"Risiko Rendah"
2024,"Papua Barat",29,58.1,14.9,32.5,29,4,"Risiko Rendah"
2024,"Sulawesi Barat",9.5,4.8,54.9,25.7,30,4,"Risiko Rendah"
2024,"Papua Tengah",26.4,36.4,14.9,25,31,4,"Risiko Rendah"
2024,"Papua Barat Daya",34.5,23.6,14.9,23.5,32,4,"Risiko Rendah"
2024,"Papua",46.8,4.5,14.9,21.3,33,4,"Risiko Rendah"
2024,"Nusa Tenggara Timur",0,0.8,52.8,20.8,34,4,"Risiko Rendah"
2024,"Aceh",17.6,6.5,22.5,16.1,35,4,"Risiko Rendah"
2024,"Gorontalo",39.9,0,0,12.1,36,4,"Risiko Rendah"
2025,"Kepulauan Riau",98,96.2,76.4,88.7,1,1,"Risiko Sangat Tinggi"
2025,"Banten",79.7,53.1,62.8,64,2,1,"Risiko Sangat Tinggi"
2025,"Kalimantan Utara",67.7,27,90.8,63.6,3,1,"Risiko Sangat Tinggi"
2025,"DKI Jakarta",100,43.1,52.8,62,4,1,"Risiko Sangat Tinggi"
2025,"Jawa Barat",63.5,49,64.8,59.2,5,1,"Risiko Sangat Tinggi"
2025,"Sumatera Utara",45,26.6,94.1,58.8,6,1,"Risiko Sangat Tinggi"
2025,"Sulawesi Selatan",41.8,21.6,100,58.7,7,1,"Risiko Sangat Tinggi"
2025,"Kalimantan Barat",39.8,21.3,97.3,57,8,1,"Risiko Sangat Tinggi"
2025,"Sulawesi Tengah",40.2,71.8,54.3,56.4,9,2,"Risiko Tinggi"
2025,"Bangka Belitung",55.8,29.1,78.2,56,10,2,"Risiko Tinggi"
2025,"Maluku Utara",45.7,100,24.7,55.2,11,2,"Risiko Tinggi"
2025,"Kalimantan Timur",73.5,41.9,50.2,53.6,12,2,"Risiko Tinggi"
2025,"Jawa Tengah",56.4,41.4,55.2,50.9,13,2,"Risiko Tinggi"
2025,"Bali",74.8,20,59.7,50.5,14,2,"Risiko Tinggi"
2025,"Kalimantan Selatan",49.5,35.4,58.2,48.4,15,2,"Risiko Tinggi"
2025,"Maluku",34.1,6.1,91.6,48.1,16,2,"Risiko Tinggi"
2025,"Riau",47.4,36.8,55.5,47.2,17,2,"Risiko Tinggi"
2025,"Jawa Timur",51.4,45.1,43.5,46.1,18,3,"Risiko Sedang"
2025,"DI Yogyakarta",60.8,22.2,52.8,44.7,19,3,"Risiko Sedang"
2025,"Sulawesi Tenggara",43.3,23.4,59.3,43.2,20,3,"Risiko Sedang"
2025,"Sulawesi Utara",55.7,19.5,51.2,41.9,21,3,"Risiko Sedang"
2025,"Nusa Tenggara Barat",21.8,15.3,71.8,39.9,22,3,"Risiko Sedang"
2025,"Sumatera Selatan",36.2,29.7,48.2,38.9,23,3,"Risiko Sedang"
2025,"Jambi",40,17.5,50.6,36.8,24,3,"Risiko Sedang"
2025,"Papua Barat",33.2,51.8,16.2,32.5,25,3,"Risiko Sedang"
2025,"Kalimantan Tengah",57.5,23.3,22.8,32.1,26,3,"Risiko Sedang"
2025,"Sulawesi Barat",19.7,6.3,51.7,28.2,27,4,"Risiko Rendah"
2025,"Papua Barat Daya",57.3,19.6,16.2,28.1,28,4,"Risiko Rendah"
2025,"Nusa Tenggara Timur",20.9,0,50.3,25.9,29,4,"Risiko Rendah"
2025,"Lampung",27.3,23.2,18.2,22.2,30,4,"Risiko Rendah"
2025,"Sumatera Barat",34,18.4,16.3,21.7,31,4,"Risiko Rendah"
2025,"Papua",53.2,2.1,16.2,21.2,32,4,"Risiko Rendah"
2025,"Papua Tengah",0,32.2,16.2,17.3,33,4,"Risiko Rendah"
2025,"Aceh",23.3,6,13.1,13.4,34,4,"Risiko Rendah"
2025,"Gorontalo",50.1,0.6,0,13.3,35,4,"Risiko Rendah"
