"index","year","variable","pc1_loading","contrib_pct","msa"
"Indeks Kerentanan Pasar Kerja",2022,"Formal labour share",0.5,25,0.79
"Indeks Kerentanan Pasar Kerja",2022,"Manuf labour share",0.277,7.6,0.76
"Indeks Kerentanan Pasar Kerja",2022,"Full-time share",0.525,27.6,0.71
"Indeks Kerentanan Pasar Kerja",2022,"Underemployment",-0.467,21.9,0.8
"Indeks Kerentanan Pasar Kerja",2022,"Average wage",0.424,18,0.9
"Indeks Kerentanan Pasar Kerja",2023,"Formal labour share",0.482,23.2,0.77
"Indeks Kerentanan Pasar Kerja",2023,"Manuf labour share",0.261,6.8,0.64
"Indeks Kerentanan Pasar Kerja",2023,"Full-time share",0.522,27.2,0.7
"Indeks Kerentanan Pasar Kerja",2023,"Underemployment",-0.455,20.7,0.83
"Indeks Kerentanan Pasar Kerja",2023,"Average wage",0.469,22,0.88
"Indeks Kerentanan Pasar Kerja",2024,"Formal labour share",0.501,25.1,0.61
"Indeks Kerentanan Pasar Kerja",2024,"Manuf labour share",0.322,10.4,0.74
"Indeks Kerentanan Pasar Kerja",2024,"Full-time share",0.558,31.1,0.6
"Indeks Kerentanan Pasar Kerja",2024,"Underemployment",-0.44,19.4,0.69
"Indeks Kerentanan Pasar Kerja",2024,"Average wage",0.375,14,0.75
"Indeks Kerentanan Pasar Kerja",2025,"Formal labour share",0.525,27.5,0.65
"Indeks Kerentanan Pasar Kerja",2025,"Manuf labour share",0.319,10.2,0.73
"Indeks Kerentanan Pasar Kerja",2025,"Full-time share",0.564,31.8,0.59
"Indeks Kerentanan Pasar Kerja",2025,"Underemployment",-0.465,21.6,0.68
"Indeks Kerentanan Pasar Kerja",2025,"Average wage",0.297,8.8,0.76
"Indeks Kerentanan Struktural Ekonomi",2022,"Government/PDRB",-0.355,12.6,0.57
"Indeks Kerentanan Struktural Ekonomi",2022,"Export/PDRB",0.407,16.5,0.58
"Indeks Kerentanan Struktural Ekonomi",2022,"Import/PDRB",0.482,23.3,0.61
"Indeks Kerentanan Struktural Ekonomi",2022,"Manuf %PDRB",0.522,27.3,0.65
"Indeks Kerentanan Struktural Ekonomi",2022,"Agri %PDRB",-0.451,20.3,0.75
"Indeks Kerentanan Struktural Ekonomi",2023,"Government/PDRB",-0.307,9.4,0.48
"Indeks Kerentanan Struktural Ekonomi",2023,"Export/PDRB",0.434,18.8,0.59
"Indeks Kerentanan Struktural Ekonomi",2023,"Import/PDRB",0.51,26,0.69
"Indeks Kerentanan Struktural Ekonomi",2023,"Manuf %PDRB",0.521,27.2,0.65
"Indeks Kerentanan Struktural Ekonomi",2023,"Agri %PDRB",-0.431,18.5,0.73
"Indeks Kerentanan Struktural Ekonomi",2024,"Government/PDRB",-0.307,9.4,0.59
"Indeks Kerentanan Struktural Ekonomi",2024,"Export/PDRB",0.446,19.9,0.63
"Indeks Kerentanan Struktural Ekonomi",2024,"Import/PDRB",0.511,26.1,0.68
"Indeks Kerentanan Struktural Ekonomi",2024,"Manuf %PDRB",0.515,26.5,0.71
"Indeks Kerentanan Struktural Ekonomi",2024,"Agri %PDRB",-0.425,18,0.76
"Indeks Kerentanan Struktural Ekonomi",2025,"Government/PDRB",-0.314,9.8,0.67
"Indeks Kerentanan Struktural Ekonomi",2025,"Export/PDRB",0.502,25.2,0.66
"Indeks Kerentanan Struktural Ekonomi",2025,"Import/PDRB",0.5,25,0.68
"Indeks Kerentanan Struktural Ekonomi",2025,"Manuf %PDRB",0.5,25,0.74
"Indeks Kerentanan Struktural Ekonomi",2025,"Agri %PDRB",-0.388,15,0.79
