"year","province","score_0_100"
2022,"Kepulauan Riau",100
2022,"Maluku Utara",88.4
2022,"Banten",68.8
2022,"Jawa Barat",63.4
2022,"Sulawesi Tengah",62.6
2022,"Kalimantan Timur",58.9
2022,"Jawa Timur",56.1
2022,"Kalimantan Tengah",53.6
2022,"Jawa Tengah",52.3
2022,"DKI Jakarta",51.6
2022,"Kalimantan Selatan",50.4
2022,"Riau",46.6
2022,"Papua Barat",44
2022,"Bangka Belitung",39
2022,"Sumatera Selatan",38.8
2022,"Kalimantan Utara",34.1
2022,"Sumatera Utara",33.2
2022,"Sulawesi Tenggara",32.3
2022,"DI Yogyakarta",29.2
2022,"Lampung",28.9
2022,"Sulawesi Selatan",27.9
2022,"Kalimantan Barat",27.6
2022,"Bali",24.9
2022,"Sulawesi Utara",24.5
2022,"Bengkulu",24.1
2022,"Papua",23.6
2022,"Sumatera Barat",23.6
2022,"Jambi",23.4
2022,"Nusa Tenggara Barat",19.5
2022,"Aceh",7
2022,"Sulawesi Barat",6.5
2022,"Maluku",3.1
2022,"Nusa Tenggara Timur",0.5
2022,"Gorontalo",0
2023,"Kepulauan Riau",100
2023,"Maluku Utara",88.5
2023,"Sulawesi Tengah",73.6
2023,"Banten",63.8
2023,"Jawa Barat",57.3
2023,"DKI Jakarta",50.9
2023,"Jawa Timur",50.7
2023,"Kalimantan Timur",49.5
2023,"Jawa Tengah",47.9
2023,"Papua Barat",43.6
2023,"Kalimantan Selatan",42.7
2023,"Riau",40
2023,"Sumatera Selatan",33.9
2023,"Bangka Belitung",32.7
2023,"Kalimantan Utara",30.3
2023,"Sumatera Utara",29.1
2023,"Kalimantan Tengah",27.8
2023,"Sulawesi Tenggara",27.2
2023,"DI Yogyakarta",26.2
2023,"Lampung",25.4
2023,"Sulawesi Selatan",24.9
2023,"Kalimantan Barat",23.6
2023,"Bali",22.5
2023,"Sulawesi Utara",21.5
2023,"Sumatera Barat",20.6
2023,"Jambi",18.9
2023,"Nusa Tenggara Barat",17.1
2023,"Papua",13.1
2023,"Maluku",6.6
2023,"Sulawesi Barat",6.1
2023,"Aceh",5.9
2023,"Nusa Tenggara Timur",1.2
2023,"Gorontalo",0
2024,"Kepulauan Riau",100
2024,"Maluku Utara",95.7
2024,"Sulawesi Tengah",78.5
2024,"Banten",62.2
2024,"Papua Barat",58.1
2024,"Jawa Barat",56.3
2024,"DKI Jakarta",51.9
2024,"Jawa Timur",51.2
2024,"Jawa Tengah",47.7
2024,"Kalimantan Timur",47.1
2024,"Kalimantan Selatan",42.2
2024,"Riau",39.1
2024,"Papua Tengah",36.4
2024,"Sumatera Selatan",34.6
2024,"Kalimantan Utara",30.4
2024,"Bangka Belitung",30.3
2024,"Sumatera Utara",29.1
2024,"Lampung",26.4
2024,"Sulawesi Tenggara",26.2
2024,"DI Yogyakarta",26
2024,"Kalimantan Tengah",25.7
2024,"Sulawesi Selatan",24.6
2024,"Kalimantan Barat",24
2024,"Papua Barat Daya",23.6
2024,"Bengkulu",23.5
2024,"Bali",22.7
2024,"Sulawesi Utara",21.3
2024,"Sumatera Barat",20.7
2024,"Nusa Tenggara Barat",19.5
2024,"Jambi",18.9
2024,"Maluku",8.2
2024,"Aceh",6.5
2024,"Sulawesi Barat",4.8
2024,"Papua",4.5
2024,"Nusa Tenggara Timur",0.8
2024,"Gorontalo",0
2025,"Maluku Utara",100
2025,"Kepulauan Riau",96.2
2025,"Sulawesi Tengah",71.8
2025,"Banten",53.1
2025,"Papua Barat",51.8
2025,"Jawa Barat",49
2025,"Jawa Timur",45.1
2025,"DKI Jakarta",43.1
2025,"Kalimantan Timur",41.9
2025,"Jawa Tengah",41.4
2025,"Riau",36.8
2025,"Kalimantan Selatan",35.4
2025,"Papua Tengah",32.2
2025,"Sumatera Selatan",29.7
2025,"Bangka Belitung",29.1
2025,"Kalimantan Utara",27
2025,"Sumatera Utara",26.6
2025,"Sulawesi Tenggara",23.4
2025,"Kalimantan Tengah",23.3
2025,"Lampung",23.2
2025,"DI Yogyakarta",22.2
2025,"Sulawesi Selatan",21.6
2025,"Kalimantan Barat",21.3
2025,"Bali",20
2025,"Papua Barat Daya",19.6
2025,"Sulawesi Utara",19.5
2025,"Sumatera Barat",18.4
2025,"Jambi",17.5
2025,"Nusa Tenggara Barat",15.3
2025,"Sulawesi Barat",6.3
2025,"Maluku",6.1
2025,"Aceh",6
2025,"Papua",2.1
2025,"Gorontalo",0.6
2025,"Nusa Tenggara Timur",0
